transaction_id,customer_id,transaction_date,channel,direction,amount,counterparty_country,high_risk_geo_flag,case_id
TX313665,CUST10180,2026-03-05,Card,Credit,486.57,United States,0,CASE0001
TX319258,CUST10180,2026-04-27,Wire,Debit,16692.27,Russia,1,CASE0001
TX308576,CUST10180,2026-04-25,Check,Debit,17490.9,Russia,1,CASE0001
TX300037,CUST10180,2026-05-21,Wire,Debit,17159.88,United Arab Emirates,1,CASE0001
TX305454,CUST10180,2026-01-02,ACH,Credit,7202.91,United Kingdom,0,CASE0001
TX321844,CUST10180,2026-03-04,ACH,Credit,1700.61,Mexico,0,CASE0001
TX303642,CUST10180,2026-01-03,P2P,Debit,8794.94,Mexico,0,CASE0001
TX319203,CUST10180,2026-07-26,Card,Debit,10323.34,Russia,1,CASE0001
TX321083,CUST10180,2026-06-07,Check,Debit,11145.9,United Kingdom,0,CASE0001
TX311129,CUST10180,2026-01-12,ACH,Debit,1114.21,India,0,CASE0001
TX318466,CUST10180,2026-01-24,ACH,Debit,5977.13,United Kingdom,0,CASE0001
TX304083,CUST10180,2026-05-14,ACH,Credit,4489.37,Mexico,0,CASE0001
TX319179,CUST10180,2026-03-28,ACH,Credit,14409.56,United States,0,CASE0001
TX320015,CUST10180,2026-09-21,ACH,Credit,11919.26,United Arab Emirates,1,CASE0001
TX304265,CUST10180,2026-03-17,P2P,Credit,4510.47,Russia,1,CASE0001
TX321236,CUST10180,2026-07-22,ACH,Debit,1958.63,United Arab Emirates,1,CASE0001
TX302471,CUST10180,2026-04-07,Wire,Debit,2250.59,Mexico,0,CASE0001
TX304651,CUST10180,2026-06-20,Card,Debit,1951.77,China,0,CASE0001
TX302730,CUST10180,2026-02-01,Wire,Debit,18670.69,United States,0,CASE0001
TX318443,CUST10180,2026-06-03,ACH,Debit,7570.72,Mexico,0,CASE0001
TX307881,CUST10180,2026-08-10,Card,Credit,8432.93,Nigeria,1,CASE0001
TX304105,CUST10180,2026-09-11,P2P,Debit,13421.83,India,0,CASE0001
TX300761,CUST10180,2026-09-20,ACH,Debit,29408.44,United Arab Emirates,1,CASE0001
TX312322,CUST10180,2026-09-21,Cash Deposit,Credit,1050.84,United Arab Emirates,1,CASE0001
TX305822,CUST10882,2026-01-21,P2P,Credit,2725.73,United States,0,CASE0002
TX307595,CUST10882,2026-03-13,Card,Debit,55152.7,India,0,CASE0002
TX319120,CUST10882,2026-05-19,Card,Credit,5098.89,Nigeria,1,CASE0002
TX306013,CUST10882,2026-04-07,P2P,Credit,3076.5,Canada,0,CASE0002
TX316184,CUST10882,2026-05-27,Wire,Credit,20134.72,Russia,1,CASE0002
TX300863,CUST10882,2026-03-27,ACH,Debit,4221.09,India,0,CASE0002
TX316106,CUST10882,2026-03-17,P2P,Credit,90768.51,Mexico,0,CASE0002
TX301627,CUST10882,2026-05-15,ACH,Debit,982.09,Turkey,1,CASE0002
TX307762,CUST10882,2026-03-12,ACH,Debit,3284.5,Mexico,0,CASE0002
TX305804,CUST10882,2026-05-30,P2P,Debit,12745.54,China,0,CASE0002
TX303439,CUST10882,2026-07-12,Check,Debit,4591.62,Mexico,0,CASE0002
TX309429,CUST10882,2026-04-26,P2P,Credit,1392.74,United Arab Emirates,1,CASE0002
TX304708,CUST10882,2026-03-07,ACH,Credit,4431.31,China,0,CASE0002
TX312056,CUST10882,2026-03-22,P2P,Debit,12190.45,Nigeria,1,CASE0002
TX312487,CUST10882,2026-03-16,Wire,Debit,1972.56,United States,0,CASE0002
TX309252,CUST10882,2026-02-12,Wire,Debit,17230.14,Canada,0,CASE0002
TX314665,CUST10882,2026-04-22,Cash Deposit,Debit,24650.5,Russia,1,CASE0002
TX311572,CUST10882,2026-04-21,Cash Deposit,Debit,38253.15,India,0,CASE0002
TX318367,CUST10882,2026-06-07,ACH,Credit,10782.92,Canada,0,CASE0002
TX318624,CUST10882,2026-05-12,Cash Deposit,Credit,2459.62,Canada,0,CASE0002
TX312169,CUST10882,2026-09-02,P2P,Credit,3836.01,United States,0,CASE0002
TX319805,CUST10882,2026-06-19,Wire,Debit,3739.88,Russia,1,CASE0002
TX307353,CUST10882,2026-06-12,Cash Withdrawal,Debit,5183.06,Canada,0,CASE0002
TX300804,CUST10882,2026-01-29,Cash Deposit,Credit,4864.99,Canada,0,CASE0002
TX305659,CUST10882,2026-05-30,Card,Credit,5524.7,Mexico,0,CASE0002
TX303899,CUST10453,2026-05-31,Wire,Credit,8785.9,Nigeria,1,CASE0003
TX303961,CUST10453,2026-06-09,ACH,Credit,1062.81,United Arab Emirates,1,CASE0003
TX307707,CUST10453,2026-05-26,Cash Withdrawal,Debit,1981.65,Turkey,1,CASE0003
TX318817,CUST10453,2026-09-23,Wire,Debit,15098.71,Mexico,0,CASE0003
TX313642,CUST10453,2026-02-27,Cash Withdrawal,Debit,10717.57,China,0,CASE0003
TX316911,CUST10453,2026-08-04,Wire,Credit,1453.61,United States,0,CASE0003
TX310600,CUST10453,2026-05-03,Card,Debit,14322.59,India,0,CASE0003
TX316696,CUST10453,2026-04-08,Wire,Credit,12870.03,India,0,CASE0003
TX304087,CUST10453,2026-05-15,Cash Withdrawal,Debit,12527.25,Russia,1,CASE0003
TX310804,CUST10453,2026-08-19,Check,Credit,3378.99,Nigeria,1,CASE0003
TX320847,CUST10453,2026-01-19,P2P,Credit,8383.63,India,0,CASE0003
TX307305,CUST10453,2026-07-10,Check,Credit,929.04,United Kingdom,0,CASE0003
TX310590,CUST10453,2026-06-29,P2P,Debit,1672.96,United Arab Emirates,1,CASE0003
TX311503,CUST10453,2026-03-23,ACH,Debit,2088.41,Turkey,1,CASE0003
TX315209,CUST10453,2026-04-29,ACH,Debit,1300.14,Canada,0,CASE0003
TX306558,CUST10453,2026-04-07,P2P,Debit,3712.77,Turkey,1,CASE0003
TX309163,CUST10453,2026-04-08,Cash Withdrawal,Credit,8348.24,Mexico,0,CASE0003
TX314577,CUST10251,2026-05-24,Wire,Credit,15398.24,United Arab Emirates,1,CASE0004
TX317693,CUST10251,2026-09-20,Card,Debit,56230.18,Mexico,0,CASE0004
TX320246,CUST10251,2026-04-24,Wire,Credit,3657.8,China,0,CASE0004
TX319820,CUST10251,2026-04-01,Cash Deposit,Credit,3953.7,Turkey,1,CASE0004
TX314305,CUST10251,2026-01-08,Card,Credit,4699.12,United Arab Emirates,1,CASE0004
TX312720,CUST10251,2026-05-22,ACH,Credit,3366.23,Canada,0,CASE0004
TX307723,CUST10251,2026-02-21,Check,Credit,2647.46,Nigeria,1,CASE0004
TX307931,CUST10251,2026-04-19,Check,Debit,5907.68,Canada,0,CASE0004
TX303937,CUST10251,2026-08-14,Check,Credit,12224.2,United Kingdom,0,CASE0004
TX317409,CUST10251,2026-04-03,Cash Withdrawal,Debit,6682.05,Nigeria,1,CASE0004
TX307351,CUST10251,2026-08-26,Wire,Credit,34991.12,United Arab Emirates,1,CASE0004
TX308276,CUST10251,2026-05-07,Card,Credit,17517.78,India,0,CASE0004
TX301397,CUST10251,2026-05-21,Wire,Debit,5947.35,United States,0,CASE0004
TX315867,CUST10251,2026-01-25,Card,Credit,2586.31,China,0,CASE0004
TX319707,CUST10251,2026-03-26,ACH,Credit,31360.12,Russia,1,CASE0004
TX321200,CUST10251,2026-01-30,ACH,Debit,16580.61,United States,0,CASE0004
TX316246,CUST10251,2026-08-19,Cash Withdrawal,Debit,3234.77,Canada,0,CASE0004
TX305310,CUST10251,2026-06-13,Card,Debit,25988.63,Mexico,0,CASE0004
TX305464,CUST10251,2026-04-08,Wire,Debit,934.68,United States,0,CASE0004
TX304532,CUST10251,2026-08-25,Card,Debit,7836.23,Canada,0,CASE0004
TX301246,CUST10251,2026-03-26,Check,Credit,4130.96,United States,0,CASE0004
TX314066,CUST10251,2026-06-24,ACH,Credit,16108.86,United Arab Emirates,1,CASE0004
TX309962,CUST10251,2026-09-30,Wire,Credit,59232.03,India,0,CASE0004
TX300452,CUST10251,2026-01-17,P2P,Debit,4652.56,United Arab Emirates,1,CASE0004
TX314669,CUST10251,2026-02-16,Card,Debit,520.5,United Arab Emirates,1,CASE0004
TX318227,CUST10433,2026-09-03,ACH,Debit,7909.09,India,0,CASE0005
TX318124,CUST10433,2026-04-07,Cash Deposit,Debit,58462.28,United Kingdom,0,CASE0005
TX320251,CUST10433,2026-07-19,Check,Debit,4183.31,India,0,CASE0005
TX300036,CUST10433,2026-08-14,P2P,Debit,411269.25,Mexico,0,CASE0005
TX305792,CUST10433,2026-08-12,Wire,Credit,5155.71,Turkey,1,CASE0005
TX300406,CUST10433,2026-08-06,Cash Withdrawal,Credit,14023.97,United Arab Emirates,1,CASE0005
TX317550,CUST10433,2026-04-26,Wire,Credit,676.13,China,0,CASE0005
TX313706,CUST10433,2026-04-25,Wire,Debit,14320.13,Canada,0,CASE0005
TX307882,CUST10433,2026-06-17,ACH,Debit,4426.92,China,0,CASE0005
TX308743,CUST10433,2026-08-25,Wire,Credit,9110.9,Nigeria,1,CASE0005
TX307476,CUST10433,2026-02-27,Card,Debit,4964.07,Nigeria,1,CASE0005
TX311746,CUST10433,2026-01-24,ACH,Debit,3011.76,United States,0,CASE0005
TX304384,CUST10433,2026-06-06,P2P,Debit,9290.06,Nigeria,1,CASE0005
TX301683,CUST10433,2026-03-17,ACH,Debit,23913.9,Russia,1,CASE0005
TX321333,CUST10433,2026-09-17,P2P,Debit,8552.33,United Kingdom,0,CASE0005
TX305187,CUST10433,2026-09-18,Wire,Debit,4990.45,China,0,CASE0005
TX321349,CUST10433,2026-03-04,Wire,Debit,2662.99,United States,0,CASE0005
TX304791,CUST10433,2026-06-26,Check,Debit,1931.03,Mexico,0,CASE0005
TX300390,CUST10433,2026-08-14,Wire,Debit,2902.27,United Kingdom,0,CASE0005
TX300772,CUST10433,2026-03-05,Wire,Debit,101484.7,China,0,CASE0005
TX305415,CUST10433,2026-06-01,Check,Debit,1430.49,China,0,CASE0005
TX313077,CUST10433,2026-07-03,ACH,Credit,7072.35,Mexico,0,CASE0005
TX306474,CUST10433,2026-03-15,Wire,Credit,6824.68,China,0,CASE0005
TX311676,CUST10433,2026-09-22,ACH,Debit,2808.28,Turkey,1,CASE0005
TX314470,CUST10433,2026-04-22,Wire,Debit,4005.08,Russia,1,CASE0005
TX318283,CUST10261,2026-05-23,Check,Debit,9566.08,United Kingdom,0,CASE0006
TX317913,CUST10261,2026-02-04,ACH,Debit,9229.54,Turkey,1,CASE0006
TX307515,CUST10261,2026-07-01,ACH,Credit,3074.1,Turkey,1,CASE0006
TX315048,CUST10261,2026-09-24,Check,Credit,1565.93,China,0,CASE0006
TX314440,CUST10261,2026-07-17,Cash Deposit,Debit,2400.02,Russia,1,CASE0006
TX315382,CUST10261,2026-06-30,Cash Deposit,Debit,917.01,Nigeria,1,CASE0006
TX309018,CUST10261,2026-03-08,ACH,Debit,12457.34,United States,0,CASE0006
TX300686,CUST10261,2026-09-06,Wire,Credit,3797.46,Canada,0,CASE0006
TX301800,CUST10261,2026-08-01,Wire,Debit,8074.43,United Arab Emirates,1,CASE0006
TX314992,CUST10261,2026-09-18,Wire,Credit,4903.24,Turkey,1,CASE0006
TX319330,CUST10261,2026-01-19,ACH,Credit,5922.85,United States,0,CASE0006
TX315650,CUST10261,2026-02-24,P2P,Debit,15969.96,Nigeria,1,CASE0006
TX321790,CUST10261,2026-03-15,Wire,Credit,2144.14,United States,0,CASE0006
TX300545,CUST10261,2026-01-14,Cash Withdrawal,Debit,7252.98,Nigeria,1,CASE0006
TX300237,CUST10261,2026-03-23,Wire,Credit,2848.72,United Arab Emirates,1,CASE0006
TX300605,CUST10261,2026-09-05,Wire,Debit,3809.46,United Arab Emirates,1,CASE0006
TX308269,CUST10261,2026-05-03,Wire,Credit,4593.12,Canada,0,CASE0006
TX310474,CUST10261,2026-01-30,Wire,Debit,7296.14,China,0,CASE0006
TX317350,CUST10261,2026-09-07,ACH,Credit,1461.49,Nigeria,1,CASE0006
TX318158,CUST10261,2026-05-02,ACH,Credit,6013.93,Nigeria,1,CASE0006
TX318207,CUST10261,2026-09-02,Card,Debit,16263.71,Nigeria,1,CASE0006
TX317577,CUST10261,2026-08-25,Wire,Credit,1318.19,Turkey,1,CASE0006
TX320752,CUST10261,2026-03-28,Wire,Credit,2654.57,United Kingdom,0,CASE0006
TX320055,CUST10261,2026-05-15,Check,Credit,5322.82,China,0,CASE0006
TX303518,CUST10261,2026-05-20,Check,Debit,17166.81,United States,0,CASE0006
TX305199,CUST10676,2026-07-26,Wire,Debit,60262.64,United Kingdom,0,CASE0007
TX310371,CUST10676,2026-05-25,ACH,Debit,9779.37,Russia,1,CASE0007
TX304675,CUST10676,2026-08-13,Check,Debit,499.47,Canada,0,CASE0007
TX305884,CUST10676,2026-08-03,ACH,Credit,2032.75,Russia,1,CASE0007
TX305498,CUST10676,2026-07-18,ACH,Credit,14008.56,United Arab Emirates,1,CASE0007
TX321578,CUST10676,2026-04-19,P2P,Debit,46169.07,Mexico,0,CASE0007
TX302171,CUST10676,2026-05-30,ACH,Credit,4152.19,United States,0,CASE0007
TX311434,CUST10676,2026-06-05,P2P,Debit,11727.8,Mexico,0,CASE0007
TX313374,CUST10676,2026-04-18,Card,Debit,525.16,India,0,CASE0007
TX306999,CUST10676,2026-07-02,ACH,Debit,584.23,Mexico,0,CASE0007
TX321512,CUST10676,2026-09-16,Card,Debit,3000.37,Turkey,1,CASE0007
TX300367,CUST10676,2026-03-30,Wire,Credit,2954.25,United Arab Emirates,1,CASE0007
TX306478,CUST10676,2026-02-03,Cash Deposit,Credit,3036.8,United Arab Emirates,1,CASE0007
TX307187,CUST10676,2026-05-21,Card,Debit,2384.79,Turkey,1,CASE0007
TX309418,CUST10676,2026-05-23,P2P,Debit,10548.41,United Kingdom,0,CASE0007
TX303078,CUST10676,2026-03-31,Card,Credit,6257.81,China,0,CASE0007
TX308838,CUST10676,2026-02-18,Check,Debit,7049.69,Turkey,1,CASE0007
TX316342,CUST10676,2026-04-15,Wire,Credit,10458.54,United States,0,CASE0007
TX312061,CUST10676,2026-05-26,Card,Debit,2634.85,Mexico,0,CASE0007
TX316810,CUST10676,2026-04-08,Wire,Debit,25373.89,United States,0,CASE0007
TX319543,CUST10676,2026-05-16,Cash Deposit,Debit,3197.19,Canada,0,CASE0007
TX321487,CUST10676,2026-04-01,P2P,Debit,9936.54,United Arab Emirates,1,CASE0007
TX317052,CUST10676,2026-09-15,Wire,Debit,3882.0,Russia,1,CASE0007
TX311672,CUST10676,2026-04-13,Wire,Debit,4408.01,Turkey,1,CASE0007
TX307495,CUST10676,2026-02-05,Wire,Credit,21885.95,China,0,CASE0007
TX303268,CUST10229,2026-01-28,P2P,Credit,19190.06,China,0,CASE0008
TX314841,CUST10229,2026-08-03,Cash Deposit,Credit,1559.38,United States,0,CASE0008
TX318119,CUST10229,2026-02-22,Check,Credit,18527.85,United States,0,CASE0008
TX318510,CUST10229,2026-07-07,Check,Credit,5902.75,China,0,CASE0008
TX308710,CUST10229,2026-02-01,Check,Debit,23097.17,India,0,CASE0008
TX310344,CUST10229,2026-01-01,ACH,Credit,2826.8,United States,0,CASE0008
TX318208,CUST10229,2026-04-25,Wire,Debit,2898.89,United States,0,CASE0008
TX320520,CUST10229,2026-03-31,Cash Deposit,Credit,3196.73,United States,0,CASE0008
TX314280,CUST10229,2026-03-24,Wire,Debit,2717.37,Nigeria,1,CASE0008
TX306260,CUST10229,2026-06-16,Card,Credit,11930.21,India,0,CASE0008
TX301035,CUST10229,2026-05-19,Card,Debit,18247.87,Turkey,1,CASE0008
TX306062,CUST10229,2026-06-02,ACH,Credit,6437.57,United States,0,CASE0008
TX320473,CUST10229,2026-02-26,ACH,Credit,4856.76,Canada,0,CASE0008
TX311248,CUST10229,2026-03-28,Card,Credit,31739.08,United Arab Emirates,1,CASE0008
TX302093,CUST10229,2026-02-25,ACH,Debit,2977.99,Russia,1,CASE0008
TX318904,CUST10229,2026-09-20,Card,Credit,5393.25,Turkey,1,CASE0008
TX315297,CUST10229,2026-07-28,Cash Withdrawal,Credit,5340.63,China,0,CASE0008
TX314947,CUST10229,2026-03-08,Check,Debit,3089.81,United Kingdom,0,CASE0008
TX308298,CUST10229,2026-09-06,ACH,Credit,1395.45,United Kingdom,0,CASE0008
TX305970,CUST10229,2026-01-16,Wire,Credit,14026.71,Nigeria,1,CASE0008
TX303710,CUST10229,2026-02-20,ACH,Debit,8959.08,Canada,0,CASE0008
TX304129,CUST10229,2026-01-24,P2P,Credit,740.17,United States,0,CASE0008
TX319333,CUST10229,2026-09-12,Card,Debit,735.1,Russia,1,CASE0008
TX318897,CUST10229,2026-01-30,Cash Deposit,Debit,14153.28,United Arab Emirates,1,CASE0008
TX312349,CUST10229,2026-07-13,ACH,Debit,6396.33,Turkey,1,CASE0008
TX310530,CUST10184,2026-02-13,Check,Debit,9138.15,Turkey,1,CASE0009
TX311532,CUST10184,2026-03-29,Wire,Debit,132.86,Mexico,0,CASE0009
TX306167,CUST10184,2026-05-18,Card,Credit,2768.08,Russia,1,CASE0009
TX308225,CUST10184,2026-05-19,P2P,Debit,4972.66,Mexico,0,CASE0009
TX309474,CUST10184,2026-06-10,Cash Deposit,Debit,8032.46,United Arab Emirates,1,CASE0009
TX306468,CUST10184,2026-04-12,P2P,Debit,3737.55,United Kingdom,0,CASE0009
TX311420,CUST10184,2026-09-05,P2P,Credit,2561.42,Canada,0,CASE0009
TX307955,CUST10184,2026-07-03,Card,Credit,652.24,United States,0,CASE0009
TX303055,CUST10184,2026-01-25,ACH,Credit,8320.76,Canada,0,CASE0009
TX316789,CUST10184,2026-02-21,Card,Credit,26358.83,Mexico,0,CASE0009
TX311012,CUST10184,2026-06-23,Wire,Debit,2622.83,United Kingdom,0,CASE0009
TX300645,CUST10184,2026-08-16,P2P,Credit,15279.78,Turkey,1,CASE0009
TX312465,CUST10184,2026-01-06,Cash Deposit,Credit,2075.05,United States,0,CASE0009
TX309288,CUST10184,2026-02-28,Check,Credit,14505.31,Canada,0,CASE0009
TX301495,CUST10184,2026-06-11,Check,Debit,36692.86,Nigeria,1,CASE0009
TX318405,CUST10822,2026-09-30,P2P,Debit,3832.44,Turkey,1,CASE0010
TX309469,CUST10822,2026-05-28,ACH,Debit,5457.57,Mexico,0,CASE0010
TX310998,CUST10822,2026-06-17,Wire,Credit,9781.59,China,0,CASE0010
TX312229,CUST10822,2026-01-03,Cash Withdrawal,Debit,19351.14,United Arab Emirates,1,CASE0010
TX319595,CUST10822,2026-07-08,P2P,Debit,15373.09,United States,0,CASE0010
TX311200,CUST10822,2026-01-30,Cash Withdrawal,Credit,1870.46,India,0,CASE0010
TX309023,CUST10822,2026-03-18,Cash Withdrawal,Debit,1047.29,Russia,1,CASE0010
TX321217,CUST10822,2026-06-11,ACH,Debit,7095.33,United Kingdom,0,CASE0010
TX309545,CUST10822,2026-03-23,Wire,Credit,1098.82,Canada,0,CASE0010
TX320373,CUST10822,2026-03-08,ACH,Credit,6078.54,Mexico,0,CASE0010
TX313786,CUST10822,2026-03-03,P2P,Credit,2528.55,United Kingdom,0,CASE0010
TX305430,CUST10822,2026-04-07,ACH,Credit,5643.23,Russia,1,CASE0010
TX311009,CUST10822,2026-08-01,Check,Credit,1772.91,Turkey,1,CASE0010
TX310042,CUST10822,2026-04-06,Check,Credit,6449.49,India,0,CASE0010
TX312095,CUST10822,2026-07-31,Wire,Credit,19300.9,United Arab Emirates,1,CASE0010
TX306288,CUST10822,2026-09-19,Wire,Credit,11780.92,United Kingdom,0,CASE0010
TX309021,CUST10822,2026-07-09,Wire,Credit,3350.1,United Arab Emirates,1,CASE0010
TX321746,CUST10822,2026-07-21,ACH,Debit,5544.91,United Kingdom,0,CASE0010
TX307085,CUST10822,2026-09-16,Card,Credit,71354.51,United States,0,CASE0010
TX301102,CUST10822,2026-03-09,Cash Withdrawal,Credit,13162.85,China,0,CASE0010
TX319843,CUST10822,2026-08-03,P2P,Credit,16976.39,United Kingdom,0,CASE0010
TX321845,CUST10822,2026-03-04,Wire,Credit,3501.05,United Kingdom,0,CASE0010
TX320202,CUST10822,2026-03-30,Cash Withdrawal,Debit,2479.11,Mexico,0,CASE0010
TX311366,CUST10822,2026-02-27,Cash Deposit,Debit,5253.38,India,0,CASE0010
TX320591,CUST10822,2026-03-13,P2P,Debit,11514.48,United States,0,CASE0010
TX308180,CUST10352,2026-01-28,Wire,Credit,18773.49,China,0,CASE0011
TX310093,CUST10352,2026-05-21,Wire,Credit,12374.34,Russia,1,CASE0011
TX320446,CUST10352,2026-01-06,Card,Debit,17713.39,India,0,CASE0011
TX317218,CUST10352,2026-08-07,ACH,Credit,3243.81,United Arab Emirates,1,CASE0011
TX313508,CUST10352,2026-08-25,ACH,Debit,28076.78,United States,0,CASE0011
TX315663,CUST10352,2026-02-02,ACH,Credit,6572.77,Nigeria,1,CASE0011
TX313398,CUST10352,2026-09-26,Wire,Credit,3099.84,India,0,CASE0011
TX311112,CUST10352,2026-02-08,Check,Debit,2879.77,United States,0,CASE0011
TX314010,CUST10352,2026-06-22,Cash Withdrawal,Credit,8623.33,United States,0,CASE0011
TX317001,CUST10352,2026-07-05,Card,Debit,3442.31,Turkey,1,CASE0011
TX311479,CUST10352,2026-07-24,Wire,Credit,3855.69,United Arab Emirates,1,CASE0011
TX318342,CUST10352,2026-02-23,ACH,Credit,13033.01,Mexico,0,CASE0011
TX314711,CUST10352,2026-05-11,Card,Credit,4242.75,Turkey,1,CASE0011
TX312614,CUST10352,2026-02-07,Wire,Debit,2857.64,United States,0,CASE0011
TX314570,CUST10352,2026-02-22,ACH,Debit,2890.55,Nigeria,1,CASE0011
TX315109,CUST10352,2026-09-02,Wire,Credit,8222.29,Nigeria,1,CASE0011
TX320500,CUST10352,2026-03-16,Wire,Debit,460.6,India,0,CASE0011
TX311763,CUST10352,2026-05-31,P2P,Credit,40517.13,Nigeria,1,CASE0011
TX321806,CUST10352,2026-07-29,P2P,Debit,4956.75,United Arab Emirates,1,CASE0011
TX314287,CUST10352,2026-07-22,Card,Credit,17169.5,Russia,1,CASE0011
TX316031,CUST10490,2026-03-02,ACH,Debit,2992.42,Turkey,1,CASE0012
TX315064,CUST10490,2026-05-30,Check,Credit,1159.77,United Arab Emirates,1,CASE0012
TX321810,CUST10490,2026-01-14,Cash Deposit,Debit,28091.83,India,0,CASE0012
TX305673,CUST10490,2026-05-16,Wire,Debit,24626.04,United Arab Emirates,1,CASE0012
TX309497,CUST10490,2026-01-19,Cash Deposit,Debit,1784.36,United Arab Emirates,1,CASE0012
TX304746,CUST10490,2026-03-11,Card,Debit,15439.18,United Arab Emirates,1,CASE0012
TX309487,CUST10490,2026-08-29,Wire,Credit,26999.45,India,0,CASE0012
TX312706,CUST10490,2026-04-25,P2P,Debit,11189.74,Nigeria,1,CASE0012
TX310737,CUST10490,2026-09-15,Wire,Credit,12357.9,China,0,CASE0012
TX319280,CUST10490,2026-03-26,Check,Credit,6734.36,China,0,CASE0012
TX308067,CUST10490,2026-03-03,ACH,Debit,7322.2,India,0,CASE0012
TX308405,CUST10490,2026-06-23,Cash Deposit,Debit,2312.84,China,0,CASE0012
TX307782,CUST10490,2026-02-05,Cash Deposit,Debit,2437.45,China,0,CASE0012
TX303948,CUST10490,2026-05-02,Cash Deposit,Credit,17858.14,Russia,1,CASE0012
TX315672,CUST10490,2026-09-03,ACH,Credit,6834.78,Nigeria,1,CASE0012
TX314187,CUST10490,2026-02-28,P2P,Debit,5630.37,India,0,CASE0012
TX300625,CUST10490,2026-03-05,Card,Credit,3995.39,India,0,CASE0012
TX321177,CUST10490,2026-08-11,Check,Debit,675.42,United Arab Emirates,1,CASE0012
TX300193,CUST10527,2026-01-23,Wire,Debit,11947.06,Mexico,0,CASE0013
TX319528,CUST10527,2026-04-16,Cash Withdrawal,Debit,2916.1,India,0,CASE0013
TX313277,CUST10527,2026-06-29,Cash Deposit,Credit,5370.82,Turkey,1,CASE0013
TX317801,CUST10527,2026-08-20,ACH,Credit,1273.71,United Kingdom,0,CASE0013
TX307989,CUST10527,2026-04-05,Wire,Credit,8081.08,United Kingdom,0,CASE0013
TX310263,CUST10527,2026-07-26,Cash Withdrawal,Debit,25863.94,Mexico,0,CASE0013
TX301285,CUST10527,2026-09-06,ACH,Credit,26922.05,Russia,1,CASE0013
TX304390,CUST10527,2026-09-23,P2P,Debit,37772.7,India,0,CASE0013
TX314540,CUST10527,2026-04-10,Cash Deposit,Credit,888.32,Mexico,0,CASE0013
TX319418,CUST10527,2026-02-22,P2P,Credit,17410.14,United Kingdom,0,CASE0013
TX313580,CUST10527,2026-05-18,Cash Withdrawal,Credit,4448.69,United States,0,CASE0013
TX309489,CUST10527,2026-01-04,Check,Debit,28090.72,Nigeria,1,CASE0013
TX310166,CUST10527,2026-03-08,Wire,Debit,2734.03,Turkey,1,CASE0013
TX320229,CUST10527,2026-02-28,Cash Deposit,Credit,889.27,United Arab Emirates,1,CASE0013
TX300622,CUST10527,2026-07-13,Card,Debit,17869.31,United Arab Emirates,1,CASE0013
TX320699,CUST10527,2026-08-12,Wire,Credit,2553.7,China,0,CASE0013
TX310116,CUST10527,2026-07-16,P2P,Debit,5506.57,Russia,1,CASE0013
TX303648,CUST10527,2026-04-18,Cash Deposit,Credit,1238.31,Russia,1,CASE0013
TX315469,CUST10527,2026-05-15,Wire,Credit,2800.52,United Arab Emirates,1,CASE0013
TX306789,CUST10527,2026-03-27,Check,Debit,2833.59,United Arab Emirates,1,CASE0013
TX317447,CUST10527,2026-04-04,P2P,Debit,1754.3,Turkey,1,CASE0013
TX310011,CUST10527,2026-04-19,ACH,Debit,13870.52,United States,0,CASE0013
TX317173,CUST10527,2026-04-29,Card,Debit,9335.59,Turkey,1,CASE0013
TX319222,CUST10081,2026-05-15,Wire,Debit,2887.21,India,0,CASE0014
TX310395,CUST10081,2026-01-20,P2P,Credit,962.7,Turkey,1,CASE0014
TX311858,CUST10081,2026-07-09,Cash Deposit,Debit,1629.76,Nigeria,1,CASE0014
TX316731,CUST10081,2026-03-08,ACH,Credit,8874.53,Mexico,0,CASE0014
TX319272,CUST10081,2026-01-23,Cash Deposit,Debit,1800.73,China,0,CASE0014
TX314650,CUST10081,2026-01-14,ACH,Credit,19837.37,United Arab Emirates,1,CASE0014
TX310204,CUST10081,2026-05-03,Cash Deposit,Debit,17839.29,India,0,CASE0014
TX320577,CUST10081,2026-07-21,ACH,Debit,12265.35,Russia,1,CASE0014
TX310411,CUST10081,2026-07-03,Check,Credit,11247.88,Canada,0,CASE0014
TX320207,CUST10081,2026-01-02,P2P,Debit,26556.01,United Arab Emirates,1,CASE0014
TX317641,CUST10081,2026-05-08,Wire,Credit,4782.22,Russia,1,CASE0014
TX305449,CUST10081,2026-07-10,Wire,Credit,15007.65,Turkey,1,CASE0014
TX312785,CUST10081,2026-09-30,Cash Deposit,Credit,1161.72,United States,0,CASE0014
TX311125,CUST10081,2026-09-01,ACH,Debit,7956.38,Turkey,1,CASE0014
TX316399,CUST10081,2026-01-03,Check,Credit,2083.75,United Arab Emirates,1,CASE0014
TX307436,CUST10081,2026-06-05,ACH,Credit,8489.69,Turkey,1,CASE0014
TX309155,CUST10081,2026-03-13,Cash Deposit,Debit,2504.59,United Kingdom,0,CASE0014
TX321581,CUST10081,2026-02-17,P2P,Credit,23170.57,Canada,0,CASE0014
TX307834,CUST10081,2026-04-25,Wire,Credit,4372.99,India,0,CASE0014
TX303330,CUST10081,2026-03-28,Check,Credit,1470.99,Turkey,1,CASE0014
TX321608,CUST10081,2026-08-27,Card,Credit,1407.56,United States,0,CASE0014
TX315561,CUST10081,2026-02-24,P2P,Credit,3585.9,United Kingdom,0,CASE0014
TX303156,CUST10081,2026-08-27,P2P,Debit,24922.79,Canada,0,CASE0014
TX306975,CUST10081,2026-05-11,Check,Debit,2532.14,Turkey,1,CASE0014
TX313697,CUST10062,2026-02-04,Wire,Debit,42358.39,Turkey,1,CASE0015
TX316654,CUST10062,2026-06-05,Check,Debit,13702.48,Turkey,1,CASE0015
TX307157,CUST10062,2026-04-06,P2P,Credit,1447.6,United Kingdom,0,CASE0015
TX306303,CUST10062,2026-01-23,Wire,Debit,3567.18,United States,0,CASE0015
TX303237,CUST10062,2026-05-18,Wire,Debit,3793.69,Canada,0,CASE0015
TX319619,CUST10062,2026-02-06,ACH,Debit,6438.35,India,0,CASE0015
TX311099,CUST10062,2026-09-07,Cash Withdrawal,Debit,11518.04,United Kingdom,0,CASE0015
TX303350,CUST10062,2026-01-28,P2P,Credit,17362.51,United States,0,CASE0015
TX313640,CUST10062,2026-07-06,Card,Debit,6794.04,Russia,1,CASE0015
TX314313,CUST10062,2026-01-16,ACH,Credit,2434.5,Turkey,1,CASE0015
TX304854,CUST10062,2026-05-06,Cash Deposit,Debit,10528.44,United Arab Emirates,1,CASE0015
TX311964,CUST10062,2026-09-21,P2P,Credit,13895.17,Turkey,1,CASE0015
TX320306,CUST10062,2026-08-06,Cash Deposit,Debit,3024.33,China,0,CASE0015
TX307980,CUST10062,2026-09-23,ACH,Debit,24764.83,United Kingdom,0,CASE0015
TX310102,CUST10062,2026-07-19,Check,Debit,2257.24,India,0,CASE0015
TX320505,CUST10062,2026-05-12,P2P,Debit,4470.28,United Arab Emirates,1,CASE0015
TX314140,CUST10736,2026-08-22,Check,Debit,3661.15,China,0,CASE0016
TX301003,CUST10736,2026-04-14,Wire,Credit,2370.87,United Kingdom,0,CASE0016
TX320933,CUST10736,2026-07-19,ACH,Debit,52062.73,Nigeria,1,CASE0016
TX302062,CUST10736,2026-05-11,ACH,Credit,1003.64,Mexico,0,CASE0016
TX301160,CUST10736,2026-09-15,Check,Credit,11893.32,Russia,1,CASE0016
TX304387,CUST10736,2026-02-06,Card,Debit,18363.32,India,0,CASE0016
TX312845,CUST10736,2026-08-14,Cash Deposit,Credit,8661.29,Canada,0,CASE0016
TX314654,CUST10736,2026-04-04,Check,Debit,2363.99,Mexico,0,CASE0016
TX313820,CUST10736,2026-08-15,Check,Credit,9214.82,India,0,CASE0016
TX316319,CUST10736,2026-04-23,Wire,Debit,13736.13,Turkey,1,CASE0016
TX308860,CUST10736,2026-08-06,ACH,Credit,55054.31,Russia,1,CASE0016
TX315576,CUST10736,2026-01-18,Cash Deposit,Credit,14067.48,United States,0,CASE0016
TX314666,CUST10736,2026-01-20,Cash Deposit,Debit,4267.95,United Kingdom,0,CASE0016
TX314025,CUST10736,2026-01-31,P2P,Credit,8294.6,Canada,0,CASE0016
TX314778,CUST10736,2026-06-05,ACH,Debit,397.1,United States,0,CASE0016
TX308027,CUST10736,2026-05-01,ACH,Credit,13576.65,United States,0,CASE0016
TX321807,CUST10736,2026-03-19,ACH,Debit,22411.65,Nigeria,1,CASE0016
TX310078,CUST10736,2026-02-21,Cash Withdrawal,Credit,15817.44,China,0,CASE0016
TX308585,CUST10736,2026-08-27,P2P,Debit,1766.77,United Arab Emirates,1,CASE0016
TX306358,CUST10736,2026-07-28,Card,Credit,6757.21,Turkey,1,CASE0016
TX311655,CUST10736,2026-08-25,Wire,Debit,10415.09,Nigeria,1,CASE0016
TX321580,CUST10736,2026-07-10,Cash Withdrawal,Credit,5132.96,United Kingdom,0,CASE0016
TX303856,CUST10736,2026-09-10,Cash Withdrawal,Credit,4183.87,United Kingdom,0,CASE0016
TX315907,CUST10109,2026-07-06,P2P,Credit,840.83,Nigeria,1,CASE0017
TX320605,CUST10109,2026-01-19,ACH,Debit,3589.68,United Arab Emirates,1,CASE0017
TX319114,CUST10109,2026-07-05,Wire,Credit,5953.89,India,0,CASE0017
TX317817,CUST10109,2026-04-16,Cash Withdrawal,Credit,5632.33,India,0,CASE0017
TX306351,CUST10109,2026-06-14,ACH,Debit,8103.4,Mexico,0,CASE0017
TX320089,CUST10109,2026-03-12,Card,Credit,7930.05,India,0,CASE0017
TX306928,CUST10109,2026-03-03,Cash Deposit,Credit,11110.19,United States,0,CASE0017
TX315936,CUST10109,2026-05-05,P2P,Credit,3936.09,Turkey,1,CASE0017
TX312171,CUST10109,2026-05-17,Cash Deposit,Debit,5468.86,United Kingdom,0,CASE0017
TX319939,CUST10109,2026-02-28,Cash Deposit,Debit,1467.06,China,0,CASE0017
TX314728,CUST10109,2026-08-05,ACH,Debit,14805.13,Canada,0,CASE0017
TX319520,CUST10109,2026-04-17,Wire,Credit,11409.3,Russia,1,CASE0017
TX316726,CUST10109,2026-05-20,Cash Deposit,Credit,38950.37,Mexico,0,CASE0017
TX314186,CUST10109,2026-06-18,P2P,Credit,72743.97,United Kingdom,0,CASE0017
TX300026,CUST10109,2026-05-15,ACH,Debit,85913.87,Nigeria,1,CASE0017
TX306367,CUST10109,2026-07-05,P2P,Credit,1097.29,Canada,0,CASE0017
TX306655,CUST10109,2026-09-22,Wire,Credit,5916.31,United Kingdom,0,CASE0017
TX321629,CUST10109,2026-06-12,Card,Debit,3129.67,Canada,0,CASE0017
TX308609,CUST10109,2026-05-04,Wire,Debit,2011.21,Russia,1,CASE0017
TX314279,CUST10109,2026-07-30,Cash Deposit,Credit,6848.59,Nigeria,1,CASE0017
TX301524,CUST10109,2026-09-06,Cash Withdrawal,Debit,49335.77,China,0,CASE0017
TX307567,CUST10109,2026-02-01,Wire,Debit,38181.38,Russia,1,CASE0017
TX303638,CUST10109,2026-05-28,Check,Credit,1511.45,Mexico,0,CASE0017
TX306382,CUST10109,2026-01-04,Wire,Credit,65675.73,United Kingdom,0,CASE0017
TX319383,CUST10271,2026-06-20,Card,Debit,4296.87,United Arab Emirates,1,CASE0018
TX313549,CUST10271,2026-04-03,Wire,Credit,2734.58,Russia,1,CASE0018
TX321401,CUST10271,2026-01-17,Cash Withdrawal,Debit,7641.57,Mexico,0,CASE0018
TX307375,CUST10271,2026-02-14,Wire,Debit,7483.48,India,0,CASE0018
TX305870,CUST10271,2026-05-29,Card,Debit,5533.95,India,0,CASE0018
TX312276,CUST10271,2026-01-27,Wire,Debit,1767.62,United Kingdom,0,CASE0018
TX302210,CUST10271,2026-07-23,ACH,Debit,821.49,Russia,1,CASE0018
TX300353,CUST10271,2026-06-03,ACH,Debit,12116.71,China,0,CASE0018
TX314506,CUST10271,2026-05-14,Card,Credit,3304.3,Russia,1,CASE0018
TX315404,CUST10271,2026-02-03,P2P,Debit,6851.92,Mexico,0,CASE0018
TX304485,CUST10271,2026-08-03,Cash Withdrawal,Credit,21147.2,United Kingdom,0,CASE0018
TX308212,CUST10271,2026-06-08,ACH,Debit,4251.65,Canada,0,CASE0018
TX320972,CUST10271,2026-04-27,Card,Credit,5574.06,Nigeria,1,CASE0018
TX316595,CUST10271,2026-09-03,P2P,Debit,7187.15,Turkey,1,CASE0018
TX302161,CUST10271,2026-01-08,ACH,Credit,25593.61,China,0,CASE0018
TX305841,CUST10271,2026-05-09,P2P,Credit,1260.06,Nigeria,1,CASE0018
TX313873,CUST10271,2026-06-23,Wire,Credit,5693.02,China,0,CASE0018
TX305791,CUST10271,2026-05-28,Cash Withdrawal,Credit,20435.73,United Arab Emirates,1,CASE0018
TX321227,CUST10271,2026-07-28,Wire,Debit,22281.45,Turkey,1,CASE0018
TX313368,CUST10271,2026-09-01,Wire,Credit,4876.11,Russia,1,CASE0018
TX318019,CUST10271,2026-05-31,Cash Deposit,Debit,3498.78,United Kingdom,0,CASE0018
TX311358,CUST10271,2026-08-02,ACH,Credit,4714.44,Mexico,0,CASE0018
TX316793,CUST10271,2026-05-09,ACH,Credit,1361.32,India,0,CASE0018
TX317497,CUST10271,2026-06-15,Card,Debit,12065.18,Nigeria,1,CASE0018
TX304744,CUST10205,2026-01-20,Check,Credit,15802.57,Russia,1,CASE0019
TX300018,CUST10205,2026-05-17,Card,Debit,8326.56,Turkey,1,CASE0019
TX308065,CUST10205,2026-07-01,Card,Credit,10874.79,India,0,CASE0019
TX313522,CUST10205,2026-03-11,Cash Deposit,Credit,3659.92,United Kingdom,0,CASE0019
TX304803,CUST10205,2026-04-30,Check,Debit,4396.19,United States,0,CASE0019
TX300202,CUST10205,2026-06-24,Cash Deposit,Debit,10841.62,United Arab Emirates,1,CASE0019
TX319431,CUST10205,2026-09-04,Wire,Debit,2895.75,China,0,CASE0019
TX302677,CUST10205,2026-03-27,Check,Debit,2553.02,Nigeria,1,CASE0019
TX302187,CUST10205,2026-07-29,Cash Deposit,Debit,15771.15,Canada,0,CASE0019
TX302249,CUST10205,2026-07-09,Cash Deposit,Debit,3318.94,United Arab Emirates,1,CASE0019
TX316915,CUST10205,2026-06-04,ACH,Debit,8141.35,United Arab Emirates,1,CASE0019
TX316269,CUST10205,2026-02-11,Cash Deposit,Debit,20029.06,United Kingdom,0,CASE0019
TX300274,CUST10205,2026-04-02,P2P,Credit,8400.3,India,0,CASE0019
TX319449,CUST10205,2026-06-06,Cash Deposit,Credit,8826.2,Turkey,1,CASE0019
TX305967,CUST10205,2026-08-08,Cash Withdrawal,Debit,29918.71,United Kingdom,0,CASE0019
TX305956,CUST10205,2026-05-22,Cash Withdrawal,Credit,1683.69,Nigeria,1,CASE0019
TX310890,CUST10205,2026-08-05,Wire,Credit,683.05,Nigeria,1,CASE0019
TX317356,CUST10205,2026-09-08,Cash Deposit,Credit,3166.67,Russia,1,CASE0019
TX302672,CUST10205,2026-09-26,Cash Deposit,Debit,4544.02,Mexico,0,CASE0019
TX307330,CUST10670,2026-02-28,ACH,Debit,1977.37,China,0,CASE0020
TX302562,CUST10670,2026-06-24,P2P,Credit,20390.74,United Kingdom,0,CASE0020
TX308116,CUST10670,2026-08-19,ACH,Debit,6341.6,Nigeria,1,CASE0020
TX306823,CUST10670,2026-06-17,Cash Withdrawal,Debit,6311.14,Turkey,1,CASE0020
TX314914,CUST10670,2026-06-30,Cash Deposit,Debit,4541.02,Russia,1,CASE0020
TX306574,CUST10670,2026-07-28,ACH,Debit,14415.63,United Kingdom,0,CASE0020
TX305915,CUST10670,2026-07-07,Card,Credit,10276.73,China,0,CASE0020
TX308975,CUST10670,2026-04-19,Cash Withdrawal,Credit,2934.6,United Kingdom,0,CASE0020
TX317897,CUST10670,2026-04-18,Check,Debit,9028.95,Turkey,1,CASE0020
TX312371,CUST10670,2026-04-24,Cash Withdrawal,Debit,20869.07,Canada,0,CASE0020
TX317460,CUST10670,2026-07-24,Card,Debit,5596.48,Nigeria,1,CASE0020
TX305399,CUST10670,2026-09-22,ACH,Debit,42083.95,Canada,0,CASE0020
TX301776,CUST10670,2026-01-21,Cash Deposit,Credit,10775.16,India,0,CASE0020
TX310908,CUST10670,2026-04-20,P2P,Credit,40523.42,China,0,CASE0020
TX319354,CUST10670,2026-02-13,Wire,Credit,63543.09,Mexico,0,CASE0020
TX307065,CUST10670,2026-07-16,Wire,Credit,6794.11,United Kingdom,0,CASE0020
TX308773,CUST10670,2026-03-10,Cash Deposit,Credit,7513.37,India,0,CASE0020
TX320186,CUST10670,2026-02-08,Check,Debit,1607.84,India,0,CASE0020
TX307083,CUST10670,2026-04-11,Cash Withdrawal,Credit,4139.92,Nigeria,1,CASE0020
TX312346,CUST10670,2026-01-02,ACH,Debit,6861.44,United Arab Emirates,1,CASE0020
TX318823,CUST10670,2026-04-07,Wire,Credit,1059.82,United States,0,CASE0020
TX308689,CUST10670,2026-03-22,Cash Deposit,Credit,2999.1,United States,0,CASE0020
TX318861,CUST10670,2026-08-18,Cash Deposit,Credit,18348.8,China,0,CASE0020
TX316766,CUST10670,2026-01-31,Check,Credit,16516.8,United Arab Emirates,1,CASE0020
TX312273,CUST10670,2026-02-22,ACH,Debit,4480.71,United Kingdom,0,CASE0020
TX301208,CUST10072,2026-04-30,Cash Withdrawal,Debit,1116.16,Turkey,1,CASE0021
TX309627,CUST10072,2026-01-01,Wire,Debit,46605.99,United Arab Emirates,1,CASE0021
TX303908,CUST10072,2026-04-27,Cash Deposit,Debit,6267.98,Canada,0,CASE0021
TX304787,CUST10072,2026-06-19,Card,Credit,15146.4,Russia,1,CASE0021
TX302127,CUST10072,2026-04-25,Wire,Debit,26985.55,United Arab Emirates,1,CASE0021
TX307113,CUST10072,2026-03-24,ACH,Debit,19234.77,Russia,1,CASE0021
TX314752,CUST10072,2026-07-11,Check,Credit,39212.5,United Kingdom,0,CASE0021
TX305946,CUST10072,2026-07-08,Cash Withdrawal,Debit,8677.19,United Kingdom,0,CASE0021
TX301523,CUST10072,2026-05-31,Cash Deposit,Credit,4831.22,Mexico,0,CASE0021
TX300043,CUST10072,2026-05-23,Card,Debit,2864.05,Nigeria,1,CASE0021
TX321337,CUST10072,2026-05-18,ACH,Credit,1803.04,United Kingdom,0,CASE0021
TX305032,CUST10072,2026-04-22,Wire,Credit,8930.71,China,0,CASE0021
TX311152,CUST10072,2026-02-01,P2P,Credit,20843.25,China,0,CASE0021
TX309306,CUST10072,2026-09-01,Wire,Debit,7374.09,Canada,0,CASE0021
TX320434,CUST10072,2026-05-22,Wire,Debit,1528.97,Nigeria,1,CASE0021
TX316725,CUST10072,2026-02-17,ACH,Debit,2367.26,Mexico,0,CASE0021
TX318530,CUST10072,2026-01-22,ACH,Credit,27629.55,United States,0,CASE0021
TX300209,CUST10106,2026-08-17,Check,Credit,38649.98,India,0,CASE0022
TX312966,CUST10106,2026-03-05,ACH,Credit,14867.8,Mexico,0,CASE0022
TX302067,CUST10106,2026-05-05,ACH,Credit,778.01,Canada,0,CASE0022
TX300044,CUST10106,2026-03-23,Cash Deposit,Credit,4261.7,Nigeria,1,CASE0022
TX311330,CUST10106,2026-03-12,Card,Debit,2666.48,Canada,0,CASE0022
TX307513,CUST10106,2026-05-06,ACH,Credit,2809.5,Turkey,1,CASE0022
TX311246,CUST10106,2026-09-19,Wire,Credit,5166.28,China,0,CASE0022
TX311113,CUST10106,2026-03-27,Cash Deposit,Debit,4615.13,Mexico,0,CASE0022
TX318057,CUST10106,2026-04-18,Cash Deposit,Debit,5997.63,Nigeria,1,CASE0022
TX313190,CUST10106,2026-08-06,Check,Credit,15002.99,India,0,CASE0022
TX312982,CUST10106,2026-01-18,Card,Debit,10257.87,Canada,0,CASE0022
TX306219,CUST10106,2026-07-18,Wire,Debit,5683.44,United Kingdom,0,CASE0022
TX307748,CUST10106,2026-07-10,Card,Credit,1177.84,China,0,CASE0022
TX306178,CUST10106,2026-04-29,P2P,Credit,10634.17,United Arab Emirates,1,CASE0022
TX302750,CUST10106,2026-03-29,Check,Debit,11514.7,Turkey,1,CASE0022
TX302933,CUST10106,2026-08-02,Check,Debit,3812.22,China,0,CASE0022
TX307912,CUST10106,2026-08-07,ACH,Credit,41898.94,Russia,1,CASE0022
TX317837,CUST10106,2026-06-27,Check,Credit,2300.96,United Kingdom,0,CASE0022
TX307552,CUST10106,2026-01-28,P2P,Credit,7859.76,United Arab Emirates,1,CASE0022
TX310396,CUST10106,2026-04-03,Check,Debit,2989.08,China,0,CASE0022
TX312290,CUST10106,2026-06-14,Cash Withdrawal,Credit,6241.88,China,0,CASE0022
TX313579,CUST10106,2026-04-26,Cash Deposit,Debit,12318.77,Russia,1,CASE0022
TX317625,CUST10106,2026-07-29,Cash Deposit,Debit,5405.96,Mexico,0,CASE0022
TX304136,CUST10106,2026-01-07,Cash Deposit,Credit,5979.25,India,0,CASE0022
TX317319,CUST10106,2026-07-15,P2P,Credit,1284.86,India,0,CASE0022
TX313039,CUST10264,2026-02-13,P2P,Credit,9235.5,Russia,1,CASE0023
TX307907,CUST10264,2026-05-04,P2P,Credit,1595.46,China,0,CASE0023
TX321571,CUST10264,2026-06-11,Cash Deposit,Credit,10835.64,Russia,1,CASE0023
TX308266,CUST10264,2026-01-09,Check,Credit,13445.17,United Arab Emirates,1,CASE0023
TX313242,CUST10264,2026-04-23,Wire,Debit,1019.63,Turkey,1,CASE0023
TX314687,CUST10264,2026-02-21,ACH,Debit,5720.06,Canada,0,CASE0023
TX320141,CUST10264,2026-09-27,Card,Credit,8719.48,Nigeria,1,CASE0023
TX312871,CUST10264,2026-04-22,Card,Credit,5561.63,India,0,CASE0023
TX321659,CUST10264,2026-06-02,Wire,Credit,1990.84,United Kingdom,0,CASE0023
TX317821,CUST10264,2026-09-13,ACH,Debit,55511.3,Russia,1,CASE0023
TX315104,CUST10264,2026-01-29,Cash Deposit,Debit,1588.85,China,0,CASE0023
TX308525,CUST10264,2026-09-11,Cash Deposit,Debit,7864.52,China,0,CASE0023
TX321539,CUST10264,2026-04-26,Wire,Debit,22365.94,China,0,CASE0023
TX308808,CUST10264,2026-03-13,P2P,Credit,1515.03,United States,0,CASE0023
TX305327,CUST10264,2026-04-30,Cash Deposit,Credit,7574.12,Russia,1,CASE0023
TX310164,CUST10264,2026-02-15,Card,Credit,6682.3,Nigeria,1,CASE0023
TX319484,CUST10264,2026-04-12,P2P,Credit,1611.05,China,0,CASE0023
TX310285,CUST10264,2026-05-20,ACH,Debit,18325.13,United Kingdom,0,CASE0023
TX307652,CUST10264,2026-06-24,P2P,Credit,2061.65,Turkey,1,CASE0023
TX302836,CUST10264,2026-01-21,Card,Credit,15064.92,China,0,CASE0023
TX318235,CUST10264,2026-05-09,Cash Deposit,Debit,40754.46,India,0,CASE0023
TX320787,CUST10264,2026-03-27,ACH,Debit,14004.01,Canada,0,CASE0023
TX315488,CUST10264,2026-09-24,Cash Deposit,Debit,15642.35,Canada,0,CASE0023
TX319092,CUST10264,2026-01-25,Cash Deposit,Credit,2735.8,United Arab Emirates,1,CASE0023
TX306482,CUST10264,2026-04-04,Wire,Credit,5201.42,United Arab Emirates,1,CASE0023
TX302985,CUST10790,2026-06-25,Check,Debit,2364.89,Canada,0,CASE0024
TX308914,CUST10790,2026-04-20,Cash Withdrawal,Debit,8167.28,Turkey,1,CASE0024
TX305733,CUST10790,2026-05-17,ACH,Credit,6959.81,United Arab Emirates,1,CASE0024
TX318752,CUST10790,2026-03-12,Wire,Debit,3358.51,United Kingdom,0,CASE0024
TX313274,CUST10790,2026-06-03,Cash Deposit,Credit,7805.35,Nigeria,1,CASE0024
TX302924,CUST10790,2026-05-11,P2P,Debit,80485.77,United States,0,CASE0024
TX303615,CUST10790,2026-04-20,Card,Debit,20771.55,Mexico,0,CASE0024
TX306791,CUST10790,2026-01-25,P2P,Debit,9184.21,United Kingdom,0,CASE0024
TX316515,CUST10790,2026-04-01,Check,Debit,5402.17,United Arab Emirates,1,CASE0024
TX320313,CUST10790,2026-08-03,Wire,Debit,2547.26,India,0,CASE0024
TX301169,CUST10790,2026-06-10,Cash Deposit,Debit,1506.34,United Arab Emirates,1,CASE0024
TX317562,CUST10790,2026-07-28,Card,Debit,12734.0,Nigeria,1,CASE0024
TX312289,CUST10790,2026-06-14,ACH,Debit,1224.72,India,0,CASE0024
TX320061,CUST10790,2026-09-23,P2P,Debit,4113.27,Russia,1,CASE0024
TX300230,CUST10790,2026-04-10,Check,Debit,679.19,India,0,CASE0024
TX313210,CUST10319,2026-05-18,Cash Deposit,Credit,13303.31,Turkey,1,CASE0025
TX320152,CUST10319,2026-06-12,Cash Withdrawal,Debit,2081.63,India,0,CASE0025
TX302564,CUST10319,2026-05-16,P2P,Credit,12338.42,India,0,CASE0025
TX307062,CUST10319,2026-06-17,P2P,Credit,28852.87,United Arab Emirates,1,CASE0025
TX309950,CUST10319,2026-03-03,Cash Withdrawal,Credit,1743.04,United Arab Emirates,1,CASE0025
TX307277,CUST10319,2026-03-05,Card,Credit,3410.04,United States,0,CASE0025
TX305598,CUST10319,2026-09-18,P2P,Credit,3978.01,Mexico,0,CASE0025
TX304870,CUST10319,2026-07-15,Check,Credit,6514.0,Russia,1,CASE0025
TX310619,CUST10319,2026-01-06,Cash Deposit,Debit,4998.07,China,0,CASE0025
TX304117,CUST10319,2026-02-07,Card,Credit,3376.21,Mexico,0,CASE0025
TX307806,CUST10319,2026-09-04,Wire,Credit,5387.31,Russia,1,CASE0025
TX320106,CUST10319,2026-01-18,Check,Debit,7096.98,Nigeria,1,CASE0025
TX315544,CUST10319,2026-05-15,P2P,Debit,14853.08,Canada,0,CASE0025
TX320773,CUST10319,2026-08-25,ACH,Debit,38586.33,Canada,0,CASE0025
TX300684,CUST10319,2026-01-16,Wire,Debit,2773.05,China,0,CASE0025
TX300187,CUST10319,2026-03-30,Cash Deposit,Debit,1906.46,United Kingdom,0,CASE0025
TX301270,CUST10319,2026-05-02,Cash Deposit,Credit,887.88,India,0,CASE0025
TX305539,CUST10319,2026-02-17,Wire,Debit,8775.66,United States,0,CASE0025
TX305709,CUST10319,2026-03-14,P2P,Credit,6912.77,United States,0,CASE0025
TX310844,CUST10319,2026-05-25,Card,Credit,869.13,Nigeria,1,CASE0025
TX314363,CUST10319,2026-02-18,Card,Debit,3861.8,United Kingdom,0,CASE0025
TX315117,CUST10319,2026-09-01,Cash Deposit,Debit,4147.34,India,0,CASE0025
TX312899,CUST10319,2026-08-21,Wire,Debit,7500.86,China,0,CASE0025
TX317454,CUST10319,2026-01-06,Check,Credit,5198.64,India,0,CASE0025
TX320631,CUST10319,2026-07-12,ACH,Credit,1787.17,Canada,0,CASE0025
TX315037,CUST10469,2026-02-22,P2P,Credit,3105.29,Mexico,0,CASE0026
TX305504,CUST10469,2026-07-27,ACH,Debit,4730.38,United States,0,CASE0026
TX307153,CUST10469,2026-02-14,Check,Credit,5558.07,India,0,CASE0026
TX313037,CUST10469,2026-04-10,Cash Deposit,Debit,9805.86,India,0,CASE0026
TX315087,CUST10469,2026-02-07,P2P,Debit,8298.76,Mexico,0,CASE0026
TX309868,CUST10469,2026-02-17,Wire,Debit,833.22,Nigeria,1,CASE0026
TX303148,CUST10469,2026-08-23,Wire,Credit,4477.03,Turkey,1,CASE0026
TX320014,CUST10469,2026-04-19,Wire,Credit,7522.55,India,0,CASE0026
TX306197,CUST10469,2026-07-27,Wire,Credit,25877.73,United Arab Emirates,1,CASE0026
TX317811,CUST10469,2026-02-06,Cash Deposit,Debit,8504.35,United Arab Emirates,1,CASE0026
TX314026,CUST10469,2026-04-14,ACH,Credit,7172.31,United States,0,CASE0026
TX301871,CUST10469,2026-02-25,Cash Deposit,Debit,3689.37,United Arab Emirates,1,CASE0026
TX307381,CUST10469,2026-01-30,Wire,Credit,6324.62,Russia,1,CASE0026
TX306441,CUST10469,2026-02-10,P2P,Credit,64238.6,China,0,CASE0026
TX311494,CUST10469,2026-03-12,ACH,Debit,1464.31,Turkey,1,CASE0026
TX301942,CUST10469,2026-05-22,Cash Deposit,Credit,228.51,Russia,1,CASE0026
TX303130,CUST10469,2026-04-05,Wire,Debit,10037.12,Nigeria,1,CASE0026
TX320072,CUST10469,2026-01-07,Wire,Credit,1171.22,United Kingdom,0,CASE0026
TX302614,CUST10469,2026-08-17,P2P,Credit,2625.35,Russia,1,CASE0026
TX301590,CUST10469,2026-08-13,ACH,Credit,2535.36,United States,0,CASE0026
TX321500,CUST10469,2026-08-11,Cash Deposit,Debit,10721.8,United Kingdom,0,CASE0026
TX319761,CUST10469,2026-05-22,ACH,Credit,7219.43,United States,0,CASE0026
TX311447,CUST10469,2026-03-03,P2P,Debit,18125.3,United Kingdom,0,CASE0026
TX300827,CUST10469,2026-06-12,ACH,Credit,4510.24,Nigeria,1,CASE0026
TX301914,CUST10469,2026-09-19,ACH,Credit,21722.08,Canada,0,CASE0026
TX321567,CUST10484,2026-05-24,ACH,Debit,5068.64,Mexico,0,CASE0027
TX320701,CUST10484,2026-07-03,Card,Debit,778.07,United States,0,CASE0027
TX307999,CUST10484,2026-06-20,Check,Credit,114189.09,Mexico,0,CASE0027
TX320548,CUST10484,2026-07-06,Cash Deposit,Debit,1655.58,United Arab Emirates,1,CASE0027
TX313421,CUST10484,2026-01-08,Cash Withdrawal,Debit,23339.6,India,0,CASE0027
TX310965,CUST10484,2026-05-10,P2P,Credit,8530.49,China,0,CASE0027
TX306557,CUST10484,2026-07-22,Check,Debit,10848.3,Mexico,0,CASE0027
TX314231,CUST10484,2026-02-21,Wire,Debit,19765.91,China,0,CASE0027
TX309705,CUST10484,2026-04-23,ACH,Debit,43840.31,Mexico,0,CASE0027
TX301399,CUST10484,2026-03-17,P2P,Debit,7972.55,Turkey,1,CASE0027
TX306531,CUST10484,2026-05-02,Wire,Credit,4530.24,Nigeria,1,CASE0027
TX321813,CUST10484,2026-04-24,Cash Deposit,Credit,771.55,India,0,CASE0027
TX302168,CUST10484,2026-01-05,Wire,Debit,7603.28,Nigeria,1,CASE0027
TX302106,CUST10484,2026-07-01,Check,Credit,14720.69,United Arab Emirates,1,CASE0027
TX300896,CUST10484,2026-03-25,P2P,Credit,2904.28,Canada,0,CASE0027
TX318931,CUST10484,2026-01-04,Check,Debit,4015.44,United States,0,CASE0027
TX302312,CUST10484,2026-04-08,Wire,Debit,3092.48,United Kingdom,0,CASE0027
TX314635,CUST10484,2026-05-18,Wire,Debit,8223.91,United Arab Emirates,1,CASE0027
TX316204,CUST10484,2026-01-24,ACH,Debit,7019.95,United Kingdom,0,CASE0027
TX306044,CUST10484,2026-07-06,ACH,Credit,2675.2,United Kingdom,0,CASE0027
TX309969,CUST10484,2026-01-21,Cash Withdrawal,Credit,3088.87,Canada,0,CASE0027
TX315049,CUST10484,2026-07-29,P2P,Debit,6191.54,United Arab Emirates,1,CASE0027
TX316405,CUST10484,2026-07-21,P2P,Debit,12411.13,Turkey,1,CASE0027
TX316994,CUST10484,2026-04-27,Wire,Debit,14624.65,Russia,1,CASE0027
TX316762,CUST10484,2026-06-25,Wire,Credit,1801.25,Russia,1,CASE0027
TX311892,CUST10103,2026-06-18,Cash Withdrawal,Credit,3887.49,United Arab Emirates,1,CASE0028
TX315205,CUST10103,2026-06-30,Wire,Credit,7787.87,India,0,CASE0028
TX314428,CUST10103,2026-06-17,Cash Deposit,Debit,3529.39,China,0,CASE0028
TX308637,CUST10103,2026-03-14,Cash Deposit,Credit,6493.36,United States,0,CASE0028
TX312597,CUST10103,2026-06-17,Wire,Credit,1934.78,Turkey,1,CASE0028
TX313811,CUST10103,2026-03-09,Cash Deposit,Debit,1623.12,China,0,CASE0028
TX318206,CUST10103,2026-02-20,Wire,Credit,10654.29,United Kingdom,0,CASE0028
TX315810,CUST10103,2026-01-16,P2P,Credit,4514.48,India,0,CASE0028
TX310297,CUST10103,2026-08-17,ACH,Debit,2729.48,United Arab Emirates,1,CASE0028
TX319034,CUST10103,2026-02-19,Check,Debit,1687.32,China,0,CASE0028
TX309138,CUST10103,2026-04-27,Cash Deposit,Debit,1007.96,United Kingdom,0,CASE0028
TX304569,CUST10103,2026-05-16,P2P,Credit,1904.84,Mexico,0,CASE0028
TX312460,CUST10103,2026-09-17,Card,Credit,4146.14,Russia,1,CASE0028
TX320252,CUST10103,2026-05-08,Wire,Debit,7255.15,United States,0,CASE0028
TX320831,CUST10103,2026-02-01,Cash Deposit,Debit,8724.85,United Kingdom,0,CASE0028
TX316552,CUST10103,2026-04-06,Cash Deposit,Credit,29362.27,United States,0,CASE0028
TX301904,CUST10103,2026-08-10,ACH,Debit,12044.03,Nigeria,1,CASE0028
TX310961,CUST10103,2026-02-16,ACH,Credit,34778.66,Russia,1,CASE0028
TX308495,CUST10103,2026-06-01,Cash Deposit,Debit,29448.35,United Kingdom,0,CASE0028
TX320896,CUST10103,2026-02-19,Card,Debit,5043.88,Nigeria,1,CASE0028
TX305965,CUST10103,2026-05-06,Card,Credit,2472.3,India,0,CASE0028
TX301229,CUST10103,2026-07-24,Cash Deposit,Debit,57348.25,Turkey,1,CASE0028
TX317557,CUST10103,2026-06-27,Cash Withdrawal,Credit,4552.72,Russia,1,CASE0028
TX320976,CUST10103,2026-06-23,Wire,Credit,8295.45,United Arab Emirates,1,CASE0028
TX318111,CUST10103,2026-07-17,Wire,Credit,2019.38,Nigeria,1,CASE0028
TX313405,CUST10661,2026-06-09,Wire,Debit,3288.52,United Kingdom,0,CASE0029
TX317402,CUST10661,2026-08-13,ACH,Debit,3433.2,United Arab Emirates,1,CASE0029
TX318999,CUST10661,2026-02-08,Wire,Credit,53554.26,Mexico,0,CASE0029
TX315153,CUST10661,2026-08-04,Check,Credit,5672.83,Nigeria,1,CASE0029
TX307816,CUST10661,2026-03-10,ACH,Debit,1165.74,Mexico,0,CASE0029
TX301033,CUST10661,2026-04-08,Wire,Credit,19139.34,Canada,0,CASE0029
TX311351,CUST10661,2026-06-24,Cash Withdrawal,Credit,13056.44,United States,0,CASE0029
TX300247,CUST10661,2026-01-22,ACH,Credit,3455.54,India,0,CASE0029
TX307962,CUST10661,2026-06-20,Cash Withdrawal,Debit,19918.48,United Kingdom,0,CASE0029
TX313029,CUST10661,2026-07-08,Cash Deposit,Credit,2723.52,Canada,0,CASE0029
TX318562,CUST10661,2026-02-16,ACH,Credit,5064.48,United States,0,CASE0029
TX300654,CUST10661,2026-09-03,Cash Deposit,Credit,38375.25,United Arab Emirates,1,CASE0029
TX316948,CUST10661,2026-03-18,ACH,Debit,4644.09,United Kingdom,0,CASE0029
TX303189,CUST10661,2026-02-15,ACH,Credit,2950.36,China,0,CASE0029
TX305291,CUST10661,2026-02-24,Wire,Debit,40025.61,Russia,1,CASE0029
TX311020,CUST10661,2026-03-04,ACH,Debit,11456.89,Turkey,1,CASE0029
TX314792,CUST10661,2026-02-18,ACH,Debit,3149.52,Mexico,0,CASE0029
TX305868,CUST10661,2026-05-22,Wire,Credit,6344.85,Turkey,1,CASE0029
TX316427,CUST10661,2026-09-22,Wire,Debit,19652.59,Canada,0,CASE0029
TX308517,CUST10661,2026-09-15,ACH,Credit,1318.34,United Arab Emirates,1,CASE0029
TX321325,CUST10661,2026-06-29,Wire,Debit,7221.28,United Arab Emirates,1,CASE0029
TX307518,CUST10661,2026-06-14,Check,Credit,21180.66,Mexico,0,CASE0029
TX305551,CUST10661,2026-07-22,Cash Withdrawal,Credit,21124.37,China,0,CASE0029
TX303866,CUST10661,2026-07-10,Cash Withdrawal,Debit,3003.05,Russia,1,CASE0029
TX307724,CUST10661,2026-03-05,Cash Withdrawal,Debit,29298.84,Mexico,0,CASE0029
TX306378,CUST10350,2026-06-27,Check,Debit,2453.4,United Arab Emirates,1,CASE0030
TX304968,CUST10350,2026-03-24,ACH,Debit,1510.36,Russia,1,CASE0030
TX306238,CUST10350,2026-09-03,Cash Deposit,Credit,39075.26,Russia,1,CASE0030
TX309777,CUST10350,2026-05-11,Card,Credit,2768.67,United Arab Emirates,1,CASE0030
TX319709,CUST10350,2026-02-13,Wire,Credit,2625.43,Mexico,0,CASE0030
TX306933,CUST10350,2026-09-19,P2P,Debit,3332.58,Russia,1,CASE0030
TX319509,CUST10350,2026-01-12,P2P,Credit,4192.44,China,0,CASE0030
TX311179,CUST10350,2026-01-07,Wire,Credit,32251.3,United Kingdom,0,CASE0030
TX314301,CUST10350,2026-03-21,ACH,Credit,3584.28,Nigeria,1,CASE0030
TX304480,CUST10350,2026-09-06,P2P,Credit,4085.87,India,0,CASE0030
TX320694,CUST10350,2026-05-05,Cash Withdrawal,Credit,10016.02,United Arab Emirates,1,CASE0030
TX305533,CUST10350,2026-06-17,ACH,Credit,2872.55,Mexico,0,CASE0030
TX319302,CUST10350,2026-01-20,P2P,Credit,2629.58,United Kingdom,0,CASE0030
TX315895,CUST10350,2026-07-02,ACH,Debit,7469.23,United States,0,CASE0030
TX320851,CUST10350,2026-05-25,Card,Credit,432.18,Mexico,0,CASE0030
TX312232,CUST10350,2026-09-11,P2P,Credit,538.3,United Kingdom,0,CASE0030
TX306296,CUST10350,2026-04-22,Card,Debit,5940.74,United States,0,CASE0030
TX301310,CUST10350,2026-06-26,P2P,Debit,16357.99,United States,0,CASE0030
TX315691,CUST10350,2026-07-09,P2P,Credit,1963.48,Nigeria,1,CASE0030
TX313533,CUST10350,2026-07-31,Card,Credit,3913.41,United States,0,CASE0030
TX319611,CUST10471,2026-05-22,Cash Withdrawal,Debit,27703.7,Russia,1,CASE0031
TX300253,CUST10471,2026-09-06,ACH,Credit,2498.31,Canada,0,CASE0031
TX321059,CUST10471,2026-05-07,Cash Withdrawal,Debit,1270.98,United Arab Emirates,1,CASE0031
TX311554,CUST10471,2026-05-11,Wire,Debit,765.37,Canada,0,CASE0031
TX319755,CUST10471,2026-06-03,Wire,Credit,6362.56,United Arab Emirates,1,CASE0031
TX301893,CUST10471,2026-01-23,P2P,Debit,2253.0,China,0,CASE0031
TX307863,CUST10471,2026-04-28,ACH,Credit,5502.2,Canada,0,CASE0031
TX305684,CUST10471,2026-09-28,Wire,Credit,1732.45,China,0,CASE0031
TX314602,CUST10471,2026-03-08,Card,Debit,1054.96,United Arab Emirates,1,CASE0031
TX300676,CUST10471,2026-07-13,Card,Debit,5641.2,Turkey,1,CASE0031
TX304650,CUST10471,2026-06-21,ACH,Credit,7275.87,United Kingdom,0,CASE0031
TX311401,CUST10471,2026-01-13,Wire,Debit,3787.15,United States,0,CASE0031
TX307139,CUST10471,2026-07-07,Card,Debit,9573.22,United Arab Emirates,1,CASE0031
TX309065,CUST10471,2026-05-19,Card,Credit,22370.91,United States,0,CASE0031
TX321134,CUST10471,2026-02-01,Cash Withdrawal,Debit,945.84,Canada,0,CASE0031
TX303759,CUST10471,2026-01-22,Card,Credit,6212.98,Russia,1,CASE0031
TX314020,CUST10471,2026-09-03,P2P,Debit,4188.92,United Kingdom,0,CASE0031
TX314784,CUST10471,2026-07-04,Cash Deposit,Credit,4945.72,Turkey,1,CASE0031
TX312170,CUST10471,2026-08-23,Cash Deposit,Debit,10845.17,United States,0,CASE0031
TX313750,CUST10471,2026-06-17,ACH,Credit,2621.21,United States,0,CASE0031
TX309676,CUST10471,2026-07-03,ACH,Credit,585.38,China,0,CASE0031
TX308602,CUST10471,2026-01-25,P2P,Credit,21283.06,United Arab Emirates,1,CASE0031
TX304339,CUST10471,2026-06-05,ACH,Debit,6910.44,United Kingdom,0,CASE0031
TX306144,CUST10471,2026-05-27,Wire,Credit,152724.29,India,0,CASE0031
TX314498,CUST10471,2026-07-24,ACH,Debit,1834.17,Nigeria,1,CASE0031
TX313641,CUST10289,2026-07-15,Wire,Credit,3307.51,Turkey,1,CASE0032
TX312851,CUST10289,2026-08-29,Card,Debit,17759.41,Nigeria,1,CASE0032
TX316265,CUST10289,2026-07-05,P2P,Credit,26937.33,Turkey,1,CASE0032
TX309166,CUST10289,2026-01-17,Wire,Credit,909.0,Mexico,0,CASE0032
TX319193,CUST10289,2026-06-28,Cash Withdrawal,Credit,18766.56,United States,0,CASE0032
TX301698,CUST10289,2026-04-26,P2P,Credit,3832.88,Nigeria,1,CASE0032
TX315311,CUST10289,2026-08-07,Wire,Credit,4022.83,Canada,0,CASE0032
TX300271,CUST10289,2026-07-19,Wire,Credit,1729.95,Canada,0,CASE0032
TX306832,CUST10289,2026-03-16,Cash Deposit,Credit,7415.0,United Arab Emirates,1,CASE0032
TX312667,CUST10289,2026-08-14,Wire,Credit,14874.93,United Kingdom,0,CASE0032
TX301448,CUST10289,2026-05-05,ACH,Debit,24792.4,India,0,CASE0032
TX320793,CUST10289,2026-08-09,ACH,Debit,8234.67,India,0,CASE0032
TX302686,CUST10289,2026-09-01,Cash Withdrawal,Credit,10397.87,Turkey,1,CASE0032
TX304507,CUST10289,2026-01-02,Wire,Debit,4415.89,China,0,CASE0032
TX313753,CUST10289,2026-09-04,Wire,Credit,6690.49,United Kingdom,0,CASE0032
TX318253,CUST10289,2026-02-02,Check,Debit,19197.13,United Arab Emirates,1,CASE0032
TX305436,CUST10289,2026-07-07,Wire,Debit,3157.43,United States,0,CASE0032
TX315708,CUST10289,2026-02-08,Wire,Debit,10338.57,United Kingdom,0,CASE0032
TX311853,CUST10289,2026-07-22,Cash Withdrawal,Debit,3490.12,Mexico,0,CASE0032
TX321597,CUST10289,2026-06-07,Check,Debit,24626.36,India,0,CASE0032
TX305942,CUST10289,2026-05-30,Wire,Debit,854.31,Nigeria,1,CASE0032
TX305070,CUST10289,2026-03-30,Wire,Debit,1908.76,Mexico,0,CASE0032
TX304112,CUST10289,2026-07-09,Cash Deposit,Debit,9167.52,Mexico,0,CASE0032
TX306090,CUST10289,2026-09-14,P2P,Debit,5666.68,Turkey,1,CASE0032
TX318025,CUST10289,2026-08-03,Check,Credit,8955.94,United Arab Emirates,1,CASE0032
TX309030,CUST10277,2026-01-21,ACH,Credit,3466.07,United Arab Emirates,1,CASE0033
TX318552,CUST10277,2026-09-11,P2P,Credit,4818.61,China,0,CASE0033
TX309063,CUST10277,2026-09-09,Check,Debit,19061.36,Mexico,0,CASE0033
TX311302,CUST10277,2026-08-02,ACH,Debit,13067.72,India,0,CASE0033
TX318573,CUST10277,2026-06-17,Wire,Debit,9929.49,India,0,CASE0033
TX319073,CUST10277,2026-04-17,Wire,Debit,4155.49,Russia,1,CASE0033
TX315709,CUST10277,2026-02-11,ACH,Credit,25270.93,China,0,CASE0033
TX313793,CUST10277,2026-06-05,Wire,Debit,1782.2,United Kingdom,0,CASE0033
TX307616,CUST10277,2026-08-30,Wire,Debit,11274.58,China,0,CASE0033
TX320342,CUST10277,2026-04-02,Check,Credit,31093.08,China,0,CASE0033
TX311292,CUST10277,2026-09-24,Wire,Debit,11216.31,India,0,CASE0033
TX314315,CUST10277,2026-02-12,Check,Credit,8980.02,Russia,1,CASE0033
TX302597,CUST10277,2026-08-03,Check,Credit,9916.01,Turkey,1,CASE0033
TX305250,CUST10277,2026-07-28,Card,Debit,2301.61,Turkey,1,CASE0033
TX306914,CUST10277,2026-01-04,Wire,Debit,1062.38,United States,0,CASE0033
TX318970,CUST10277,2026-08-04,P2P,Debit,5864.33,United Arab Emirates,1,CASE0033
TX312988,CUST10277,2026-02-10,Wire,Credit,28192.63,Russia,1,CASE0033
TX320981,CUST10277,2026-06-22,Wire,Debit,3013.52,United Arab Emirates,1,CASE0033
TX317227,CUST10277,2026-05-21,Cash Deposit,Credit,2844.29,Mexico,0,CASE0033
TX314493,CUST10277,2026-07-16,Wire,Debit,5622.47,Mexico,0,CASE0033
TX314997,CUST10222,2026-04-26,Check,Credit,7218.03,United Arab Emirates,1,CASE0034
TX309988,CUST10222,2026-02-20,Card,Credit,10478.07,Turkey,1,CASE0034
TX302373,CUST10222,2026-04-11,ACH,Credit,3897.87,United Arab Emirates,1,CASE0034
TX310060,CUST10222,2026-01-30,P2P,Credit,12338.3,Russia,1,CASE0034
TX315050,CUST10222,2026-09-28,ACH,Debit,6015.03,China,0,CASE0034
TX304745,CUST10222,2026-05-22,P2P,Credit,75831.49,Canada,0,CASE0034
TX312367,CUST10222,2026-04-23,Card,Debit,428.43,Mexico,0,CASE0034
TX316320,CUST10222,2026-04-27,Cash Deposit,Credit,2830.01,Nigeria,1,CASE0034
TX318044,CUST10222,2026-02-14,Check,Debit,45265.75,India,0,CASE0034
TX314707,CUST10222,2026-05-14,Wire,Debit,7744.17,Mexico,0,CASE0034
TX315526,CUST10222,2026-05-20,ACH,Credit,10160.98,Russia,1,CASE0034
TX305900,CUST10222,2026-07-27,Wire,Debit,39980.67,Russia,1,CASE0034
TX308964,CUST10222,2026-09-25,Cash Withdrawal,Credit,5417.68,Turkey,1,CASE0034
TX318792,CUST10222,2026-05-23,Cash Deposit,Debit,4156.64,Russia,1,CASE0034
TX316442,CUST10222,2026-02-21,Card,Credit,13148.57,Russia,1,CASE0034
TX304833,CUST10222,2026-04-09,ACH,Debit,18201.4,United Kingdom,0,CASE0034
TX313356,CUST10222,2026-02-15,ACH,Credit,8586.35,United Arab Emirates,1,CASE0034
TX309813,CUST10222,2026-07-14,Cash Deposit,Debit,33615.11,China,0,CASE0034
TX301760,CUST10222,2026-03-28,Wire,Credit,3494.41,Turkey,1,CASE0034
TX305657,CUST10043,2026-03-14,Wire,Credit,6397.1,Mexico,0,CASE0035
TX315700,CUST10043,2026-08-27,Wire,Debit,1024.36,Russia,1,CASE0035
TX301981,CUST10043,2026-06-24,ACH,Debit,4693.84,Mexico,0,CASE0035
TX314548,CUST10043,2026-09-23,P2P,Debit,6234.0,India,0,CASE0035
TX315833,CUST10043,2026-03-29,P2P,Debit,2098.12,Turkey,1,CASE0035
TX305590,CUST10043,2026-04-07,P2P,Debit,11822.75,Mexico,0,CASE0035
TX301502,CUST10043,2026-08-17,ACH,Debit,10518.03,United Kingdom,0,CASE0035
TX304951,CUST10043,2026-07-07,P2P,Debit,3197.54,United States,0,CASE0035
TX302107,CUST10043,2026-05-22,Cash Deposit,Credit,18123.33,Nigeria,1,CASE0035
TX317406,CUST10043,2026-06-05,P2P,Credit,1088.67,Russia,1,CASE0035
TX319386,CUST10043,2026-06-09,ACH,Debit,12551.07,Nigeria,1,CASE0035
TX309975,CUST10043,2026-03-09,P2P,Credit,7034.87,Canada,0,CASE0035
TX311696,CUST10043,2026-04-04,P2P,Credit,5600.41,Turkey,1,CASE0035
TX302676,CUST10043,2026-01-10,ACH,Credit,8831.75,India,0,CASE0035
TX302945,CUST10043,2026-06-21,Cash Deposit,Debit,5269.63,Turkey,1,CASE0035
TX319343,CUST10043,2026-09-08,P2P,Credit,6259.41,Turkey,1,CASE0035
TX318889,CUST10043,2026-09-30,ACH,Credit,1730.68,China,0,CASE0035
TX309511,CUST10043,2026-02-08,Wire,Debit,9855.97,China,0,CASE0035
TX304297,CUST10043,2026-05-13,Wire,Credit,4650.4,Turkey,1,CASE0035
TX301389,CUST10043,2026-07-11,ACH,Debit,2894.15,United Kingdom,0,CASE0035
TX302775,CUST10043,2026-03-21,ACH,Credit,10513.14,United Arab Emirates,1,CASE0035
TX307619,CUST10043,2026-06-03,ACH,Credit,9394.95,Turkey,1,CASE0035
TX320245,CUST10043,2026-07-06,Wire,Credit,1912.64,Turkey,1,CASE0035
TX318952,CUST10043,2026-01-30,Card,Credit,8081.57,China,0,CASE0035
TX319414,CUST10043,2026-02-26,Wire,Credit,2093.98,United Arab Emirates,1,CASE0035
TX300566,CUST10732,2026-07-05,Check,Credit,6601.9,Nigeria,1,CASE0036
TX317724,CUST10732,2026-05-02,Card,Credit,1762.13,United Kingdom,0,CASE0036
TX319281,CUST10732,2026-08-04,Wire,Credit,26215.74,India,0,CASE0036
TX309353,CUST10732,2026-08-07,ACH,Credit,4380.94,Mexico,0,CASE0036
TX317627,CUST10732,2026-07-21,Wire,Credit,1806.61,United Arab Emirates,1,CASE0036
TX310856,CUST10732,2026-05-12,Cash Withdrawal,Credit,17545.03,India,0,CASE0036
TX314612,CUST10732,2026-04-15,P2P,Debit,99574.1,India,0,CASE0036
TX305040,CUST10732,2026-04-02,Card,Credit,6543.84,Nigeria,1,CASE0036
TX306343,CUST10732,2026-04-13,Cash Withdrawal,Debit,10693.19,Turkey,1,CASE0036
TX300498,CUST10732,2026-04-14,ACH,Debit,11561.75,Russia,1,CASE0036
TX301583,CUST10732,2026-05-27,Cash Deposit,Credit,7734.73,United Arab Emirates,1,CASE0036
TX318487,CUST10732,2026-04-16,Card,Credit,5142.83,China,0,CASE0036
TX306472,CUST10732,2026-05-09,Cash Withdrawal,Debit,4026.05,Turkey,1,CASE0036
TX318835,CUST10732,2026-06-11,Cash Deposit,Credit,7524.68,United Kingdom,0,CASE0036
TX316975,CUST10732,2026-05-31,P2P,Debit,9983.77,India,0,CASE0036
TX304765,CUST10732,2026-06-22,Card,Credit,1999.43,India,0,CASE0036
TX303688,CUST10732,2026-02-21,ACH,Credit,4632.69,Turkey,1,CASE0036
TX321204,CUST10732,2026-08-30,Card,Credit,946.31,India,0,CASE0036
TX309337,CUST10732,2026-07-31,Wire,Debit,7094.47,India,0,CASE0036
TX304954,CUST10732,2026-05-07,ACH,Credit,36772.73,India,0,CASE0036
TX300383,CUST10732,2026-06-26,Wire,Debit,3744.47,India,0,CASE0036
TX304296,CUST10732,2026-05-16,Wire,Debit,2768.27,Russia,1,CASE0036
TX306834,CUST10732,2026-05-31,ACH,Credit,2867.81,Turkey,1,CASE0036
TX320090,CUST10732,2026-08-30,P2P,Debit,4264.72,Russia,1,CASE0036
TX318618,CUST10732,2026-03-21,ACH,Debit,762.29,Canada,0,CASE0036
TX303788,CUST10801,2026-01-17,Card,Debit,26583.2,India,0,CASE0037
TX319623,CUST10801,2026-03-03,Check,Credit,4393.4,Mexico,0,CASE0037
TX311378,CUST10801,2026-03-03,Card,Credit,8549.96,Nigeria,1,CASE0037
TX318650,CUST10801,2026-03-24,Check,Credit,23651.61,Canada,0,CASE0037
TX300269,CUST10801,2026-09-27,ACH,Debit,11212.09,Mexico,0,CASE0037
TX302925,CUST10801,2026-08-31,ACH,Debit,3759.25,Russia,1,CASE0037
TX301836,CUST10801,2026-01-04,Wire,Debit,7948.9,China,0,CASE0037
TX313606,CUST10801,2026-05-11,Cash Deposit,Credit,1871.42,Turkey,1,CASE0037
TX313794,CUST10801,2026-09-05,Cash Deposit,Credit,2477.19,Mexico,0,CASE0037
TX311593,CUST10801,2026-09-08,P2P,Credit,3294.48,Turkey,1,CASE0037
TX301670,CUST10801,2026-06-19,Cash Withdrawal,Debit,2942.32,United Arab Emirates,1,CASE0037
TX316133,CUST10801,2026-09-20,Wire,Credit,1582.34,Russia,1,CASE0037
TX301369,CUST10801,2026-07-14,Wire,Credit,7327.18,Nigeria,1,CASE0037
TX315508,CUST10801,2026-05-27,Wire,Credit,4685.99,China,0,CASE0037
TX317469,CUST10801,2026-03-12,Card,Debit,6443.59,China,0,CASE0037
TX319242,CUST10801,2026-01-27,ACH,Credit,6444.56,Canada,0,CASE0037
TX317816,CUST10801,2026-07-13,Card,Credit,1116.59,United States,0,CASE0037
TX317477,CUST10801,2026-03-06,ACH,Credit,11093.3,United Kingdom,0,CASE0037
TX318662,CUST10801,2026-02-21,Check,Debit,1857.44,Turkey,1,CASE0037
TX306904,CUST10801,2026-04-07,ACH,Credit,18095.02,Nigeria,1,CASE0037
TX320425,CUST10801,2026-05-14,P2P,Credit,3180.71,Turkey,1,CASE0037
TX304479,CUST10801,2026-01-13,Check,Credit,4322.78,India,0,CASE0037
TX305677,CUST10801,2026-02-27,Wire,Debit,4756.93,Russia,1,CASE0037
TX315266,CUST10742,2026-03-08,P2P,Debit,6229.9,United Arab Emirates,1,CASE0038
TX312574,CUST10742,2026-05-24,Cash Withdrawal,Credit,1018.53,India,0,CASE0038
TX303764,CUST10742,2026-08-03,Wire,Credit,5500.25,India,0,CASE0038
TX310026,CUST10742,2026-03-05,Wire,Debit,7142.36,Russia,1,CASE0038
TX309164,CUST10742,2026-08-17,ACH,Debit,3031.21,India,0,CASE0038
TX303878,CUST10742,2026-08-11,Wire,Debit,5218.06,Russia,1,CASE0038
TX307883,CUST10742,2026-06-29,Card,Credit,5650.44,Russia,1,CASE0038
TX312922,CUST10742,2026-08-03,Card,Credit,83513.04,United Arab Emirates,1,CASE0038
TX302443,CUST10742,2026-01-30,Cash Deposit,Debit,88289.67,Russia,1,CASE0038
TX317757,CUST10742,2026-05-15,Cash Withdrawal,Credit,2431.68,Mexico,0,CASE0038
TX311465,CUST10742,2026-01-14,Wire,Credit,2230.25,United Arab Emirates,1,CASE0038
TX310495,CUST10742,2026-06-02,Cash Deposit,Credit,3447.15,India,0,CASE0038
TX303423,CUST10742,2026-03-08,Card,Debit,3307.96,India,0,CASE0038
TX320103,CUST10742,2026-07-28,P2P,Debit,1411.78,Turkey,1,CASE0038
TX311392,CUST10742,2026-03-15,Check,Credit,2499.48,United States,0,CASE0038
TX316721,CUST10742,2026-09-08,Cash Withdrawal,Debit,5292.55,United Arab Emirates,1,CASE0038
TX320564,CUST10742,2026-09-15,ACH,Debit,6147.63,United States,0,CASE0038
TX315417,CUST10742,2026-01-23,Card,Credit,4636.03,Russia,1,CASE0038
TX309596,CUST10742,2026-07-20,Cash Deposit,Credit,8967.99,United Arab Emirates,1,CASE0038
TX303554,CUST10742,2026-09-07,ACH,Credit,23090.98,United Kingdom,0,CASE0038
TX321129,CUST10742,2026-04-03,Check,Credit,2066.93,United States,0,CASE0038
TX307377,CUST10742,2026-01-12,Check,Debit,7789.41,China,0,CASE0038
TX313598,CUST10742,2026-09-21,Cash Deposit,Credit,7105.45,Russia,1,CASE0038
TX313014,CUST10215,2026-03-01,Check,Debit,1562.9,Turkey,1,CASE0039
TX321570,CUST10215,2026-09-07,ACH,Debit,8901.37,China,0,CASE0039
TX304259,CUST10215,2026-05-11,Card,Debit,1234.67,Nigeria,1,CASE0039
TX304163,CUST10215,2026-06-12,ACH,Debit,2238.54,United Kingdom,0,CASE0039
TX300075,CUST10215,2026-03-08,Check,Debit,1137.51,China,0,CASE0039
TX313802,CUST10215,2026-08-02,P2P,Debit,11316.79,Canada,0,CASE0039
TX313162,CUST10215,2026-09-05,P2P,Debit,17396.05,Turkey,1,CASE0039
TX303625,CUST10215,2026-08-04,Wire,Credit,4269.35,China,0,CASE0039
TX318937,CUST10215,2026-03-13,Wire,Credit,13452.12,India,0,CASE0039
TX319756,CUST10215,2026-06-04,Card,Credit,5701.15,United Kingdom,0,CASE0039
TX317500,CUST10215,2026-08-29,Wire,Credit,8017.65,United States,0,CASE0039
TX311415,CUST10215,2026-04-17,ACH,Debit,15562.06,Turkey,1,CASE0039
TX318372,CUST10215,2026-07-19,P2P,Credit,11993.89,Turkey,1,CASE0039
TX318726,CUST10215,2026-01-30,Wire,Credit,34086.6,China,0,CASE0039
TX304430,CUST10215,2026-04-20,Card,Credit,37287.74,United Arab Emirates,1,CASE0039
TX320632,CUST10215,2026-05-20,Cash Deposit,Credit,4152.82,Nigeria,1,CASE0039
TX301501,CUST10215,2026-04-28,Card,Credit,4685.34,United States,0,CASE0039
TX318979,CUST10215,2026-01-22,Cash Withdrawal,Debit,3517.0,United Arab Emirates,1,CASE0039
TX305249,CUST10215,2026-01-15,Cash Withdrawal,Credit,22697.44,Turkey,1,CASE0039
TX308112,CUST10215,2026-08-06,ACH,Credit,631.11,Russia,1,CASE0039
TX308410,CUST10215,2026-09-07,Check,Debit,14045.9,Nigeria,1,CASE0039
TX318330,CUST10215,2026-01-25,Wire,Debit,4420.44,Mexico,0,CASE0039
TX301806,CUST10378,2026-09-16,Card,Credit,6889.22,United Arab Emirates,1,CASE0040
TX307309,CUST10378,2026-09-04,Cash Withdrawal,Debit,3502.93,Russia,1,CASE0040
TX313940,CUST10378,2026-09-27,Wire,Debit,731.91,United States,0,CASE0040
TX303768,CUST10378,2026-06-07,P2P,Credit,1370.44,Russia,1,CASE0040
TX309392,CUST10378,2026-05-14,Cash Withdrawal,Debit,3517.69,United Arab Emirates,1,CASE0040
TX317096,CUST10378,2026-02-09,ACH,Credit,9542.56,Turkey,1,CASE0040
TX304524,CUST10378,2026-08-28,Card,Debit,19294.82,United States,0,CASE0040
TX314655,CUST10378,2026-06-18,Cash Withdrawal,Credit,5644.75,United Kingdom,0,CASE0040
TX316962,CUST10378,2026-03-29,Check,Debit,16988.44,United Kingdom,0,CASE0040
TX320353,CUST10378,2026-09-05,Card,Debit,27228.38,United Kingdom,0,CASE0040
TX304284,CUST10378,2026-04-13,P2P,Credit,31848.58,United Kingdom,0,CASE0040
TX313137,CUST10378,2026-05-05,Cash Deposit,Debit,4561.67,China,0,CASE0040
TX321778,CUST10378,2026-06-21,Cash Deposit,Debit,2845.3,Russia,1,CASE0040
TX306131,CUST10378,2026-02-25,Cash Deposit,Credit,17304.57,Russia,1,CASE0040
TX314158,CUST10378,2026-09-25,Wire,Credit,32960.74,United Kingdom,0,CASE0040
TX308597,CUST10378,2026-01-06,Wire,Debit,61855.5,Canada,0,CASE0040
TX313515,CUST10378,2026-03-07,Wire,Credit,522.56,Russia,1,CASE0040
TX315680,CUST10378,2026-02-19,ACH,Debit,18153.77,United Kingdom,0,CASE0040
TX308278,CUST10378,2026-07-24,Wire,Credit,757.33,United Arab Emirates,1,CASE0040
TX317818,CUST10719,2026-09-19,Wire,Debit,13622.17,India,0,CASE0041
TX315892,CUST10719,2026-06-07,P2P,Credit,11366.41,United Kingdom,0,CASE0041
TX307704,CUST10719,2026-08-09,P2P,Debit,30712.28,Mexico,0,CASE0041
TX309882,CUST10719,2026-02-20,ACH,Credit,12873.12,Nigeria,1,CASE0041
TX309549,CUST10719,2026-02-05,Card,Credit,4245.59,Russia,1,CASE0041
TX310070,CUST10719,2026-08-04,Cash Deposit,Credit,929.97,Turkey,1,CASE0041
TX307885,CUST10719,2026-03-09,ACH,Debit,3378.25,United Arab Emirates,1,CASE0041
TX303870,CUST10719,2026-06-19,Card,Credit,7739.58,United Kingdom,0,CASE0041
TX306271,CUST10719,2026-07-11,Card,Credit,3770.54,Canada,0,CASE0041
TX309667,CUST10719,2026-04-11,P2P,Debit,3432.54,China,0,CASE0041
TX318703,CUST10719,2026-06-23,Cash Deposit,Debit,18119.82,China,0,CASE0041
TX311472,CUST10719,2026-07-31,Wire,Debit,5249.28,Canada,0,CASE0041
TX319823,CUST10719,2026-09-04,Wire,Debit,13890.85,Mexico,0,CASE0041
TX302636,CUST10719,2026-04-29,P2P,Debit,3909.81,Mexico,0,CASE0041
TX302292,CUST10719,2026-07-19,Cash Deposit,Credit,11638.68,United States,0,CASE0041
TX303259,CUST10719,2026-05-09,Wire,Credit,5180.31,United Arab Emirates,1,CASE0041
TX307741,CUST10719,2026-02-14,P2P,Credit,5812.89,Mexico,0,CASE0041
TX309389,CUST10719,2026-01-16,ACH,Debit,12152.55,Turkey,1,CASE0041
TX312070,CUST10719,2026-07-22,ACH,Credit,12132.85,China,0,CASE0041
TX312665,CUST10719,2026-08-14,ACH,Debit,2369.99,United States,0,CASE0041
TX319590,CUST10719,2026-05-09,Card,Credit,4134.02,Russia,1,CASE0041
TX306513,CUST10719,2026-09-19,Check,Debit,29680.34,United Kingdom,0,CASE0041
TX304432,CUST10719,2026-06-29,Check,Credit,14246.56,Turkey,1,CASE0041
TX302669,CUST10580,2026-06-09,Wire,Debit,653.93,Russia,1,CASE0042
TX319741,CUST10580,2026-04-22,Check,Credit,698.56,United Kingdom,0,CASE0042
TX302282,CUST10580,2026-03-04,Wire,Credit,22571.43,United States,0,CASE0042
TX311751,CUST10580,2026-06-25,Cash Withdrawal,Credit,4261.77,Turkey,1,CASE0042
TX308880,CUST10580,2026-02-25,Cash Withdrawal,Credit,4791.45,Canada,0,CASE0042
TX321075,CUST10580,2026-07-01,Wire,Credit,4945.34,Canada,0,CASE0042
TX315675,CUST10580,2026-08-24,Cash Withdrawal,Debit,1877.89,Turkey,1,CASE0042
TX308704,CUST10580,2026-02-16,P2P,Credit,8462.76,Canada,0,CASE0042
TX309633,CUST10580,2026-03-13,Wire,Debit,5281.62,Turkey,1,CASE0042
TX311431,CUST10580,2026-08-09,Wire,Credit,37001.09,United Arab Emirates,1,CASE0042
TX307960,CUST10580,2026-02-14,Wire,Credit,1611.06,Turkey,1,CASE0042
TX309646,CUST10580,2026-02-02,Wire,Debit,2452.55,Mexico,0,CASE0042
TX314677,CUST10580,2026-04-30,Cash Deposit,Credit,8639.67,Canada,0,CASE0042
TX307693,CUST10580,2026-05-11,P2P,Credit,1599.52,Russia,1,CASE0042
TX313527,CUST10580,2026-04-10,ACH,Debit,15203.04,United States,0,CASE0042
TX321603,CUST10580,2026-07-11,Cash Deposit,Credit,18519.01,United States,0,CASE0042
TX301755,CUST10580,2026-04-12,Card,Credit,3448.28,China,0,CASE0042
TX320822,CUST10580,2026-03-20,Check,Credit,6868.55,United Kingdom,0,CASE0042
TX301179,CUST10580,2026-03-09,Wire,Credit,2434.5,United Kingdom,0,CASE0042
TX312261,CUST10580,2026-08-28,Card,Credit,2661.85,China,0,CASE0042
TX312548,CUST10580,2026-06-08,P2P,Credit,7512.07,Canada,0,CASE0042
TX315127,CUST10580,2026-04-15,Cash Deposit,Debit,11821.95,India,0,CASE0042
TX311127,CUST10580,2026-08-28,Wire,Credit,4748.34,Mexico,0,CASE0042
TX317854,CUST10364,2026-04-03,Wire,Credit,31069.71,India,0,CASE0043
TX318559,CUST10364,2026-04-02,Check,Credit,4668.05,Turkey,1,CASE0043
TX320210,CUST10364,2026-01-15,ACH,Credit,25992.05,China,0,CASE0043
TX308432,CUST10364,2026-06-17,Cash Deposit,Credit,13083.82,Russia,1,CASE0043
TX301075,CUST10364,2026-02-01,Card,Debit,7387.91,China,0,CASE0043
TX309222,CUST10364,2026-01-11,Wire,Debit,4829.16,United Arab Emirates,1,CASE0043
TX312182,CUST10364,2026-01-15,Card,Credit,8115.24,United Kingdom,0,CASE0043
TX312690,CUST10364,2026-04-01,Card,Debit,13646.59,Mexico,0,CASE0043
TX321831,CUST10364,2026-08-01,P2P,Credit,7148.97,Nigeria,1,CASE0043
TX315121,CUST10364,2026-05-15,P2P,Debit,5652.38,United States,0,CASE0043
TX316842,CUST10364,2026-05-31,Check,Credit,2278.2,India,0,CASE0043
TX316451,CUST10364,2026-06-23,Cash Deposit,Debit,5000.72,Turkey,1,CASE0043
TX305797,CUST10364,2026-05-24,Cash Deposit,Debit,2976.42,Canada,0,CASE0043
TX314590,CUST10364,2026-08-26,Cash Withdrawal,Debit,7784.14,United States,0,CASE0043
TX319981,CUST10364,2026-01-08,Wire,Credit,710.29,United Arab Emirates,1,CASE0043
TX306997,CUST10364,2026-09-05,Cash Deposit,Credit,1861.47,Turkey,1,CASE0043
TX310259,CUST10364,2026-03-04,Card,Debit,3355.29,Canada,0,CASE0043
TX311340,CUST10684,2026-07-14,ACH,Credit,3221.95,United Arab Emirates,1,CASE0044
TX315090,CUST10684,2026-08-25,Cash Deposit,Credit,6259.66,United States,0,CASE0044
TX318219,CUST10684,2026-03-03,ACH,Credit,2691.51,India,0,CASE0044
TX320689,CUST10684,2026-04-04,ACH,Debit,1771.52,Russia,1,CASE0044
TX317868,CUST10684,2026-07-11,Wire,Debit,7951.15,India,0,CASE0044
TX312303,CUST10684,2026-02-19,ACH,Credit,29691.06,United Kingdom,0,CASE0044
TX310387,CUST10684,2026-05-11,P2P,Debit,4513.71,United Kingdom,0,CASE0044
TX301247,CUST10684,2026-03-16,ACH,Credit,1154.43,United Arab Emirates,1,CASE0044
TX310988,CUST10684,2026-02-01,Card,Debit,5679.12,India,0,CASE0044
TX310205,CUST10684,2026-06-26,Cash Withdrawal,Credit,5299.03,United States,0,CASE0044
TX316285,CUST10684,2026-07-04,Card,Debit,9796.5,Nigeria,1,CASE0044
TX303844,CUST10684,2026-07-24,Wire,Credit,541.59,United Arab Emirates,1,CASE0044
TX319953,CUST10684,2026-02-10,Card,Debit,2812.9,China,0,CASE0044
TX317417,CUST10684,2026-02-24,Cash Withdrawal,Debit,8297.53,Nigeria,1,CASE0044
TX301281,CUST10684,2026-08-14,Cash Deposit,Credit,2252.94,Russia,1,CASE0044
TX305096,CUST10684,2026-04-16,Cash Withdrawal,Debit,6187.72,United States,0,CASE0044
TX314098,CUST10684,2026-02-20,Card,Credit,11884.59,Nigeria,1,CASE0044
TX319434,CUST10684,2026-05-09,Check,Debit,12759.62,United Kingdom,0,CASE0044
TX315426,CUST10684,2026-07-25,Check,Credit,22984.24,Russia,1,CASE0044
TX318165,CUST10684,2026-04-29,ACH,Debit,1100.33,Nigeria,1,CASE0044
TX320648,CUST10684,2026-06-17,Cash Deposit,Credit,25646.87,India,0,CASE0044
TX303265,CUST10684,2026-06-16,ACH,Credit,3647.03,Russia,1,CASE0044
TX301986,CUST10684,2026-04-21,Wire,Debit,25372.62,Turkey,1,CASE0044
TX320421,CUST10684,2026-07-31,Card,Debit,7652.29,China,0,CASE0044
TX319542,CUST10684,2026-03-01,Card,Credit,4064.04,United Arab Emirates,1,CASE0044
TX306376,CUST10671,2026-06-07,Cash Deposit,Credit,1317.15,United States,0,CASE0045
TX311101,CUST10671,2026-02-14,ACH,Credit,899.04,India,0,CASE0045
TX300087,CUST10671,2026-03-11,Wire,Debit,4588.19,Canada,0,CASE0045
TX315938,CUST10671,2026-06-21,Cash Deposit,Credit,2872.33,United States,0,CASE0045
TX307742,CUST10671,2026-07-15,Cash Deposit,Credit,1863.15,Russia,1,CASE0045
TX307575,CUST10671,2026-05-21,Wire,Credit,1986.74,China,0,CASE0045
TX308833,CUST10671,2026-08-08,Wire,Credit,12953.46,Nigeria,1,CASE0045
TX300315,CUST10671,2026-03-06,ACH,Credit,1593.93,Nigeria,1,CASE0045
TX319753,CUST10671,2026-04-22,Wire,Credit,8444.75,United States,0,CASE0045
TX302987,CUST10671,2026-08-03,ACH,Debit,6248.02,United States,0,CASE0045
TX300434,CUST10671,2026-02-16,Card,Credit,9000.72,United Arab Emirates,1,CASE0045
TX308586,CUST10671,2026-01-04,Wire,Debit,38717.79,Canada,0,CASE0045
TX310893,CUST10671,2026-02-28,ACH,Debit,8305.5,India,0,CASE0045
TX301926,CUST10671,2026-02-26,ACH,Credit,4515.04,United Kingdom,0,CASE0045
TX302957,CUST10671,2026-01-13,ACH,Credit,11531.33,Russia,1,CASE0045
TX320125,CUST10671,2026-06-26,ACH,Credit,22307.82,United States,0,CASE0045
TX315744,CUST10671,2026-01-17,ACH,Credit,5954.61,Mexico,0,CASE0045
TX317887,CUST10671,2026-02-03,Cash Withdrawal,Debit,6918.89,China,0,CASE0045
TX320372,CUST10671,2026-02-25,Card,Credit,12432.82,Nigeria,1,CASE0045
TX305729,CUST10671,2026-03-27,Card,Credit,4498.68,Canada,0,CASE0045
TX307597,CUST10671,2026-01-21,ACH,Credit,1867.64,Canada,0,CASE0045
TX309148,CUST10671,2026-09-21,Cash Withdrawal,Credit,4251.24,India,0,CASE0045
TX316259,CUST10671,2026-08-12,ACH,Credit,9456.81,India,0,CASE0045
TX304683,CUST10671,2026-02-01,Cash Withdrawal,Credit,8055.0,Turkey,1,CASE0045
TX304751,CUST10034,2026-04-28,ACH,Debit,2725.25,Mexico,0,CASE0046
TX303588,CUST10034,2026-02-28,ACH,Credit,746.12,United Arab Emirates,1,CASE0046
TX313528,CUST10034,2026-01-17,Cash Deposit,Debit,3130.87,United States,0,CASE0046
TX303182,CUST10034,2026-03-28,Cash Deposit,Credit,8432.27,Nigeria,1,CASE0046
TX312057,CUST10034,2026-09-11,Wire,Credit,15274.78,Mexico,0,CASE0046
TX312778,CUST10034,2026-06-14,P2P,Debit,2236.06,Mexico,0,CASE0046
TX301151,CUST10034,2026-06-19,Cash Deposit,Credit,41373.6,Turkey,1,CASE0046
TX317911,CUST10034,2026-02-04,Wire,Debit,7946.14,United Arab Emirates,1,CASE0046
TX313046,CUST10034,2026-05-29,Check,Debit,2007.99,Turkey,1,CASE0046
TX305775,CUST10034,2026-07-12,Wire,Debit,8377.58,Canada,0,CASE0046
TX317411,CUST10034,2026-05-23,ACH,Debit,466.75,India,0,CASE0046
TX301982,CUST10034,2026-09-25,Wire,Credit,13772.12,Russia,1,CASE0046
TX321885,CUST10034,2026-01-13,Check,Debit,77471.8,United States,0,CASE0046
TX305959,CUST10034,2026-04-04,Wire,Credit,7799.88,United States,0,CASE0046
TX314414,CUST10034,2026-05-21,Wire,Debit,775.87,India,0,CASE0046
TX318637,CUST10034,2026-05-14,Wire,Debit,15466.3,United Arab Emirates,1,CASE0046
TX308557,CUST10034,2026-02-05,Wire,Debit,8616.58,India,0,CASE0046
TX311058,CUST10034,2026-06-07,Card,Credit,2579.9,Russia,1,CASE0046
TX316143,CUST10034,2026-02-23,Wire,Credit,557.02,United Arab Emirates,1,CASE0046
TX303629,CUST10586,2026-07-21,Wire,Credit,4154.17,United States,0,CASE0047
TX320164,CUST10586,2026-05-13,Card,Credit,5954.97,China,0,CASE0047
TX309518,CUST10586,2026-05-09,Wire,Credit,3293.12,United Arab Emirates,1,CASE0047
TX320336,CUST10586,2026-03-02,P2P,Debit,23355.05,United Kingdom,0,CASE0047
TX317890,CUST10586,2026-04-30,Check,Debit,8015.28,Canada,0,CASE0047
TX307538,CUST10586,2026-01-18,ACH,Credit,1598.59,Russia,1,CASE0047
TX311504,CUST10586,2026-08-13,Cash Deposit,Debit,12882.59,United States,0,CASE0047
TX320370,CUST10586,2026-07-29,Wire,Credit,9178.24,Russia,1,CASE0047
TX309846,CUST10586,2026-09-01,Cash Deposit,Credit,7033.03,Mexico,0,CASE0047
TX309227,CUST10586,2026-03-12,Wire,Debit,53809.75,United Arab Emirates,1,CASE0047
TX304314,CUST10586,2026-05-26,Card,Credit,2865.03,Canada,0,CASE0047
TX313882,CUST10586,2026-04-11,P2P,Credit,10808.73,United Kingdom,0,CASE0047
TX313146,CUST10586,2026-04-01,Wire,Debit,7167.36,China,0,CASE0047
TX306339,CUST10586,2026-01-24,Check,Credit,7020.51,India,0,CASE0047
TX308391,CUST10586,2026-02-13,Card,Debit,11483.13,United States,0,CASE0047
TX316192,CUST10157,2026-08-18,Check,Debit,480.78,India,0,CASE0048
TX302888,CUST10157,2026-06-26,Cash Deposit,Credit,12825.19,Canada,0,CASE0048
TX312580,CUST10157,2026-06-28,Check,Credit,13341.68,Russia,1,CASE0048
TX307996,CUST10157,2026-01-05,Wire,Credit,1107.1,China,0,CASE0048
TX314594,CUST10157,2026-06-06,P2P,Debit,8899.63,Canada,0,CASE0048
TX313738,CUST10157,2026-02-28,Wire,Credit,27129.91,United States,0,CASE0048
TX309903,CUST10157,2026-07-06,Wire,Debit,5481.58,Canada,0,CASE0048
TX311017,CUST10157,2026-03-21,Card,Debit,1295.54,Turkey,1,CASE0048
TX307985,CUST10157,2026-04-23,Check,Debit,11180.54,China,0,CASE0048
TX313409,CUST10157,2026-07-21,Cash Deposit,Debit,18421.87,India,0,CASE0048
TX315818,CUST10157,2026-02-20,Card,Debit,5079.77,India,0,CASE0048
TX303585,CUST10157,2026-01-27,P2P,Debit,9063.77,United Kingdom,0,CASE0048
TX305745,CUST10157,2026-08-24,Wire,Credit,2895.65,United Arab Emirates,1,CASE0048
TX314135,CUST10157,2026-07-02,Wire,Debit,25893.94,United States,0,CASE0048
TX308889,CUST10157,2026-05-06,Cash Withdrawal,Credit,799.81,China,0,CASE0048
TX308221,CUST10157,2026-01-30,Check,Credit,10002.87,China,0,CASE0048
TX308414,CUST10157,2026-06-17,Card,Credit,3471.56,China,0,CASE0048
TX308288,CUST10157,2026-05-24,Cash Withdrawal,Debit,4579.03,United States,0,CASE0048
TX306041,CUST10704,2026-05-20,Card,Credit,14272.78,Canada,0,CASE0049
TX305255,CUST10704,2026-07-21,Cash Deposit,Credit,7954.88,United States,0,CASE0049
TX300195,CUST10704,2026-07-02,Cash Withdrawal,Credit,1082.26,Turkey,1,CASE0049
TX305184,CUST10704,2026-09-07,P2P,Credit,15005.1,China,0,CASE0049
TX309004,CUST10704,2026-01-14,Cash Withdrawal,Debit,3609.28,United Kingdom,0,CASE0049
TX301186,CUST10704,2026-07-22,Wire,Debit,2134.22,United Kingdom,0,CASE0049
TX319576,CUST10704,2026-06-25,Wire,Credit,2442.24,Canada,0,CASE0049
TX304686,CUST10704,2026-05-07,Check,Debit,7280.84,United Arab Emirates,1,CASE0049
TX313247,CUST10704,2026-06-18,ACH,Credit,12898.86,India,0,CASE0049
TX315842,CUST10704,2026-04-28,Card,Credit,4844.89,India,0,CASE0049
TX319903,CUST10704,2026-06-27,ACH,Credit,3978.68,United States,0,CASE0049
TX301101,CUST10704,2026-03-20,P2P,Credit,1589.59,Nigeria,1,CASE0049
TX317384,CUST10704,2026-09-09,Card,Credit,12121.18,United Arab Emirates,1,CASE0049
TX314744,CUST10704,2026-03-28,Wire,Credit,2472.56,China,0,CASE0049
TX313654,CUST10704,2026-08-23,Wire,Debit,2589.59,Canada,0,CASE0049
TX316620,CUST10704,2026-05-25,P2P,Credit,2285.56,United Kingdom,0,CASE0049
TX319191,CUST10704,2026-06-03,Cash Deposit,Credit,834.3,United Arab Emirates,1,CASE0049
TX318140,CUST10704,2026-03-02,Cash Withdrawal,Credit,8914.81,Russia,1,CASE0049
TX316683,CUST10704,2026-04-23,ACH,Credit,13248.96,Canada,0,CASE0049
TX307986,CUST10704,2026-01-29,ACH,Debit,2818.18,United Arab Emirates,1,CASE0049
TX309685,CUST10704,2026-08-23,Check,Debit,5225.33,Nigeria,1,CASE0049
TX318031,CUST10704,2026-08-22,Cash Deposit,Debit,1969.82,United States,0,CASE0049
TX303772,CUST10704,2026-09-08,ACH,Debit,3213.15,Nigeria,1,CASE0049
TX317767,CUST10704,2026-02-02,Wire,Debit,8022.93,United States,0,CASE0049
TX317702,CUST10704,2026-05-21,Cash Deposit,Debit,6749.77,Mexico,0,CASE0049
TX309135,CUST10645,2026-02-04,ACH,Credit,19135.52,India,0,CASE0050
TX311274,CUST10645,2026-09-23,ACH,Credit,22518.05,China,0,CASE0050
TX319029,CUST10645,2026-07-29,Cash Withdrawal,Debit,9106.7,United Kingdom,0,CASE0050
TX310326,CUST10645,2026-07-04,Wire,Credit,88505.14,Turkey,1,CASE0050
TX318425,CUST10645,2026-06-06,Card,Credit,8637.56,Canada,0,CASE0050
TX301752,CUST10645,2026-06-27,Card,Debit,5007.74,India,0,CASE0050
TX317318,CUST10645,2026-03-15,Card,Credit,3443.2,Russia,1,CASE0050
TX302003,CUST10645,2026-08-25,P2P,Debit,4326.56,China,0,CASE0050
TX311359,CUST10645,2026-06-04,Card,Debit,1451.56,Russia,1,CASE0050
TX306577,CUST10645,2026-03-20,Wire,Debit,6177.92,United Arab Emirates,1,CASE0050
TX317685,CUST10836,2026-05-12,Cash Withdrawal,Debit,9982.47,India,0,CASE0051
TX317266,CUST10836,2026-05-25,P2P,Debit,6591.2,Turkey,1,CASE0051
TX316353,CUST10836,2026-01-25,ACH,Credit,3951.33,Turkey,1,CASE0051
TX318801,CUST10836,2026-01-16,Wire,Credit,146316.25,India,0,CASE0051
TX313700,CUST10836,2026-03-22,Check,Credit,15549.25,United States,0,CASE0051
TX302253,CUST10836,2026-05-05,ACH,Debit,18793.06,Russia,1,CASE0051
TX305079,CUST10836,2026-01-14,Wire,Debit,2127.12,India,0,CASE0051
TX314430,CUST10836,2026-02-07,Cash Withdrawal,Credit,24943.87,Mexico,0,CASE0051
TX302770,CUST10836,2026-06-25,Wire,Debit,9137.95,India,0,CASE0051
TX312692,CUST10836,2026-01-25,Wire,Credit,9777.89,China,0,CASE0051
TX303254,CUST10836,2026-06-18,Cash Deposit,Debit,3816.41,United States,0,CASE0051
TX309134,CUST10836,2026-05-23,Cash Deposit,Debit,3606.44,India,0,CASE0051
TX303378,CUST10836,2026-07-10,Wire,Debit,1025.75,India,0,CASE0051
TX312553,CUST10836,2026-02-03,Cash Deposit,Credit,3133.91,Canada,0,CASE0051
TX305574,CUST10836,2026-02-25,Card,Debit,6481.26,Canada,0,CASE0051
TX300184,CUST10836,2026-09-22,P2P,Debit,11046.9,Canada,0,CASE0051
TX304186,CUST10836,2026-01-11,Wire,Credit,1073.18,United Kingdom,0,CASE0051
TX300375,CUST10836,2026-04-05,ACH,Debit,16575.18,Nigeria,1,CASE0051
TX321114,CUST10836,2026-08-09,ACH,Credit,6813.28,Mexico,0,CASE0051
TX317145,CUST10836,2026-03-14,P2P,Debit,10318.39,Turkey,1,CASE0051
TX318203,CUST10836,2026-04-14,Check,Debit,4886.36,United States,0,CASE0051
TX320097,CUST10836,2026-03-23,Card,Credit,11261.33,Nigeria,1,CASE0051
TX305949,CUST10836,2026-04-03,Cash Deposit,Debit,17051.96,Russia,1,CASE0051
TX309520,CUST10836,2026-01-17,Check,Debit,10501.63,Nigeria,1,CASE0051
TX319439,CUST10836,2026-02-24,P2P,Debit,5500.46,Mexico,0,CASE0051
TX300864,CUST10220,2026-07-17,P2P,Debit,2711.19,Canada,0,CASE0052
TX317943,CUST10220,2026-07-20,P2P,Debit,10871.39,United States,0,CASE0052
TX311232,CUST10220,2026-05-12,Card,Debit,16785.05,India,0,CASE0052
TX312715,CUST10220,2026-03-29,Cash Withdrawal,Credit,5305.72,Turkey,1,CASE0052
TX305987,CUST10220,2026-01-16,Check,Credit,2510.04,Mexico,0,CASE0052
TX310781,CUST10220,2026-08-06,Card,Debit,637.03,India,0,CASE0052
TX319204,CUST10220,2026-01-21,Wire,Credit,51182.73,India,0,CASE0052
TX317455,CUST10220,2026-03-11,Wire,Debit,3826.98,Russia,1,CASE0052
TX303561,CUST10220,2026-01-26,Cash Deposit,Credit,13212.03,China,0,CASE0052
TX311473,CUST10220,2026-04-20,P2P,Credit,2842.6,China,0,CASE0052
TX310260,CUST10220,2026-09-18,ACH,Debit,644.37,Canada,0,CASE0052
TX301902,CUST10220,2026-04-13,Wire,Debit,5270.87,Turkey,1,CASE0052
TX315040,CUST10220,2026-02-25,Cash Deposit,Credit,160465.25,Mexico,0,CASE0052
TX313080,CUST10220,2026-01-01,Wire,Credit,15867.19,Canada,0,CASE0052
TX308664,CUST10220,2026-04-02,P2P,Credit,14545.91,Mexico,0,CASE0052
TX314855,CUST10220,2026-09-14,Check,Credit,2961.67,United Arab Emirates,1,CASE0052
TX318887,CUST10220,2026-02-28,P2P,Debit,10760.16,United States,0,CASE0052
TX301047,CUST10220,2026-02-18,Wire,Credit,3651.37,Nigeria,1,CASE0052
TX308376,CUST10220,2026-07-24,P2P,Debit,11736.4,Mexico,0,CASE0052
TX300714,CUST10220,2026-04-26,ACH,Credit,1241.43,Mexico,0,CASE0052
TX309945,CUST10220,2026-02-04,Card,Debit,63787.82,Turkey,1,CASE0052
TX314975,CUST10220,2026-05-05,ACH,Debit,4223.76,United Kingdom,0,CASE0052
TX316934,CUST10220,2026-08-08,ACH,Debit,75982.13,Canada,0,CASE0052
TX314931,CUST10220,2026-01-19,Cash Deposit,Debit,10229.41,Turkey,1,CASE0052
TX320913,CUST10220,2026-04-06,ACH,Debit,12758.95,India,0,CASE0052
TX318146,CUST10265,2026-02-12,ACH,Debit,7221.42,Mexico,0,CASE0053
TX321113,CUST10265,2026-04-21,ACH,Credit,897.43,India,0,CASE0053
TX305102,CUST10265,2026-07-08,Cash Deposit,Debit,10352.32,United Arab Emirates,1,CASE0053
TX313788,CUST10265,2026-07-18,Wire,Credit,20192.2,India,0,CASE0053
TX305979,CUST10265,2026-07-22,Wire,Debit,7281.06,China,0,CASE0053
TX311496,CUST10265,2026-05-01,Cash Deposit,Credit,8795.58,United States,0,CASE0053
TX310049,CUST10265,2026-01-25,ACH,Debit,4848.97,United States,0,CASE0053
TX313392,CUST10265,2026-04-14,Wire,Credit,4188.57,United Arab Emirates,1,CASE0053
TX314433,CUST10265,2026-07-07,P2P,Debit,3002.18,United States,0,CASE0053
TX315175,CUST10265,2026-01-18,Cash Deposit,Credit,13567.22,India,0,CASE0053
TX311294,CUST10265,2026-01-24,P2P,Debit,8069.64,Turkey,1,CASE0053
TX302015,CUST10265,2026-09-11,Card,Credit,10360.03,India,0,CASE0053
TX302971,CUST10265,2026-06-21,ACH,Debit,1098.66,United States,0,CASE0053
TX310383,CUST10265,2026-04-10,Wire,Debit,3751.95,United Arab Emirates,1,CASE0053
TX304728,CUST10265,2026-02-16,Cash Withdrawal,Credit,4233.72,Russia,1,CASE0053
TX307294,CUST10265,2026-07-18,Cash Withdrawal,Credit,2273.29,Russia,1,CASE0053
TX319215,CUST10265,2026-04-28,ACH,Credit,7312.44,United States,0,CASE0053
TX301091,CUST10279,2026-03-29,Cash Deposit,Credit,2415.56,United Kingdom,0,CASE0054
TX309700,CUST10279,2026-09-26,Cash Withdrawal,Debit,5855.4,Mexico,0,CASE0054
TX320929,CUST10279,2026-07-10,Wire,Credit,40432.65,Mexico,0,CASE0054
TX302216,CUST10279,2026-07-09,Cash Deposit,Debit,33117.64,Canada,0,CASE0054
TX302132,CUST10279,2026-02-27,Card,Debit,10587.71,Russia,1,CASE0054
TX310128,CUST10279,2026-03-22,Card,Debit,18961.17,United States,0,CASE0054
TX306560,CUST10279,2026-05-16,ACH,Debit,5509.4,Russia,1,CASE0054
TX308372,CUST10279,2026-05-18,Wire,Credit,4395.02,United States,0,CASE0054
TX314780,CUST10279,2026-01-20,ACH,Debit,5378.56,Mexico,0,CASE0054
TX320745,CUST10279,2026-06-24,ACH,Credit,23494.03,Canada,0,CASE0054
TX301286,CUST10279,2026-03-12,P2P,Debit,4886.3,United States,0,CASE0054
TX315129,CUST10279,2026-03-14,Cash Deposit,Credit,2798.65,Russia,1,CASE0054
TX300841,CUST10279,2026-07-01,Wire,Credit,793.65,Russia,1,CASE0054
TX315720,CUST10279,2026-07-25,Wire,Debit,4105.63,Nigeria,1,CASE0054
TX314111,CUST10279,2026-09-03,P2P,Debit,6364.8,Turkey,1,CASE0054
TX314447,CUST10279,2026-05-22,P2P,Debit,13950.07,Nigeria,1,CASE0054
TX313991,CUST10279,2026-01-23,P2P,Debit,5747.99,India,0,CASE0054
TX308596,CUST10279,2026-08-03,ACH,Credit,14493.6,Russia,1,CASE0054
TX303294,CUST10279,2026-06-25,Cash Deposit,Credit,2161.42,Turkey,1,CASE0054
TX315468,CUST10488,2026-08-30,Cash Deposit,Credit,19098.56,Russia,1,CASE0055
TX318410,CUST10488,2026-05-30,P2P,Debit,12615.2,Canada,0,CASE0055
TX310256,CUST10488,2026-07-19,ACH,Debit,27160.01,Mexico,0,CASE0055
TX304417,CUST10488,2026-07-19,Cash Deposit,Credit,7810.12,Mexico,0,CASE0055
TX301024,CUST10488,2026-04-10,Card,Debit,13480.93,China,0,CASE0055
TX314087,CUST10488,2026-07-05,ACH,Debit,16956.91,United States,0,CASE0055
TX310451,CUST10488,2026-06-03,ACH,Debit,2534.5,United Kingdom,0,CASE0055
TX301765,CUST10488,2026-03-19,Cash Deposit,Debit,5883.63,Russia,1,CASE0055
TX318708,CUST10488,2026-02-07,Wire,Credit,13095.14,India,0,CASE0055
TX303000,CUST10488,2026-04-11,Card,Debit,24525.7,India,0,CASE0055
TX309049,CUST10488,2026-03-15,Wire,Debit,10317.59,United States,0,CASE0055
TX303666,CUST10488,2026-06-20,Wire,Debit,2953.33,Mexico,0,CASE0055
TX309688,CUST10488,2026-08-23,Wire,Credit,2168.04,Russia,1,CASE0055
TX305387,CUST10488,2026-07-27,Cash Deposit,Debit,31436.55,United Kingdom,0,CASE0055
TX300779,CUST10488,2026-07-24,Cash Deposit,Credit,26576.49,Mexico,0,CASE0055
TX304252,CUST10488,2026-05-11,ACH,Debit,8918.77,China,0,CASE0055
TX300783,CUST10488,2026-06-17,ACH,Credit,1312.37,United Arab Emirates,1,CASE0055
TX320710,CUST10488,2026-03-02,Card,Debit,26887.77,Nigeria,1,CASE0055
TX318356,CUST10488,2026-01-29,P2P,Credit,4819.92,Nigeria,1,CASE0055
TX321930,CUST10488,2026-09-13,Wire,Credit,20784.18,Canada,0,CASE0055
TX307369,CUST10488,2026-06-01,Cash Deposit,Credit,3082.06,Turkey,1,CASE0055
TX309144,CUST10488,2026-07-14,Card,Debit,3193.8,Turkey,1,CASE0055
TX304699,CUST10498,2026-08-14,Card,Debit,14062.64,Nigeria,1,CASE0056
TX314326,CUST10498,2026-08-05,Cash Withdrawal,Credit,23650.67,United Arab Emirates,1,CASE0056
TX308786,CUST10498,2026-08-12,Wire,Credit,7756.69,Turkey,1,CASE0056
TX304733,CUST10498,2026-07-02,Check,Debit,17275.91,Nigeria,1,CASE0056
TX304216,CUST10498,2026-08-21,ACH,Debit,1700.92,United States,0,CASE0056
TX312296,CUST10498,2026-03-06,Check,Credit,6768.52,United Arab Emirates,1,CASE0056
TX314556,CUST10498,2026-04-10,Card,Debit,3917.58,India,0,CASE0056
TX312087,CUST10498,2026-06-04,Wire,Debit,7294.34,Canada,0,CASE0056
TX318716,CUST10498,2026-07-24,P2P,Debit,888.68,China,0,CASE0056
TX311436,CUST10498,2026-02-28,Wire,Debit,13328.67,India,0,CASE0056
TX305524,CUST10498,2026-08-08,Check,Credit,5140.03,Canada,0,CASE0056
TX315636,CUST10498,2026-08-27,Check,Credit,6063.18,Turkey,1,CASE0056
TX300816,CUST10498,2026-04-28,Card,Credit,7365.66,India,0,CASE0056
TX304649,CUST10498,2026-08-23,Cash Withdrawal,Credit,13880.24,United Arab Emirates,1,CASE0056
TX304586,CUST10498,2026-06-22,Wire,Debit,1524.05,United States,0,CASE0056
TX317997,CUST10498,2026-08-30,Wire,Debit,5970.24,China,0,CASE0056
TX315216,CUST10498,2026-02-14,ACH,Credit,14046.51,China,0,CASE0056
TX311998,CUST10498,2026-06-07,Cash Deposit,Credit,2463.34,Nigeria,1,CASE0056
TX316346,CUST10498,2026-08-22,Check,Debit,1672.18,Canada,0,CASE0056
TX316834,CUST10498,2026-03-04,Cash Deposit,Credit,514.08,Turkey,1,CASE0056
TX308590,CUST10498,2026-08-13,Cash Deposit,Credit,2279.7,United States,0,CASE0056
TX311823,CUST10498,2026-03-11,Cash Deposit,Debit,57847.4,Mexico,0,CASE0056
TX318691,CUST10498,2026-08-23,Cash Deposit,Debit,16272.04,Turkey,1,CASE0056
TX304492,CUST10498,2026-04-20,P2P,Credit,3312.22,United States,0,CASE0056
TX312799,CUST10498,2026-06-18,Check,Credit,370.41,Canada,0,CASE0056
TX304077,CUST10667,2026-03-25,Wire,Debit,5355.55,Turkey,1,CASE0057
TX305774,CUST10667,2026-07-08,ACH,Debit,10116.43,United Arab Emirates,1,CASE0057
TX316977,CUST10667,2026-08-08,ACH,Credit,753.42,United Arab Emirates,1,CASE0057
TX314386,CUST10667,2026-07-11,Card,Debit,2024.87,Mexico,0,CASE0057
TX301676,CUST10667,2026-09-24,P2P,Credit,1945.82,Canada,0,CASE0057
TX309074,CUST10667,2026-02-05,Wire,Debit,6667.39,Turkey,1,CASE0057
TX300650,CUST10667,2026-08-06,P2P,Debit,2493.33,Turkey,1,CASE0057
TX305191,CUST10667,2026-08-15,Cash Deposit,Credit,2703.85,India,0,CASE0057
TX304037,CUST10667,2026-07-15,P2P,Debit,5990.35,Canada,0,CASE0057
TX317433,CUST10667,2026-06-17,P2P,Credit,4302.94,United States,0,CASE0057
TX321967,CUST10667,2026-04-18,Card,Debit,14060.52,Nigeria,1,CASE0057
TX319488,CUST10667,2026-05-27,Wire,Debit,4252.84,China,0,CASE0057
TX318288,CUST10667,2026-08-03,Cash Deposit,Credit,2294.94,Russia,1,CASE0057
TX315797,CUST10667,2026-04-18,Wire,Credit,3097.81,United States,0,CASE0057
TX316081,CUST10667,2026-05-01,Wire,Credit,28414.21,India,0,CASE0057
TX300207,CUST10667,2026-09-17,Check,Debit,3183.64,China,0,CASE0057
TX316665,CUST10667,2026-06-12,Wire,Debit,1264.84,Turkey,1,CASE0057
TX301180,CUST10667,2026-08-16,ACH,Debit,4231.41,United Arab Emirates,1,CASE0057
TX319614,CUST10667,2026-03-08,Card,Credit,6826.47,China,0,CASE0057
TX307077,CUST10667,2026-01-25,Cash Deposit,Debit,6865.43,Mexico,0,CASE0057
TX302090,CUST10667,2026-07-15,Wire,Credit,1235.46,Turkey,1,CASE0057
TX300189,CUST10667,2026-09-03,P2P,Credit,6962.57,China,0,CASE0057
TX314214,CUST10667,2026-02-25,ACH,Credit,21585.77,Russia,1,CASE0057
TX309015,CUST10667,2026-05-11,Card,Credit,2040.48,Nigeria,1,CASE0057
TX319443,CUST10667,2026-08-24,Card,Credit,8644.5,Nigeria,1,CASE0057
TX316173,CUST10191,2026-01-11,Card,Credit,3637.33,Mexico,0,CASE0058
TX317087,CUST10191,2026-04-30,Card,Credit,5782.49,United Kingdom,0,CASE0058
TX321414,CUST10191,2026-01-16,P2P,Debit,1890.4,Russia,1,CASE0058
TX304656,CUST10191,2026-02-02,Cash Deposit,Debit,45449.53,Turkey,1,CASE0058
TX316380,CUST10191,2026-05-22,Cash Deposit,Debit,12656.0,Canada,0,CASE0058
TX301687,CUST10191,2026-05-11,Check,Credit,4755.55,Nigeria,1,CASE0058
TX318947,CUST10191,2026-02-20,Wire,Credit,1905.21,India,0,CASE0058
TX315217,CUST10191,2026-04-09,ACH,Credit,6084.37,Russia,1,CASE0058
TX315652,CUST10191,2026-08-16,Card,Debit,1504.14,United States,0,CASE0058
TX303495,CUST10191,2026-02-02,ACH,Credit,22349.72,United States,0,CASE0058
TX300780,CUST10191,2026-05-31,Wire,Credit,8761.54,United Arab Emirates,1,CASE0058
TX311111,CUST10191,2026-06-17,Wire,Debit,40841.36,United States,0,CASE0058
TX311298,CUST10191,2026-06-03,Cash Deposit,Credit,3183.01,Nigeria,1,CASE0058
TX319573,CUST10255,2026-04-17,Cash Withdrawal,Debit,2243.46,Turkey,1,CASE0059
TX303113,CUST10255,2026-04-25,Check,Debit,1130.05,United Kingdom,0,CASE0059
TX319943,CUST10255,2026-09-08,Wire,Credit,10061.38,Mexico,0,CASE0059
TX312069,CUST10255,2026-04-27,Cash Deposit,Credit,645.19,Nigeria,1,CASE0059
TX319621,CUST10255,2026-07-11,Check,Credit,6293.49,India,0,CASE0059
TX303489,CUST10255,2026-09-19,P2P,Debit,10435.53,Nigeria,1,CASE0059
TX310872,CUST10255,2026-02-24,Wire,Debit,30967.66,India,0,CASE0059
TX307978,CUST10255,2026-05-29,Card,Debit,31095.41,United States,0,CASE0059
TX318853,CUST10255,2026-05-13,P2P,Debit,1595.87,Turkey,1,CASE0059
TX303149,CUST10255,2026-05-04,Cash Withdrawal,Credit,3431.96,Russia,1,CASE0059
TX307071,CUST10255,2026-01-19,ACH,Credit,448.55,Mexico,0,CASE0059
TX309692,CUST10255,2026-08-03,Wire,Credit,2730.63,Russia,1,CASE0059
TX311367,CUST10255,2026-01-04,Cash Withdrawal,Credit,14419.48,China,0,CASE0059
TX317978,CUST10255,2026-02-09,Wire,Credit,8798.28,India,0,CASE0059
TX305386,CUST10255,2026-07-29,Cash Deposit,Debit,22527.52,Turkey,1,CASE0059
TX320920,CUST10255,2026-03-26,Check,Debit,5586.46,Nigeria,1,CASE0059
TX319125,CUST10255,2026-01-05,Cash Deposit,Credit,2504.72,India,0,CASE0059
TX318343,CUST10255,2026-03-30,ACH,Credit,15818.85,United States,0,CASE0059
TX318656,CUST10255,2026-06-27,Check,Credit,20580.72,United Arab Emirates,1,CASE0059
TX312020,CUST10255,2026-06-04,ACH,Credit,2059.64,Canada,0,CASE0059
TX310960,CUST10255,2026-08-21,Card,Debit,1357.35,India,0,CASE0059
TX306935,CUST10255,2026-08-05,P2P,Debit,7406.29,Russia,1,CASE0059
TX309132,CUST10255,2026-07-12,ACH,Debit,2556.19,Canada,0,CASE0059
TX318932,CUST10255,2026-06-21,P2P,Credit,1980.93,India,0,CASE0059
TX316307,CUST10557,2026-09-30,P2P,Debit,6916.52,Russia,1,CASE0060
TX308739,CUST10557,2026-09-16,Check,Credit,3094.62,United States,0,CASE0060
TX307091,CUST10557,2026-08-17,Wire,Credit,22074.75,India,0,CASE0060
TX311196,CUST10557,2026-08-29,Wire,Debit,11861.77,China,0,CASE0060
TX314278,CUST10557,2026-04-22,ACH,Credit,51094.59,United Kingdom,0,CASE0060
TX318994,CUST10557,2026-03-02,Card,Debit,10253.26,Turkey,1,CASE0060
TX305064,CUST10557,2026-03-08,ACH,Debit,12024.2,United Kingdom,0,CASE0060
TX316600,CUST10557,2026-01-30,ACH,Debit,6080.75,United States,0,CASE0060
TX309182,CUST10557,2026-02-12,Wire,Credit,12746.74,United States,0,CASE0060
TX303651,CUST10557,2026-08-04,Wire,Debit,7604.82,Russia,1,CASE0060
TX321774,CUST10557,2026-04-08,Card,Debit,4696.76,Turkey,1,CASE0060
TX313010,CUST10557,2026-05-31,Card,Credit,865.45,Mexico,0,CASE0060
TX308202,CUST10557,2026-02-18,Card,Credit,6298.91,Canada,0,CASE0060
TX320523,CUST10557,2026-06-07,Cash Deposit,Credit,3796.04,Turkey,1,CASE0060
TX301900,CUST10557,2026-04-10,Check,Debit,4204.42,India,0,CASE0060
TX302830,CUST10557,2026-08-09,ACH,Debit,28239.3,Canada,0,CASE0060
TX307227,CUST10557,2026-08-12,ACH,Credit,4056.09,Turkey,1,CASE0060
TX300601,CUST10557,2026-03-01,ACH,Credit,3317.41,United Kingdom,0,CASE0060
TX308665,CUST10557,2026-08-12,Cash Deposit,Credit,11269.47,Turkey,1,CASE0060
TX317360,CUST10557,2026-03-19,Wire,Credit,3712.6,Mexico,0,CASE0060
TX319301,CUST10557,2026-09-09,Card,Debit,47268.45,Nigeria,1,CASE0060
TX316751,CUST10557,2026-09-11,Card,Debit,3443.64,India,0,CASE0060
TX308110,CUST10194,2026-04-06,Cash Deposit,Credit,45001.08,India,0,CASE0061
TX309449,CUST10194,2026-09-22,Wire,Credit,5619.22,Mexico,0,CASE0061
TX306714,CUST10194,2026-05-07,Cash Deposit,Debit,5595.76,Russia,1,CASE0061
TX312757,CUST10194,2026-03-29,ACH,Credit,2324.33,Nigeria,1,CASE0061
TX314608,CUST10194,2026-07-27,Wire,Credit,2290.9,United States,0,CASE0061
TX317036,CUST10194,2026-05-30,Card,Debit,4783.11,United Kingdom,0,CASE0061
TX306957,CUST10194,2026-01-11,Cash Deposit,Debit,7782.27,Nigeria,1,CASE0061
TX307868,CUST10194,2026-08-24,Check,Credit,20275.64,United Arab Emirates,1,CASE0061
TX319894,CUST10194,2026-01-23,Card,Debit,4937.2,United States,0,CASE0061
TX301537,CUST10194,2026-01-13,Wire,Debit,13009.87,United Kingdom,0,CASE0061
TX319455,CUST10194,2026-06-24,Check,Debit,3754.46,China,0,CASE0061
TX313764,CUST10194,2026-03-09,Cash Deposit,Credit,1256.09,United Kingdom,0,CASE0061
TX311876,CUST10194,2026-08-18,Wire,Credit,1682.76,United States,0,CASE0061
TX303575,CUST10194,2026-04-23,Wire,Credit,19651.17,India,0,CASE0061
TX315542,CUST10194,2026-03-27,Wire,Credit,24358.65,United Arab Emirates,1,CASE0061
TX311953,CUST10194,2026-05-24,Check,Debit,26055.95,China,0,CASE0061
TX317981,CUST10194,2026-04-24,P2P,Debit,962.35,Turkey,1,CASE0061
TX320003,CUST10194,2026-02-08,Cash Deposit,Debit,924.22,Turkey,1,CASE0061
TX316450,CUST10194,2026-05-01,Card,Credit,13656.29,United Arab Emirates,1,CASE0061
TX308268,CUST10194,2026-04-27,Check,Debit,9571.49,Canada,0,CASE0061
TX304900,CUST10194,2026-03-04,Wire,Credit,1946.75,United Kingdom,0,CASE0061
TX321557,CUST10194,2026-09-07,Cash Withdrawal,Debit,16871.04,United Arab Emirates,1,CASE0061
TX320580,CUST10194,2026-06-27,ACH,Credit,19125.81,Canada,0,CASE0061
TX307058,CUST10194,2026-04-03,Card,Debit,11563.79,United Kingdom,0,CASE0061
TX319967,CUST10194,2026-09-20,Wire,Credit,18974.11,Turkey,1,CASE0061
TX321492,CUST10143,2026-05-27,ACH,Debit,19905.69,Canada,0,CASE0062
TX302115,CUST10143,2026-06-02,Cash Deposit,Debit,6756.5,Canada,0,CASE0062
TX305345,CUST10143,2026-03-25,Card,Debit,16558.13,Nigeria,1,CASE0062
TX301429,CUST10143,2026-08-17,Wire,Debit,3517.43,Nigeria,1,CASE0062
TX304860,CUST10143,2026-02-03,Wire,Debit,16285.77,India,0,CASE0062
TX318569,CUST10143,2026-07-17,ACH,Debit,1798.84,United States,0,CASE0062
TX320460,CUST10143,2026-08-20,ACH,Credit,29411.71,China,0,CASE0062
TX312934,CUST10143,2026-03-27,ACH,Debit,993.33,China,0,CASE0062
TX320112,CUST10143,2026-09-13,Wire,Debit,2756.96,China,0,CASE0062
TX310911,CUST10143,2026-06-18,ACH,Credit,4422.9,Nigeria,1,CASE0062
TX306503,CUST10143,2026-05-26,Check,Credit,6392.76,United States,0,CASE0062
TX313437,CUST10143,2026-06-21,Cash Deposit,Debit,6067.38,India,0,CASE0062
TX307414,CUST10143,2026-08-30,Cash Deposit,Credit,1028.12,United Arab Emirates,1,CASE0062
TX307715,CUST10143,2026-07-19,Cash Withdrawal,Credit,2153.64,Nigeria,1,CASE0062
TX312578,CUST10143,2026-01-20,Check,Credit,6581.08,China,0,CASE0062
TX319294,CUST10143,2026-02-07,Wire,Credit,3502.54,India,0,CASE0062
TX320356,CUST10143,2026-05-27,Card,Credit,2198.62,United Arab Emirates,1,CASE0062
TX300382,CUST10143,2026-01-04,Cash Deposit,Credit,6464.46,India,0,CASE0062
TX320828,CUST10143,2026-04-16,Wire,Debit,1033.47,Nigeria,1,CASE0062
TX317202,CUST10143,2026-04-06,P2P,Debit,3368.47,Russia,1,CASE0062
TX320185,CUST10143,2026-09-14,Check,Debit,7631.69,India,0,CASE0062
TX303006,CUST10143,2026-08-10,Card,Debit,2887.5,Russia,1,CASE0062
TX320628,CUST10143,2026-06-17,ACH,Credit,1240.88,Nigeria,1,CASE0062
TX312824,CUST10854,2026-02-11,Check,Debit,5223.09,Russia,1,CASE0063
TX306484,CUST10854,2026-01-29,Wire,Debit,1164.34,Nigeria,1,CASE0063
TX317619,CUST10854,2026-09-07,Check,Debit,8606.91,Mexico,0,CASE0063
TX311460,CUST10854,2026-03-19,P2P,Credit,6094.99,Turkey,1,CASE0063
TX320795,CUST10854,2026-02-14,ACH,Debit,2786.19,United Arab Emirates,1,CASE0063
TX306677,CUST10854,2026-08-29,P2P,Debit,7171.96,United Kingdom,0,CASE0063
TX305763,CUST10854,2026-07-19,P2P,Credit,2946.99,Russia,1,CASE0063
TX301693,CUST10854,2026-02-04,Wire,Debit,3142.96,China,0,CASE0063
TX304108,CUST10854,2026-05-26,Wire,Credit,1828.34,Mexico,0,CASE0063
TX304031,CUST10854,2026-02-09,Card,Credit,19528.72,Mexico,0,CASE0063
TX311103,CUST10854,2026-07-20,Wire,Credit,1630.14,United States,0,CASE0063
TX301723,CUST10854,2026-08-08,Cash Deposit,Credit,15947.98,Nigeria,1,CASE0063
TX307344,CUST10854,2026-05-09,ACH,Credit,3577.92,Turkey,1,CASE0063
TX318099,CUST10854,2026-05-06,Cash Deposit,Debit,11118.38,Mexico,0,CASE0063
TX303054,CUST10854,2026-05-03,Wire,Debit,5683.73,Turkey,1,CASE0063
TX304814,CUST10854,2026-07-25,ACH,Debit,1643.3,Mexico,0,CASE0063
TX303142,CUST10854,2026-01-01,Wire,Debit,2321.74,India,0,CASE0063
TX305410,CUST10854,2026-03-30,Wire,Credit,15727.76,United Arab Emirates,1,CASE0063
TX300699,CUST10854,2026-08-02,P2P,Credit,35740.09,Turkey,1,CASE0063
TX303296,CUST10854,2026-04-29,Cash Deposit,Debit,857.25,China,0,CASE0063
TX301148,CUST10854,2026-04-15,Cash Deposit,Debit,28230.57,Mexico,0,CASE0063
TX318610,CUST10854,2026-01-18,P2P,Debit,3131.25,Nigeria,1,CASE0063
TX308867,CUST10854,2026-01-15,Card,Credit,14684.6,United Kingdom,0,CASE0063
TX312163,CUST10854,2026-08-09,Wire,Debit,4941.11,Turkey,1,CASE0063
TX314024,CUST10854,2026-02-10,Card,Credit,5667.32,Russia,1,CASE0063
TX305159,CUST10838,2026-01-04,Wire,Debit,5636.12,India,0,CASE0064
TX306095,CUST10838,2026-04-13,Cash Deposit,Credit,1122.31,India,0,CASE0064
TX318538,CUST10838,2026-06-23,Wire,Debit,22994.38,United Arab Emirates,1,CASE0064
TX303115,CUST10838,2026-01-02,Cash Withdrawal,Credit,48094.16,Nigeria,1,CASE0064
TX308635,CUST10838,2026-09-10,P2P,Debit,1693.76,United Kingdom,0,CASE0064
TX300366,CUST10838,2026-01-27,ACH,Credit,4291.68,United Arab Emirates,1,CASE0064
TX302289,CUST10838,2026-09-20,Card,Debit,20126.52,United Kingdom,0,CASE0064
TX304301,CUST10838,2026-05-10,Cash Deposit,Debit,15728.28,Mexico,0,CASE0064
TX302660,CUST10838,2026-05-29,ACH,Debit,2826.38,Nigeria,1,CASE0064
TX315822,CUST10838,2026-04-03,ACH,Credit,10864.32,United Kingdom,0,CASE0064
TX318972,CUST10838,2026-07-28,P2P,Debit,896.99,India,0,CASE0064
TX317210,CUST10838,2026-08-13,P2P,Debit,11746.18,Canada,0,CASE0064
TX309031,CUST10838,2026-06-14,Check,Credit,14775.84,Turkey,1,CASE0064
TX318816,CUST10838,2026-06-03,ACH,Debit,1556.81,Canada,0,CASE0064
TX300723,CUST10838,2026-07-27,Card,Debit,2687.16,United States,0,CASE0064
TX307601,CUST10838,2026-05-30,Check,Credit,1458.07,India,0,CASE0064
TX317617,CUST10838,2026-07-30,Wire,Credit,4188.95,United States,0,CASE0064
TX317162,CUST10838,2026-04-17,ACH,Debit,3299.69,United Arab Emirates,1,CASE0064
TX315637,CUST10838,2026-04-11,Wire,Credit,4938.32,United Arab Emirates,1,CASE0064
TX319095,CUST10838,2026-03-25,Card,Credit,7942.09,Nigeria,1,CASE0064
TX314134,CUST10838,2026-06-04,P2P,Credit,690.93,China,0,CASE0064
TX320839,CUST10838,2026-09-29,Wire,Credit,4732.37,China,0,CASE0064
TX301073,CUST10838,2026-08-05,ACH,Debit,2476.26,United Arab Emirates,1,CASE0064
TX301279,CUST10838,2026-03-12,ACH,Credit,1026.19,Canada,0,CASE0064
TX302387,CUST10839,2026-06-06,Card,Credit,3528.76,United Kingdom,0,CASE0065
TX312425,CUST10839,2026-01-08,Wire,Debit,1111.62,India,0,CASE0065
TX306394,CUST10839,2026-04-03,P2P,Debit,9650.2,China,0,CASE0065
TX301452,CUST10839,2026-05-09,ACH,Debit,18603.89,Turkey,1,CASE0065
TX303925,CUST10839,2026-09-09,P2P,Credit,7293.4,India,0,CASE0065
TX320281,CUST10839,2026-09-29,Card,Credit,7615.41,China,0,CASE0065
TX301396,CUST10839,2026-05-20,Cash Withdrawal,Credit,3481.11,Nigeria,1,CASE0065
TX311251,CUST10839,2026-03-15,P2P,Debit,9889.52,United States,0,CASE0065
TX301743,CUST10839,2026-03-30,Card,Credit,2805.54,United States,0,CASE0065
TX318611,CUST10839,2026-02-28,Cash Withdrawal,Debit,5631.72,India,0,CASE0065
TX320657,CUST10839,2026-01-16,Wire,Debit,1576.33,China,0,CASE0065
TX314023,CUST10839,2026-07-21,Wire,Debit,3559.69,Turkey,1,CASE0065
TX319821,CUST10839,2026-04-02,ACH,Credit,11284.01,China,0,CASE0065
TX317243,CUST10839,2026-06-03,Cash Withdrawal,Credit,7797.66,United Arab Emirates,1,CASE0065
TX305143,CUST10839,2026-04-11,ACH,Debit,1991.71,Turkey,1,CASE0065
TX307080,CUST10839,2026-02-14,Wire,Credit,13440.37,India,0,CASE0065
TX302712,CUST10839,2026-05-01,ACH,Credit,32616.65,United States,0,CASE0065
TX318045,CUST10839,2026-01-12,ACH,Credit,20021.02,Canada,0,CASE0065
TX321858,CUST10839,2026-03-20,Cash Deposit,Debit,3146.4,China,0,CASE0065
TX302839,CUST10839,2026-05-15,Wire,Debit,3730.42,United Kingdom,0,CASE0065
TX319564,CUST10839,2026-02-17,P2P,Credit,5210.52,United Kingdom,0,CASE0065
TX311421,CUST10839,2026-07-22,P2P,Credit,908.33,United Arab Emirates,1,CASE0065
TX318851,CUST10839,2026-09-26,ACH,Debit,402.17,Russia,1,CASE0065
TX314365,CUST10839,2026-05-12,ACH,Credit,16461.47,India,0,CASE0065
TX301203,CUST10839,2026-08-14,Card,Credit,6295.56,India,0,CASE0065
TX316750,CUST10164,2026-09-17,ACH,Credit,9055.05,Turkey,1,CASE0066
TX318533,CUST10164,2026-04-07,P2P,Debit,3700.22,China,0,CASE0066
TX308049,CUST10164,2026-04-15,ACH,Credit,4038.32,Mexico,0,CASE0066
TX317867,CUST10164,2026-04-28,Check,Credit,5033.81,United Kingdom,0,CASE0066
TX305895,CUST10164,2026-09-30,P2P,Debit,6160.69,Turkey,1,CASE0066
TX302810,CUST10164,2026-05-25,ACH,Credit,3186.37,Russia,1,CASE0066
TX301827,CUST10164,2026-02-11,ACH,Debit,6935.67,Turkey,1,CASE0066
TX317232,CUST10164,2026-07-22,Check,Credit,14661.08,United Kingdom,0,CASE0066
TX315540,CUST10164,2026-01-29,Wire,Debit,4419.61,Turkey,1,CASE0066
TX302785,CUST10164,2026-08-04,ACH,Credit,600.3,Canada,0,CASE0066
TX306861,CUST10164,2026-07-06,Cash Deposit,Credit,3188.02,India,0,CASE0066
TX301171,CUST10164,2026-06-26,P2P,Debit,5750.77,India,0,CASE0066
TX312652,CUST10164,2026-06-08,Check,Credit,6715.31,China,0,CASE0066
TX311889,CUST10164,2026-07-29,Check,Credit,3412.54,Canada,0,CASE0066
TX319220,CUST10164,2026-06-27,Check,Debit,28286.29,Mexico,0,CASE0066
TX302160,CUST10164,2026-01-13,Check,Debit,8843.68,United Kingdom,0,CASE0066
TX302324,CUST10164,2026-07-29,Wire,Debit,11695.99,Russia,1,CASE0066
TX301842,CUST10164,2026-08-08,P2P,Debit,38451.02,China,0,CASE0066
TX301034,CUST10164,2026-04-20,Card,Debit,4904.27,Mexico,0,CASE0066
TX309285,CUST10164,2026-04-04,P2P,Credit,6664.35,United Kingdom,0,CASE0066
TX307858,CUST10164,2026-07-04,Cash Deposit,Debit,22045.8,United Kingdom,0,CASE0066
TX300748,CUST10164,2026-06-29,P2P,Credit,2746.74,India,0,CASE0066
TX314370,CUST10164,2026-04-11,Wire,Credit,2662.62,China,0,CASE0066
TX306977,CUST10358,2026-05-20,ACH,Debit,49399.89,China,0,CASE0067
TX309079,CUST10358,2026-09-15,Cash Deposit,Debit,675.27,China,0,CASE0067
TX314037,CUST10358,2026-03-05,Wire,Credit,5575.42,Nigeria,1,CASE0067
TX313971,CUST10358,2026-06-18,Cash Deposit,Credit,3888.18,Mexico,0,CASE0067
TX301411,CUST10358,2026-05-31,P2P,Debit,5697.68,United Arab Emirates,1,CASE0067
TX321730,CUST10358,2026-02-28,Wire,Credit,14097.33,India,0,CASE0067
TX303096,CUST10358,2026-09-12,Wire,Credit,44100.91,Mexico,0,CASE0067
TX309026,CUST10358,2026-04-03,Cash Deposit,Credit,8966.39,Russia,1,CASE0067
TX304101,CUST10358,2026-03-25,Card,Debit,3694.47,United Kingdom,0,CASE0067
TX307189,CUST10358,2026-03-18,Cash Deposit,Credit,12693.17,Nigeria,1,CASE0067
TX302101,CUST10358,2026-06-18,Card,Debit,34724.54,China,0,CASE0067
TX312109,CUST10358,2026-07-09,P2P,Credit,2466.32,Canada,0,CASE0067
TX312900,CUST10358,2026-08-23,ACH,Credit,3144.88,China,0,CASE0067
TX321104,CUST10358,2026-02-08,Check,Debit,6490.3,United Arab Emirates,1,CASE0067
TX315422,CUST10358,2026-05-13,Check,Credit,13932.47,China,0,CASE0067
TX315586,CUST10358,2026-08-07,Cash Deposit,Debit,8188.98,Russia,1,CASE0067
TX319568,CUST10358,2026-07-20,Check,Debit,2013.45,Mexico,0,CASE0067
TX302553,CUST10358,2026-08-09,Wire,Debit,379.71,Nigeria,1,CASE0067
TX321519,CUST10358,2026-07-15,Check,Credit,2423.49,Turkey,1,CASE0067
TX302700,CUST10358,2026-09-07,Check,Debit,4831.45,Canada,0,CASE0067
TX314661,CUST10465,2026-06-11,P2P,Credit,3605.69,Russia,1,CASE0068
TX302473,CUST10465,2026-01-24,ACH,Debit,34068.57,United Kingdom,0,CASE0068
TX321475,CUST10465,2026-04-09,Cash Deposit,Debit,9706.57,United Arab Emirates,1,CASE0068
TX310087,CUST10465,2026-04-10,ACH,Debit,6778.79,Canada,0,CASE0068
TX312133,CUST10465,2026-06-24,Cash Deposit,Credit,8532.72,United Arab Emirates,1,CASE0068
TX315914,CUST10465,2026-06-16,Cash Deposit,Debit,24630.9,Russia,1,CASE0068
TX300071,CUST10465,2026-06-27,Wire,Credit,20729.71,India,0,CASE0068
TX302898,CUST10465,2026-01-01,Cash Deposit,Debit,34531.52,United Kingdom,0,CASE0068
TX314811,CUST10465,2026-01-26,Cash Deposit,Debit,3316.13,United Arab Emirates,1,CASE0068
TX302044,CUST10465,2026-07-10,Cash Deposit,Debit,1437.88,United States,0,CASE0068
TX309539,CUST10465,2026-02-18,ACH,Credit,1056.19,United Kingdom,0,CASE0068
TX319238,CUST10465,2026-04-25,ACH,Debit,2055.13,China,0,CASE0068
TX302789,CUST10465,2026-02-15,Check,Credit,2183.46,Mexico,0,CASE0068
TX316543,CUST10465,2026-05-22,Check,Debit,7616.93,United States,0,CASE0068
TX319172,CUST10465,2026-06-01,P2P,Debit,11551.66,United Kingdom,0,CASE0068
TX301209,CUST10465,2026-01-30,P2P,Credit,1234.45,Turkey,1,CASE0068
TX311120,CUST10465,2026-01-18,P2P,Debit,17797.22,United Arab Emirates,1,CASE0068
TX315739,CUST10465,2026-03-18,Wire,Debit,9087.11,China,0,CASE0068
TX312532,CUST10465,2026-09-25,ACH,Debit,1694.65,China,0,CASE0068
TX316430,CUST10465,2026-09-16,Card,Credit,3646.5,India,0,CASE0068
TX320272,CUST10465,2026-04-06,ACH,Credit,8321.65,Mexico,0,CASE0068
TX317850,CUST10465,2026-02-10,Cash Deposit,Credit,12034.52,Mexico,0,CASE0068
TX315243,CUST10465,2026-09-18,P2P,Debit,1889.52,India,0,CASE0068
TX316347,CUST10465,2026-08-19,ACH,Credit,5291.76,Russia,1,CASE0068
TX319251,CUST10465,2026-06-19,P2P,Debit,2775.92,United Arab Emirates,1,CASE0068
TX308076,CUST10705,2026-06-17,Cash Withdrawal,Credit,29592.96,United States,0,CASE0069
TX317935,CUST10705,2026-03-23,Check,Credit,8386.48,United Arab Emirates,1,CASE0069
TX315904,CUST10705,2026-05-17,P2P,Credit,3709.67,Russia,1,CASE0069
TX302247,CUST10705,2026-07-28,P2P,Debit,13898.0,Russia,1,CASE0069
TX306253,CUST10705,2026-09-25,Wire,Debit,5073.84,United Kingdom,0,CASE0069
TX303621,CUST10705,2026-08-25,Wire,Credit,2027.54,United Kingdom,0,CASE0069
TX321144,CUST10705,2026-06-15,Wire,Debit,3998.63,Canada,0,CASE0069
TX302375,CUST10705,2026-09-12,ACH,Debit,813.34,Mexico,0,CASE0069
TX304323,CUST10705,2026-04-03,P2P,Debit,920.28,United Kingdom,0,CASE0069
TX309742,CUST10705,2026-07-26,ACH,Debit,15366.09,United States,0,CASE0069
TX315188,CUST10705,2026-03-04,P2P,Debit,18696.5,United Arab Emirates,1,CASE0069
TX302291,CUST10705,2026-03-14,ACH,Credit,111227.69,Nigeria,1,CASE0069
TX310178,CUST10705,2026-06-07,Check,Debit,2926.62,China,0,CASE0069
TX310572,CUST10705,2026-06-06,ACH,Debit,3242.5,Turkey,1,CASE0069
TX309465,CUST10705,2026-04-12,Card,Debit,2899.54,Nigeria,1,CASE0069
TX309130,CUST10705,2026-09-24,Wire,Credit,7137.74,Mexico,0,CASE0069
TX301888,CUST10705,2026-05-07,Cash Withdrawal,Debit,33067.22,China,0,CASE0069
TX306116,CUST10705,2026-05-14,Cash Withdrawal,Debit,15630.14,Turkey,1,CASE0069
TX309761,CUST10705,2026-05-09,Wire,Credit,4330.63,Canada,0,CASE0069
TX320840,CUST10705,2026-06-30,Check,Debit,21746.01,United Kingdom,0,CASE0069
TX302594,CUST10705,2026-02-14,Card,Debit,23719.73,Russia,1,CASE0069
TX307259,CUST10705,2026-01-08,Cash Withdrawal,Debit,30280.98,Turkey,1,CASE0069
TX300295,CUST10705,2026-09-21,Cash Withdrawal,Debit,15764.6,Russia,1,CASE0069
TX308068,CUST10705,2026-07-08,Wire,Credit,5746.65,Russia,1,CASE0069
TX312458,CUST10705,2026-01-13,Cash Deposit,Credit,5107.52,Mexico,0,CASE0069
TX320624,CUST10553,2026-04-24,P2P,Debit,3772.21,United Arab Emirates,1,CASE0070
TX319881,CUST10553,2026-04-28,ACH,Credit,7302.59,India,0,CASE0070
TX301980,CUST10553,2026-09-16,ACH,Debit,46287.93,India,0,CASE0070
TX312560,CUST10553,2026-05-20,Cash Deposit,Credit,1411.94,India,0,CASE0070
TX301202,CUST10553,2026-04-21,Cash Deposit,Debit,11413.45,Canada,0,CASE0070
TX313185,CUST10553,2026-03-10,P2P,Debit,1639.06,Mexico,0,CASE0070
TX310958,CUST10553,2026-02-17,ACH,Debit,7185.79,United Arab Emirates,1,CASE0070
TX313801,CUST10553,2026-05-18,Cash Deposit,Debit,3299.62,United Arab Emirates,1,CASE0070
TX306321,CUST10553,2026-01-04,Card,Debit,13201.49,China,0,CASE0070
TX301028,CUST10398,2026-09-13,Cash Withdrawal,Credit,3095.33,China,0,CASE0071
TX301947,CUST10398,2026-07-01,Check,Debit,9217.48,United States,0,CASE0071
TX318741,CUST10398,2026-02-05,Check,Debit,11438.45,United States,0,CASE0071
TX315288,CUST10398,2026-02-24,Card,Debit,6340.39,Nigeria,1,CASE0071
TX308600,CUST10398,2026-02-06,P2P,Debit,5865.48,China,0,CASE0071
TX314343,CUST10398,2026-07-23,Card,Debit,7168.27,United Kingdom,0,CASE0071
TX307894,CUST10398,2026-01-12,Card,Debit,2133.81,Canada,0,CASE0071
TX302477,CUST10398,2026-02-14,ACH,Credit,4068.08,United States,0,CASE0071
TX308870,CUST10398,2026-08-08,Wire,Debit,8216.82,Nigeria,1,CASE0071
TX314680,CUST10398,2026-07-23,Cash Deposit,Credit,5579.46,United Kingdom,0,CASE0071
TX304521,CUST10823,2026-01-05,Card,Credit,3740.71,Russia,1,CASE0072
TX307032,CUST10823,2026-02-18,ACH,Debit,1892.96,Russia,1,CASE0072
TX321569,CUST10823,2026-07-22,Card,Credit,4017.69,China,0,CASE0072
TX304899,CUST10823,2026-05-05,Wire,Credit,3042.21,United States,0,CASE0072
TX316888,CUST10823,2026-09-08,Cash Withdrawal,Credit,10418.6,India,0,CASE0072
TX301065,CUST10823,2026-08-30,Wire,Credit,15415.8,Canada,0,CASE0072
TX316302,CUST10823,2026-06-24,Wire,Credit,4724.18,China,0,CASE0072
TX301785,CUST10823,2026-02-13,Card,Credit,5858.49,India,0,CASE0072
TX307550,CUST10823,2026-09-07,Card,Credit,7231.65,United Arab Emirates,1,CASE0072
TX303455,CUST10823,2026-04-02,Card,Debit,4984.67,Nigeria,1,CASE0072
TX302576,CUST10823,2026-03-27,Cash Deposit,Debit,1851.38,Russia,1,CASE0072
TX308250,CUST10823,2026-03-15,P2P,Credit,15312.28,Canada,0,CASE0072
TX303316,CUST10823,2026-01-24,Cash Deposit,Credit,8196.38,United Kingdom,0,CASE0072
TX311027,CUST10823,2026-07-26,ACH,Debit,3358.6,Mexico,0,CASE0072
TX314303,CUST10823,2026-01-18,ACH,Debit,12339.17,United Arab Emirates,1,CASE0072
TX307964,CUST10823,2026-01-27,Check,Credit,5187.34,Mexico,0,CASE0072
TX316217,CUST10823,2026-08-28,ACH,Debit,3598.35,United Kingdom,0,CASE0072
TX308754,CUST10823,2026-03-19,Card,Credit,4828.52,United Arab Emirates,1,CASE0072
TX317633,CUST10823,2026-08-18,ACH,Debit,7153.86,India,0,CASE0072
TX320132,CUST10823,2026-04-10,Wire,Credit,1284.79,United Arab Emirates,1,CASE0072
TX312475,CUST10823,2026-04-21,ACH,Debit,4208.32,United Arab Emirates,1,CASE0072
TX321693,CUST10823,2026-03-09,Wire,Debit,1409.49,China,0,CASE0072
TX306551,CUST10823,2026-08-02,Card,Debit,3528.88,United States,0,CASE0072
TX300361,CUST10823,2026-01-30,Wire,Debit,5770.64,United States,0,CASE0072
TX303431,CUST10823,2026-09-03,Wire,Credit,6524.61,Turkey,1,CASE0072
TX308069,CUST10016,2026-04-16,Wire,Debit,2820.74,India,0,CASE0073
TX301183,CUST10016,2026-08-25,Cash Deposit,Credit,12554.94,Canada,0,CASE0073
TX311423,CUST10016,2026-07-08,ACH,Credit,3928.08,Turkey,1,CASE0073
TX321828,CUST10016,2026-02-18,Card,Debit,17701.57,India,0,CASE0073
TX301659,CUST10016,2026-07-30,Cash Deposit,Credit,3620.45,China,0,CASE0073
TX301608,CUST10016,2026-05-14,Wire,Credit,15683.43,Canada,0,CASE0073
TX308782,CUST10016,2026-01-26,Card,Debit,6301.94,India,0,CASE0073
TX306192,CUST10016,2026-06-16,Wire,Credit,7613.73,Mexico,0,CASE0073
TX308536,CUST10016,2026-01-09,Cash Deposit,Debit,35471.61,United States,0,CASE0073
TX305642,CUST10016,2026-03-07,Cash Deposit,Debit,7137.06,Russia,1,CASE0073
TX308430,CUST10016,2026-09-22,Card,Debit,16472.78,Russia,1,CASE0073
TX321199,CUST10046,2026-01-03,Check,Debit,104564.64,Turkey,1,CASE0074
TX310994,CUST10046,2026-02-07,P2P,Debit,5474.4,Turkey,1,CASE0074
TX311413,CUST10046,2026-09-16,Cash Withdrawal,Credit,2134.92,Canada,0,CASE0074
TX315579,CUST10046,2026-09-23,Card,Credit,17588.64,Mexico,0,CASE0074
TX311770,CUST10046,2026-08-25,ACH,Credit,14563.71,Turkey,1,CASE0074
TX307949,CUST10046,2026-09-15,P2P,Debit,24185.59,United Arab Emirates,1,CASE0074
TX304676,CUST10046,2026-04-16,ACH,Credit,2600.45,United Kingdom,0,CASE0074
TX321003,CUST10046,2026-07-25,Card,Credit,7044.88,Canada,0,CASE0074
TX319447,CUST10046,2026-09-01,ACH,Debit,74250.46,United Kingdom,0,CASE0074
TX307584,CUST10046,2026-03-28,Card,Debit,4403.56,China,0,CASE0074
TX302080,CUST10046,2026-06-20,P2P,Debit,16828.84,United Kingdom,0,CASE0074
TX309359,CUST10046,2026-06-27,Wire,Credit,1166.86,United Arab Emirates,1,CASE0074
TX320068,CUST10046,2026-04-18,Wire,Debit,38365.63,Turkey,1,CASE0074
TX315600,CUST10046,2026-07-27,Card,Debit,3480.71,Canada,0,CASE0074
TX312881,CUST10046,2026-09-10,P2P,Credit,2960.17,China,0,CASE0074
TX319914,CUST10046,2026-05-27,ACH,Debit,1698.54,Russia,1,CASE0074
TX320273,CUST10046,2026-03-15,Card,Credit,10125.44,United Kingdom,0,CASE0074
TX313567,CUST10046,2026-09-22,Cash Withdrawal,Debit,3006.2,Canada,0,CASE0074
TX318449,CUST10046,2026-07-12,Wire,Debit,3797.11,Turkey,1,CASE0074
TX300956,CUST10046,2026-07-24,Card,Debit,3912.64,Mexico,0,CASE0074
TX302809,CUST10046,2026-09-23,ACH,Credit,1006.11,China,0,CASE0074
TX303363,CUST10046,2026-04-15,ACH,Debit,5209.98,China,0,CASE0074
TX321666,CUST10046,2026-01-09,Card,Credit,3840.41,Nigeria,1,CASE0074
TX306587,CUST10046,2026-01-11,Wire,Credit,3908.35,United Arab Emirates,1,CASE0074
TX309319,CUST10046,2026-09-01,Wire,Credit,14233.21,United States,0,CASE0074
TX315829,CUST10145,2026-08-04,Card,Debit,28579.18,Mexico,0,CASE0075
TX320697,CUST10145,2026-03-31,P2P,Debit,4986.24,India,0,CASE0075
TX301478,CUST10145,2026-09-23,ACH,Credit,11894.05,Canada,0,CASE0075
TX306450,CUST10145,2026-08-11,Card,Debit,10755.36,Turkey,1,CASE0075
TX311442,CUST10145,2026-09-19,P2P,Credit,3114.64,India,0,CASE0075
TX307643,CUST10145,2026-04-15,Cash Withdrawal,Debit,25132.65,United States,0,CASE0075
TX304057,CUST10145,2026-09-04,P2P,Debit,4992.63,China,0,CASE0075
TX303302,CUST10145,2026-06-01,P2P,Debit,3206.15,Canada,0,CASE0075
TX311511,CUST10145,2026-09-13,ACH,Debit,3951.08,India,0,CASE0075
TX301934,CUST10145,2026-08-01,Wire,Debit,59879.43,Russia,1,CASE0075
TX308881,CUST10145,2026-02-22,Wire,Credit,13659.0,Mexico,0,CASE0075
TX320681,CUST10145,2026-08-07,Wire,Debit,3522.05,Canada,0,CASE0075
TX317877,CUST10145,2026-02-20,Wire,Credit,41361.35,United States,0,CASE0075
TX321765,CUST10145,2026-04-20,Cash Deposit,Credit,5137.43,United Kingdom,0,CASE0075
TX300719,CUST10145,2026-02-24,ACH,Debit,6584.17,Nigeria,1,CASE0075
TX300211,CUST10145,2026-01-27,Wire,Debit,4661.34,China,0,CASE0075
TX301026,CUST10145,2026-07-28,Cash Withdrawal,Credit,8349.49,United Kingdom,0,CASE0075
TX303520,CUST10145,2026-01-27,Cash Withdrawal,Debit,14836.2,United Arab Emirates,1,CASE0075
TX304424,CUST10145,2026-09-02,ACH,Debit,2024.36,Russia,1,CASE0075
TX313399,CUST10145,2026-05-07,ACH,Credit,7557.09,China,0,CASE0075
TX316324,CUST10145,2026-03-20,Wire,Credit,3727.92,United Kingdom,0,CASE0075
TX316714,CUST10145,2026-02-14,ACH,Credit,1550.81,India,0,CASE0075
TX314864,CUST10145,2026-01-26,Card,Debit,13511.35,Canada,0,CASE0075
TX318476,CUST10145,2026-02-13,Wire,Credit,3028.78,China,0,CASE0075
TX321723,CUST10145,2026-04-06,Wire,Debit,24606.2,Mexico,0,CASE0075
TX320555,CUST10444,2026-02-11,Wire,Debit,12605.32,Mexico,0,CASE0076
TX310850,CUST10444,2026-09-21,Cash Deposit,Credit,14060.43,United Arab Emirates,1,CASE0076
TX305880,CUST10444,2026-09-08,ACH,Debit,6520.61,United Arab Emirates,1,CASE0076
TX304446,CUST10444,2026-05-08,Card,Debit,1712.19,China,0,CASE0076
TX304852,CUST10444,2026-05-03,Wire,Debit,10904.33,Russia,1,CASE0076
TX310247,CUST10444,2026-09-30,ACH,Debit,12876.22,China,0,CASE0076
TX307299,CUST10444,2026-07-04,Wire,Debit,25633.96,Canada,0,CASE0076
TX313881,CUST10444,2026-04-12,ACH,Debit,4387.38,Turkey,1,CASE0076
TX300422,CUST10444,2026-05-02,Wire,Credit,4676.33,Nigeria,1,CASE0076
TX306494,CUST10444,2026-08-17,Wire,Debit,767.54,Mexico,0,CASE0076
TX319720,CUST10444,2026-09-24,ACH,Debit,4547.7,Mexico,0,CASE0076
TX303207,CUST10444,2026-09-26,Card,Debit,3318.63,India,0,CASE0076
TX319921,CUST10444,2026-08-04,Wire,Debit,1686.95,Russia,1,CASE0076
TX305514,CUST10444,2026-04-07,Check,Debit,1077.37,United States,0,CASE0076
TX317413,CUST10444,2026-07-01,Check,Debit,2658.73,China,0,CASE0076
TX315338,CUST10444,2026-01-29,Wire,Credit,967.85,Mexico,0,CASE0076
TX301701,CUST10444,2026-03-26,P2P,Credit,2280.53,United Arab Emirates,1,CASE0076
TX319904,CUST10444,2026-06-04,P2P,Credit,2890.05,Turkey,1,CASE0076
TX317932,CUST10444,2026-05-09,Cash Deposit,Debit,7140.3,Nigeria,1,CASE0076
TX318705,CUST10444,2026-05-30,Wire,Debit,3128.48,Canada,0,CASE0076
TX300172,CUST10444,2026-03-12,Cash Deposit,Credit,13296.05,Nigeria,1,CASE0076
TX303401,CUST10444,2026-03-14,Cash Withdrawal,Credit,3101.72,Nigeria,1,CASE0076
TX318272,CUST10015,2026-05-09,Card,Debit,8208.41,United Kingdom,0,CASE0077
TX309907,CUST10015,2026-04-30,Cash Deposit,Credit,11767.12,United Kingdom,0,CASE0077
TX321590,CUST10015,2026-02-07,Wire,Credit,16709.5,United States,0,CASE0077
TX306666,CUST10015,2026-03-10,Wire,Credit,7780.52,United Kingdom,0,CASE0077
TX306657,CUST10015,2026-09-24,Wire,Debit,3961.41,United States,0,CASE0077
TX308351,CUST10015,2026-06-09,Cash Withdrawal,Debit,3133.61,Mexico,0,CASE0077
TX300838,CUST10015,2026-09-23,Card,Debit,1495.1,India,0,CASE0077
TX300594,CUST10015,2026-03-22,Card,Debit,3272.46,India,0,CASE0077
TX312050,CUST10015,2026-06-17,Cash Withdrawal,Debit,2595.75,China,0,CASE0077
TX312156,CUST10015,2026-05-24,ACH,Credit,11637.88,China,0,CASE0077
TX301187,CUST10015,2026-01-16,P2P,Credit,9079.51,Russia,1,CASE0077
TX307943,CUST10015,2026-09-05,Check,Debit,20224.92,Russia,1,CASE0077
TX318572,CUST10015,2026-03-29,Cash Deposit,Credit,2490.25,United Kingdom,0,CASE0077
TX316859,CUST10611,2026-04-28,Check,Credit,10384.76,Mexico,0,CASE0078
TX321444,CUST10611,2026-08-31,Check,Debit,2636.55,China,0,CASE0078
TX301727,CUST10611,2026-01-20,Cash Deposit,Debit,8315.78,India,0,CASE0078
TX317871,CUST10611,2026-09-09,Cash Withdrawal,Debit,4957.19,United Arab Emirates,1,CASE0078
TX311588,CUST10611,2026-06-01,Cash Deposit,Credit,8276.45,United States,0,CASE0078
TX321079,CUST10611,2026-07-13,Wire,Credit,28692.45,United States,0,CASE0078
TX318355,CUST10611,2026-08-28,Cash Withdrawal,Debit,10003.59,Russia,1,CASE0078
TX315607,CUST10611,2026-08-17,Cash Deposit,Credit,8287.09,United Arab Emirates,1,CASE0078
TX317502,CUST10611,2026-02-14,Cash Deposit,Credit,2982.22,United States,0,CASE0078
TX310152,CUST10611,2026-02-09,Cash Withdrawal,Debit,9481.94,India,0,CASE0078
TX314861,CUST10611,2026-05-19,Cash Deposit,Credit,8538.62,United Kingdom,0,CASE0078
TX311002,CUST10611,2026-06-08,Card,Debit,5835.83,China,0,CASE0078
TX300308,CUST10611,2026-04-30,Card,Debit,4453.19,Russia,1,CASE0078
TX301821,CUST10611,2026-07-16,Wire,Credit,10557.81,Mexico,0,CASE0078
TX303333,CUST10611,2026-07-18,Cash Deposit,Credit,8181.21,Nigeria,1,CASE0078
TX304232,CUST10611,2026-01-24,P2P,Debit,21657.37,Nigeria,1,CASE0078
TX321627,CUST10611,2026-08-29,Wire,Credit,7458.02,Canada,0,CASE0078
TX308118,CUST10611,2026-06-22,Check,Credit,454.25,United Kingdom,0,CASE0078
TX311089,CUST10611,2026-02-22,Cash Deposit,Debit,46591.14,India,0,CASE0078
TX300582,CUST10611,2026-07-18,ACH,Debit,13586.06,Canada,0,CASE0078
TX307695,CUST10611,2026-03-11,Card,Debit,14504.56,Canada,0,CASE0078
TX301628,CUST10611,2026-07-21,Cash Withdrawal,Debit,4582.85,China,0,CASE0078
TX302140,CUST10611,2026-08-10,Check,Debit,1868.72,United Arab Emirates,1,CASE0078
TX304876,CUST10570,2026-04-13,ACH,Debit,37427.33,China,0,CASE0079
TX321645,CUST10570,2026-09-06,ACH,Debit,6907.58,Russia,1,CASE0079
TX315772,CUST10570,2026-01-23,Wire,Debit,12952.03,Russia,1,CASE0079
TX310236,CUST10570,2026-06-24,Wire,Debit,4147.94,United States,0,CASE0079
TX314662,CUST10570,2026-04-08,ACH,Debit,12456.33,Canada,0,CASE0079
TX313825,CUST10570,2026-04-02,P2P,Debit,5567.6,India,0,CASE0079
TX321595,CUST10570,2026-06-28,Wire,Debit,828.29,China,0,CASE0079
TX320292,CUST10570,2026-07-05,Cash Withdrawal,Credit,5092.07,Canada,0,CASE0079
TX311517,CUST10570,2026-02-28,Wire,Debit,3795.33,Nigeria,1,CASE0079
TX310894,CUST10570,2026-07-02,Card,Credit,17283.87,United States,0,CASE0079
TX303198,CUST10570,2026-01-31,Check,Debit,6455.46,Nigeria,1,CASE0079
TX315782,CUST10570,2026-05-30,Card,Debit,5711.52,Canada,0,CASE0079
TX318496,CUST10570,2026-08-15,Wire,Credit,6498.82,India,0,CASE0079
TX314411,CUST10570,2026-01-12,Card,Debit,10186.2,Nigeria,1,CASE0079
TX305707,CUST10570,2026-02-14,Wire,Debit,13474.03,China,0,CASE0079
TX313597,CUST10570,2026-07-25,Cash Withdrawal,Credit,9465.87,United States,0,CASE0079
TX320673,CUST10570,2026-08-02,P2P,Debit,2452.73,Turkey,1,CASE0079
TX308324,CUST10408,2026-02-19,Wire,Credit,2185.73,Mexico,0,CASE0080
TX320278,CUST10408,2026-04-23,P2P,Debit,20291.12,Mexico,0,CASE0080
TX315881,CUST10408,2026-01-16,P2P,Credit,4259.77,Nigeria,1,CASE0080
TX316902,CUST10408,2026-02-01,Card,Credit,4771.42,China,0,CASE0080
TX314571,CUST10408,2026-01-20,Check,Credit,11348.23,United States,0,CASE0080
TX319857,CUST10408,2026-03-13,ACH,Credit,1183.74,Canada,0,CASE0080
TX321460,CUST10408,2026-07-14,Cash Deposit,Credit,753.89,United States,0,CASE0080
TX308296,CUST10408,2026-02-02,Wire,Credit,20909.58,Nigeria,1,CASE0080
TX313717,CUST10408,2026-04-12,Cash Withdrawal,Debit,382.13,Russia,1,CASE0080
TX314827,CUST10408,2026-03-24,Check,Credit,9555.64,United Arab Emirates,1,CASE0080
TX304153,CUST10408,2026-05-31,Check,Credit,6764.53,Nigeria,1,CASE0080
TX320240,CUST10408,2026-03-04,Check,Credit,6868.59,United Kingdom,0,CASE0080
TX321347,CUST10408,2026-04-18,P2P,Credit,6853.47,Nigeria,1,CASE0080
TX318710,CUST10408,2026-05-08,Cash Deposit,Debit,24733.11,Turkey,1,CASE0080
TX306387,CUST10408,2026-05-23,Cash Deposit,Credit,10001.01,India,0,CASE0080
TX310050,CUST10408,2026-05-15,Card,Credit,8995.37,Turkey,1,CASE0080
TX308618,CUST10408,2026-02-27,ACH,Credit,2358.61,United States,0,CASE0080
TX300949,CUST10408,2026-05-30,Check,Debit,7333.97,Canada,0,CASE0080
TX320899,CUST10408,2026-03-12,Check,Credit,1704.46,Russia,1,CASE0080
TX311880,CUST10408,2026-02-08,Wire,Debit,3324.64,United Kingdom,0,CASE0080
TX313604,CUST10408,2026-03-28,ACH,Debit,6113.9,Mexico,0,CASE0080
TX321551,CUST10408,2026-05-08,ACH,Credit,3601.08,Nigeria,1,CASE0080
TX304253,CUST10408,2026-08-20,P2P,Credit,48219.6,China,0,CASE0080
TX304481,CUST10408,2026-03-01,Check,Credit,1303.58,United Kingdom,0,CASE0080
TX318480,CUST10408,2026-06-09,Cash Withdrawal,Credit,13272.5,United States,0,CASE0080
TX314244,CUST10770,2026-01-11,Check,Credit,1490.02,United Kingdom,0,CASE0081
TX314530,CUST10770,2026-02-11,Cash Deposit,Credit,10847.96,Nigeria,1,CASE0081
TX306000,CUST10770,2026-08-08,Wire,Credit,887.71,Turkey,1,CASE0081
TX314597,CUST10770,2026-04-18,Check,Credit,3244.16,China,0,CASE0081
TX307485,CUST10770,2026-03-30,Wire,Debit,5526.8,India,0,CASE0081
TX302964,CUST10770,2026-08-01,Check,Debit,1364.59,Russia,1,CASE0081
TX307767,CUST10770,2026-09-07,ACH,Debit,9940.07,Turkey,1,CASE0081
TX311097,CUST10770,2026-07-17,Wire,Debit,2456.04,Russia,1,CASE0081
TX315498,CUST10770,2026-06-14,Cash Deposit,Debit,17158.01,Turkey,1,CASE0081
TX306094,CUST10770,2026-01-26,Card,Debit,2343.07,Turkey,1,CASE0081
TX300149,CUST10770,2026-04-23,ACH,Credit,29836.9,India,0,CASE0081
TX305671,CUST10770,2026-02-12,ACH,Debit,5739.05,Turkey,1,CASE0081
TX303223,CUST10770,2026-07-24,ACH,Credit,19928.48,United Arab Emirates,1,CASE0081
TX320865,CUST10770,2026-03-17,Check,Debit,4696.92,India,0,CASE0081
TX301152,CUST10770,2026-07-23,Cash Withdrawal,Credit,6637.94,India,0,CASE0081
TX317283,CUST10770,2026-09-13,Wire,Debit,6602.02,China,0,CASE0081
TX320048,CUST10770,2026-01-11,ACH,Debit,8654.64,China,0,CASE0081
TX305911,CUST10770,2026-05-23,ACH,Credit,3827.86,Nigeria,1,CASE0081
TX305210,CUST10770,2026-07-02,Wire,Debit,7892.5,Russia,1,CASE0081
TX310711,CUST10195,2026-05-25,ACH,Debit,3886.95,China,0,CASE0082
TX321889,CUST10195,2026-01-25,Wire,Debit,11238.12,United States,0,CASE0082
TX310478,CUST10195,2026-03-13,Wire,Credit,4284.24,United Kingdom,0,CASE0082
TX318847,CUST10195,2026-09-05,ACH,Credit,8191.35,Nigeria,1,CASE0082
TX309626,CUST10195,2026-05-04,P2P,Debit,570.57,Canada,0,CASE0082
TX303190,CUST10195,2026-07-15,Cash Deposit,Credit,3003.28,United Kingdom,0,CASE0082
TX316008,CUST10195,2026-03-10,ACH,Debit,6777.48,Nigeria,1,CASE0082
TX302574,CUST10195,2026-05-03,Wire,Debit,4806.08,Nigeria,1,CASE0082
TX309329,CUST10195,2026-07-27,Cash Deposit,Credit,3606.41,United Arab Emirates,1,CASE0082
TX312065,CUST10195,2026-02-28,Card,Credit,6737.65,Canada,0,CASE0082
TX304047,CUST10195,2026-07-02,Cash Withdrawal,Credit,4602.81,India,0,CASE0082
TX307443,CUST10195,2026-03-11,Check,Credit,1944.23,United Arab Emirates,1,CASE0082
TX311071,CUST10195,2026-03-03,Cash Withdrawal,Debit,776.33,China,0,CASE0082
TX320108,CUST10195,2026-01-31,Card,Debit,6965.51,United Kingdom,0,CASE0082
TX319289,CUST10195,2026-01-08,ACH,Credit,51472.42,United Arab Emirates,1,CASE0082
TX300767,CUST10195,2026-02-28,Card,Debit,19427.26,United Arab Emirates,1,CASE0082
TX307639,CUST10195,2026-08-10,Card,Credit,2295.68,China,0,CASE0082
TX308400,CUST10195,2026-06-12,Wire,Credit,4081.06,Canada,0,CASE0082
TX319784,CUST10195,2026-01-22,Wire,Credit,1602.84,Nigeria,1,CASE0082
TX321278,CUST10195,2026-02-23,P2P,Debit,4538.49,India,0,CASE0082
TX309530,CUST10195,2026-06-20,Card,Debit,13412.5,Mexico,0,CASE0082
TX301214,CUST10195,2026-08-22,ACH,Debit,11019.79,United Arab Emirates,1,CASE0082
TX314658,CUST10195,2026-05-06,Wire,Debit,1476.95,China,0,CASE0082
TX304318,CUST10195,2026-02-21,Cash Withdrawal,Debit,8720.72,United Arab Emirates,1,CASE0082
TX305270,CUST10195,2026-05-20,Cash Withdrawal,Credit,7415.02,United States,0,CASE0082
TX316101,CUST10558,2026-08-24,Cash Withdrawal,Credit,1985.77,Turkey,1,CASE0083
TX320440,CUST10558,2026-03-10,ACH,Debit,2786.63,United Kingdom,0,CASE0083
TX310696,CUST10558,2026-04-15,Wire,Debit,3977.95,China,0,CASE0083
TX317363,CUST10558,2026-05-05,Card,Debit,3477.93,India,0,CASE0083
TX315665,CUST10558,2026-01-11,Cash Deposit,Credit,2103.39,Mexico,0,CASE0083
TX315543,CUST10558,2026-02-10,Check,Debit,42377.17,United Arab Emirates,1,CASE0083
TX307121,CUST10558,2026-01-16,P2P,Debit,9242.66,Russia,1,CASE0083
TX304354,CUST10558,2026-09-27,Cash Withdrawal,Debit,3950.34,Mexico,0,CASE0083
TX320136,CUST10558,2026-05-30,Wire,Debit,5749.81,Nigeria,1,CASE0083
TX315075,CUST10558,2026-07-19,ACH,Credit,18073.51,Mexico,0,CASE0083
TX304633,CUST10558,2026-05-17,Card,Credit,1300.4,United Arab Emirates,1,CASE0083
TX316742,CUST10558,2026-04-26,Wire,Debit,14910.65,Mexico,0,CASE0083
TX318003,CUST10558,2026-06-12,Wire,Debit,9277.52,Mexico,0,CASE0083
TX305476,CUST10558,2026-02-11,Cash Deposit,Credit,4490.34,United Kingdom,0,CASE0083
TX315441,CUST10558,2026-07-29,Wire,Credit,3034.62,Mexico,0,CASE0083
TX314291,CUST10558,2026-07-13,Cash Withdrawal,Debit,17828.27,United States,0,CASE0083
TX311624,CUST10558,2026-06-05,P2P,Debit,7275.02,Mexico,0,CASE0083
TX318461,CUST10558,2026-06-21,Check,Credit,4023.43,Nigeria,1,CASE0083
TX313577,CUST10114,2026-05-05,ACH,Credit,4150.08,United Arab Emirates,1,CASE0084
TX303608,CUST10114,2026-07-05,ACH,Credit,851.59,Russia,1,CASE0084
TX309775,CUST10114,2026-09-26,ACH,Credit,2621.87,India,0,CASE0084
TX302290,CUST10114,2026-08-21,Card,Credit,3322.46,Russia,1,CASE0084
TX316643,CUST10114,2026-06-16,P2P,Debit,6981.62,United Kingdom,0,CASE0084
TX302862,CUST10114,2026-03-06,ACH,Credit,8399.9,United States,0,CASE0084
TX301476,CUST10114,2026-07-18,Card,Debit,2076.32,Turkey,1,CASE0084
TX300948,CUST10114,2026-03-02,Cash Withdrawal,Debit,14201.29,United States,0,CASE0084
TX318541,CUST10114,2026-01-22,Wire,Debit,8825.68,Turkey,1,CASE0084
TX311412,CUST10114,2026-06-13,Wire,Debit,24656.73,United States,0,CASE0084
TX300560,CUST10114,2026-04-15,P2P,Credit,12467.09,Canada,0,CASE0084
TX304244,CUST10114,2026-05-06,Wire,Debit,1733.67,United States,0,CASE0084
TX311857,CUST10114,2026-05-25,Wire,Debit,12691.54,Canada,0,CASE0084
TX314071,CUST10114,2026-09-15,ACH,Debit,14229.02,United Kingdom,0,CASE0084
TX320997,CUST10114,2026-07-13,Check,Credit,3890.39,United States,0,CASE0084
TX312092,CUST10114,2026-01-15,Check,Debit,27515.23,United Arab Emirates,1,CASE0084
TX303682,CUST10114,2026-05-12,Wire,Credit,4326.22,Nigeria,1,CASE0084
TX314477,CUST10114,2026-03-07,ACH,Credit,2132.63,United Kingdom,0,CASE0084
TX313182,CUST10114,2026-07-18,Wire,Credit,9782.76,Nigeria,1,CASE0084
TX315660,CUST10114,2026-08-31,Cash Withdrawal,Credit,652.93,Nigeria,1,CASE0084
TX303356,CUST10114,2026-01-12,P2P,Debit,3803.47,Mexico,0,CASE0084
TX310599,CUST10114,2026-07-26,Card,Debit,5246.73,Russia,1,CASE0084
TX312354,CUST10114,2026-06-06,ACH,Credit,19139.16,Canada,0,CASE0084
TX314863,CUST10114,2026-03-15,Cash Deposit,Debit,7648.85,China,0,CASE0084
TX314528,CUST10005,2026-01-10,ACH,Debit,3678.99,Nigeria,1,CASE0085
TX303636,CUST10005,2026-04-24,P2P,Debit,8902.33,Nigeria,1,CASE0085
TX309272,CUST10005,2026-08-23,Cash Deposit,Credit,2629.89,United Kingdom,0,CASE0085
TX317549,CUST10005,2026-08-20,Card,Debit,18236.36,United Kingdom,0,CASE0085
TX304821,CUST10005,2026-08-09,P2P,Debit,84209.0,Turkey,1,CASE0085
TX305898,CUST10005,2026-04-06,Card,Credit,18988.61,Russia,1,CASE0085
TX321067,CUST10005,2026-04-15,Card,Debit,3964.18,Turkey,1,CASE0085
TX318506,CUST10005,2026-04-20,Check,Debit,18456.45,India,0,CASE0085
TX320305,CUST10005,2026-08-20,Wire,Debit,6809.05,United States,0,CASE0085
TX317527,CUST10005,2026-01-26,Wire,Credit,1521.8,Canada,0,CASE0085
TX302723,CUST10005,2026-06-29,Check,Debit,16614.66,China,0,CASE0085
TX307805,CUST10005,2026-07-06,Wire,Credit,5713.06,China,0,CASE0085
TX311229,CUST10005,2026-01-22,Cash Deposit,Debit,9929.69,Russia,1,CASE0085
TX314491,CUST10005,2026-04-20,ACH,Debit,10385.34,Canada,0,CASE0085
TX314645,CUST10005,2026-02-26,P2P,Debit,3204.36,United Arab Emirates,1,CASE0085
TX309599,CUST10005,2026-07-11,ACH,Debit,9159.91,Turkey,1,CASE0085
TX304133,CUST10005,2026-09-21,Wire,Credit,10202.24,Nigeria,1,CASE0085
TX315928,CUST10005,2026-09-15,Check,Debit,12186.08,United Arab Emirates,1,CASE0085
TX304118,CUST10005,2026-09-09,Wire,Credit,22738.56,Canada,0,CASE0085
TX305695,CUST10005,2026-09-02,Cash Deposit,Debit,32826.52,Canada,0,CASE0085
TX318674,CUST10005,2026-05-02,Card,Debit,2495.52,United Kingdom,0,CASE0085
TX301267,CUST10005,2026-06-11,P2P,Credit,25477.17,Turkey,1,CASE0085
TX321098,CUST10005,2026-07-17,Check,Debit,16261.05,Russia,1,CASE0085
TX321530,CUST10005,2026-03-23,Wire,Credit,4366.98,United Kingdom,0,CASE0085
TX308080,CUST10005,2026-08-19,Cash Withdrawal,Debit,1026.52,China,0,CASE0085
TX321496,CUST10650,2026-07-01,ACH,Debit,4116.1,Canada,0,CASE0086
TX301989,CUST10650,2026-02-23,Cash Deposit,Credit,7921.56,India,0,CASE0086
TX305513,CUST10650,2026-05-22,P2P,Debit,2577.39,Canada,0,CASE0086
TX300986,CUST10650,2026-09-09,Wire,Credit,9579.6,United States,0,CASE0086
TX305163,CUST10650,2026-01-17,P2P,Credit,4801.13,United States,0,CASE0086
TX314893,CUST10650,2026-08-07,Cash Withdrawal,Credit,3560.98,United Kingdom,0,CASE0086
TX317606,CUST10650,2026-09-19,ACH,Debit,2799.6,United Kingdom,0,CASE0086
TX311792,CUST10650,2026-06-10,Wire,Credit,5760.48,Nigeria,1,CASE0086
TX314982,CUST10650,2026-03-02,ACH,Debit,828.93,United Kingdom,0,CASE0086
TX309558,CUST10650,2026-02-18,Cash Deposit,Debit,13477.01,United Kingdom,0,CASE0086
TX306039,CUST10650,2026-02-10,Check,Credit,924.04,Turkey,1,CASE0086
TX312434,CUST10650,2026-07-31,Card,Credit,15759.41,Russia,1,CASE0086
TX307194,CUST10650,2026-02-10,ACH,Debit,2813.14,India,0,CASE0086
TX309028,CUST10650,2026-04-17,Cash Withdrawal,Debit,11872.76,Turkey,1,CASE0086
TX311046,CUST10650,2026-04-16,Wire,Debit,6083.96,China,0,CASE0086
TX314905,CUST10650,2026-03-25,Card,Credit,3514.96,China,0,CASE0086
TX317592,CUST10650,2026-02-04,ACH,Debit,55200.14,Canada,0,CASE0086
TX300276,CUST10650,2026-07-04,Card,Debit,2859.55,United Arab Emirates,1,CASE0086
TX320800,CUST10650,2026-06-12,Wire,Debit,28334.7,China,0,CASE0086
TX313070,CUST10650,2026-03-07,ACH,Credit,9925.42,China,0,CASE0086
TX315639,CUST10650,2026-06-09,Card,Debit,8489.77,Canada,0,CASE0086
TX305065,CUST10650,2026-07-16,ACH,Credit,9629.77,Mexico,0,CASE0086
TX318935,CUST10650,2026-09-22,Check,Debit,26667.75,Nigeria,1,CASE0086
TX316111,CUST10303,2026-09-12,Wire,Debit,5183.47,Canada,0,CASE0087
TX312457,CUST10303,2026-07-23,Card,Debit,13038.12,Turkey,1,CASE0087
TX321286,CUST10303,2026-03-01,Cash Deposit,Credit,3287.09,United Arab Emirates,1,CASE0087
TX319721,CUST10303,2026-01-09,Wire,Debit,18130.51,United States,0,CASE0087
TX309283,CUST10303,2026-05-18,Check,Credit,2616.34,Mexico,0,CASE0087
TX314208,CUST10303,2026-03-19,Cash Deposit,Credit,9791.84,Turkey,1,CASE0087
TX317637,CUST10303,2026-01-19,P2P,Credit,10567.41,United States,0,CASE0087
TX316494,CUST10303,2026-07-03,Card,Credit,50335.84,Canada,0,CASE0087
TX319974,CUST10303,2026-01-28,Cash Withdrawal,Credit,2898.67,United Kingdom,0,CASE0087
TX320878,CUST10303,2026-04-03,P2P,Debit,3244.76,United Kingdom,0,CASE0087
TX313286,CUST10303,2026-06-28,Wire,Debit,17289.75,Canada,0,CASE0087
TX304068,CUST10303,2026-05-23,ACH,Debit,8229.01,United Arab Emirates,1,CASE0087
TX317977,CUST10303,2026-09-15,ACH,Credit,3248.64,Turkey,1,CASE0087
TX316935,CUST10303,2026-03-29,Card,Credit,23584.77,Turkey,1,CASE0087
TX303081,CUST10303,2026-03-05,ACH,Credit,6586.55,China,0,CASE0087
TX304121,CUST10303,2026-02-14,Check,Debit,7846.7,China,0,CASE0087
TX320592,CUST10303,2026-08-14,ACH,Debit,4056.1,Nigeria,1,CASE0087
TX320702,CUST10303,2026-08-02,Cash Deposit,Debit,24637.07,Canada,0,CASE0087
TX300339,CUST10303,2026-02-07,ACH,Credit,5656.47,Russia,1,CASE0087
TX305056,CUST10303,2026-02-12,Wire,Debit,28942.99,Nigeria,1,CASE0087
TX306413,CUST10137,2026-02-13,ACH,Debit,2872.0,United Kingdom,0,CASE0088
TX310562,CUST10137,2026-03-24,Cash Withdrawal,Credit,7192.82,United States,0,CASE0088
TX316604,CUST10137,2026-05-12,Cash Withdrawal,Debit,6144.53,United Arab Emirates,1,CASE0088
TX302674,CUST10137,2026-05-07,Cash Deposit,Credit,7754.99,Turkey,1,CASE0088
TX312442,CUST10137,2026-07-16,ACH,Credit,8222.16,United Arab Emirates,1,CASE0088
TX316114,CUST10137,2026-08-26,Wire,Credit,703.52,Russia,1,CASE0088
TX307394,CUST10137,2026-05-07,Cash Deposit,Credit,9408.25,Canada,0,CASE0088
TX317059,CUST10137,2026-03-18,Cash Withdrawal,Credit,22247.02,Turkey,1,CASE0088
TX314840,CUST10137,2026-01-22,Cash Deposit,Credit,4797.02,United Arab Emirates,1,CASE0088
TX318448,CUST10137,2026-08-11,P2P,Debit,3640.84,United States,0,CASE0088
TX318695,CUST10137,2026-04-16,ACH,Credit,10493.3,Russia,1,CASE0088
TX315039,CUST10137,2026-05-30,Check,Debit,1728.97,India,0,CASE0088
TX301991,CUST10137,2026-05-05,Cash Deposit,Credit,4206.07,United States,0,CASE0088
TX307534,CUST10137,2026-04-29,Wire,Credit,1180.51,Turkey,1,CASE0088
TX312689,CUST10137,2026-02-21,Cash Deposit,Credit,10205.16,China,0,CASE0088
TX311117,CUST10137,2026-05-06,Check,Credit,3694.58,Mexico,0,CASE0088
TX313770,CUST10137,2026-08-08,Wire,Credit,3837.92,Mexico,0,CASE0088
TX311182,CUST10137,2026-02-01,P2P,Credit,8230.54,United States,0,CASE0088
TX311105,CUST10137,2026-09-19,Wire,Debit,9819.14,United Arab Emirates,1,CASE0088
TX306209,CUST10137,2026-02-19,Cash Deposit,Debit,5511.36,Mexico,0,CASE0088
TX313461,CUST10137,2026-02-24,Cash Withdrawal,Credit,6682.85,Canada,0,CASE0088
TX305016,CUST10137,2026-05-28,Card,Credit,2433.65,United States,0,CASE0088
TX307152,CUST10137,2026-02-14,Cash Withdrawal,Credit,29609.15,Mexico,0,CASE0088
TX315794,CUST10137,2026-09-15,Wire,Debit,6496.45,Turkey,1,CASE0088
TX301069,CUST10137,2026-04-22,ACH,Debit,2296.23,United States,0,CASE0088
TX320046,CUST10169,2026-02-13,Cash Withdrawal,Debit,4258.11,United States,0,CASE0089
TX300331,CUST10169,2026-08-31,Cash Deposit,Debit,2975.99,Canada,0,CASE0089
TX321408,CUST10169,2026-09-28,Cash Deposit,Debit,4494.89,Mexico,0,CASE0089
TX301443,CUST10169,2026-03-02,Cash Deposit,Debit,14243.53,United States,0,CASE0089
TX315080,CUST10169,2026-05-10,Check,Credit,928.49,Mexico,0,CASE0089
TX312759,CUST10169,2026-02-22,ACH,Credit,6001.4,Mexico,0,CASE0089
TX317566,CUST10169,2026-06-09,ACH,Credit,5468.75,Mexico,0,CASE0089
TX312411,CUST10169,2026-05-23,P2P,Credit,8852.15,Canada,0,CASE0089
TX308791,CUST10169,2026-06-07,ACH,Credit,88979.38,Russia,1,CASE0089
TX313012,CUST10169,2026-01-18,Wire,Debit,4341.49,Turkey,1,CASE0089
TX305787,CUST10169,2026-01-02,ACH,Credit,1645.86,India,0,CASE0089
TX303834,CUST10169,2026-03-27,Card,Debit,4962.14,Nigeria,1,CASE0089
TX319096,CUST10169,2026-04-22,Wire,Debit,7363.72,Nigeria,1,CASE0089
TX306566,CUST10169,2026-06-03,Card,Credit,28079.82,United States,0,CASE0089
TX319527,CUST10169,2026-01-05,Card,Credit,5329.66,United Kingdom,0,CASE0089
TX306437,CUST10169,2026-03-21,Wire,Credit,2675.71,India,0,CASE0089
TX300388,CUST10169,2026-08-29,Card,Credit,5164.12,United Kingdom,0,CASE0089
TX301660,CUST10169,2026-05-10,P2P,Credit,20007.47,India,0,CASE0089
TX307920,CUST10169,2026-02-04,P2P,Credit,1076.5,United States,0,CASE0089
TX316989,CUST10169,2026-07-02,ACH,Credit,3258.24,Canada,0,CASE0089
TX309451,CUST10169,2026-03-13,Wire,Debit,12563.53,Mexico,0,CASE0089
TX313570,CUST10169,2026-03-15,P2P,Credit,1646.5,China,0,CASE0089
TX317780,CUST10169,2026-03-13,Cash Withdrawal,Credit,17370.75,Mexico,0,CASE0089
TX320751,CUST10169,2026-09-15,Card,Credit,30816.07,United Kingdom,0,CASE0089
TX314566,CUST10198,2026-05-18,Wire,Credit,4156.64,Turkey,1,CASE0090
TX305155,CUST10198,2026-02-11,Card,Debit,457.52,United Kingdom,0,CASE0090
TX311299,CUST10198,2026-03-31,Card,Credit,6228.05,Nigeria,1,CASE0090
TX310539,CUST10198,2026-04-13,Wire,Credit,16849.8,Mexico,0,CASE0090
TX301653,CUST10198,2026-04-20,Card,Credit,35594.96,India,0,CASE0090
TX320915,CUST10198,2026-08-26,P2P,Debit,9091.64,Russia,1,CASE0090
TX313466,CUST10198,2026-02-01,P2P,Debit,5329.38,Turkey,1,CASE0090
TX310602,CUST10198,2026-07-25,Cash Withdrawal,Debit,69371.0,Mexico,0,CASE0090
TX319834,CUST10300,2026-04-23,P2P,Credit,1759.01,India,0,CASE0091
TX305469,CUST10300,2026-02-04,Card,Debit,1512.48,Turkey,1,CASE0091
TX304630,CUST10300,2026-08-09,Card,Credit,7889.36,Turkey,1,CASE0091
TX314018,CUST10300,2026-04-30,Cash Withdrawal,Credit,3550.22,Nigeria,1,CASE0091
TX317337,CUST10300,2026-03-10,Cash Withdrawal,Credit,10225.03,United Kingdom,0,CASE0091
TX303421,CUST10300,2026-08-14,Wire,Debit,8517.03,Canada,0,CASE0091
TX306838,CUST10300,2026-08-05,ACH,Debit,15599.74,India,0,CASE0091
TX307792,CUST10300,2026-06-18,Cash Deposit,Credit,8357.08,United States,0,CASE0091
TX306855,CUST10300,2026-07-16,P2P,Credit,1445.52,United Kingdom,0,CASE0091
TX307425,CUST10300,2026-03-13,Wire,Debit,6084.63,United Arab Emirates,1,CASE0091
TX308145,CUST10300,2026-04-02,Wire,Debit,36360.48,Nigeria,1,CASE0091
TX316271,CUST10300,2026-05-17,Cash Deposit,Debit,1207.77,Canada,0,CASE0091
TX304786,CUST10300,2026-01-06,ACH,Credit,17083.19,United Kingdom,0,CASE0091
TX300944,CUST10300,2026-05-24,ACH,Credit,1350.82,Nigeria,1,CASE0091
TX320912,CUST10300,2026-09-28,ACH,Debit,1544.67,India,0,CASE0091
TX308500,CUST10300,2026-02-02,Cash Deposit,Debit,9508.21,Mexico,0,CASE0091
TX314431,CUST10300,2026-08-01,Check,Debit,20705.48,Russia,1,CASE0091
TX304715,CUST10300,2026-02-06,Wire,Credit,347.67,China,0,CASE0091
TX318022,CUST10099,2026-09-04,ACH,Debit,2231.37,Mexico,0,CASE0092
TX303338,CUST10099,2026-06-08,P2P,Credit,1629.7,India,0,CASE0092
TX311011,CUST10099,2026-01-17,Wire,Debit,6808.4,China,0,CASE0092
TX311769,CUST10099,2026-06-19,Cash Withdrawal,Credit,11374.02,Nigeria,1,CASE0092
TX303045,CUST10099,2026-09-18,Check,Credit,7434.94,Mexico,0,CASE0092
TX318415,CUST10099,2026-03-13,Wire,Debit,2423.33,Mexico,0,CASE0092
TX318678,CUST10099,2026-09-04,Card,Credit,5488.5,India,0,CASE0092
TX306203,CUST10099,2026-08-24,Check,Debit,3475.38,Nigeria,1,CASE0092
TX307813,CUST10099,2026-06-08,P2P,Credit,25509.24,United States,0,CASE0092
TX314225,CUST10099,2026-05-14,P2P,Credit,10705.12,India,0,CASE0092
TX311748,CUST10329,2026-09-13,Cash Withdrawal,Debit,1338.94,Turkey,1,CASE0093
TX319102,CUST10329,2026-03-17,Card,Credit,20402.75,China,0,CASE0093
TX321623,CUST10329,2026-08-13,Cash Withdrawal,Credit,474.92,Canada,0,CASE0093
TX302150,CUST10329,2026-02-02,ACH,Credit,1859.3,Turkey,1,CASE0093
TX320741,CUST10329,2026-04-02,Wire,Credit,3552.61,Mexico,0,CASE0093
TX300569,CUST10329,2026-08-30,Wire,Debit,13164.86,United States,0,CASE0093
TX300504,CUST10329,2026-04-29,Wire,Credit,1342.01,United States,0,CASE0093
TX304149,CUST10329,2026-02-14,Cash Deposit,Debit,4058.08,Canada,0,CASE0093
TX311030,CUST10329,2026-04-29,ACH,Debit,2882.67,Mexico,0,CASE0093
TX314736,CUST10329,2026-04-02,P2P,Credit,13664.2,Russia,1,CASE0093
TX316648,CUST10329,2026-02-09,ACH,Credit,883.2,Nigeria,1,CASE0093
TX314700,CUST10329,2026-01-20,ACH,Credit,727.21,Turkey,1,CASE0093
TX321061,CUST10329,2026-05-31,Wire,Debit,4422.57,Canada,0,CASE0093
TX300499,CUST10329,2026-06-18,Cash Deposit,Debit,5686.22,United Kingdom,0,CASE0093
TX301176,CUST10329,2026-04-23,Cash Withdrawal,Credit,56718.19,Turkey,1,CASE0093
TX320951,CUST10329,2026-04-18,ACH,Credit,2864.68,China,0,CASE0093
TX307696,CUST10367,2026-07-09,P2P,Credit,12150.87,United Kingdom,0,CASE0094
TX314119,CUST10367,2026-05-25,ACH,Debit,5351.91,China,0,CASE0094
TX301291,CUST10367,2026-04-26,Cash Deposit,Debit,41021.75,United Kingdom,0,CASE0094
TX320893,CUST10367,2026-06-27,Check,Credit,17114.51,Nigeria,1,CASE0094
TX316100,CUST10367,2026-05-22,Cash Withdrawal,Debit,2357.43,United Kingdom,0,CASE0094
TX307492,CUST10367,2026-01-13,Check,Debit,1491.94,Nigeria,1,CASE0094
TX309180,CUST10367,2026-02-19,ACH,Credit,44650.78,Russia,1,CASE0094
TX312704,CUST10367,2026-04-26,Cash Deposit,Debit,1874.49,Canada,0,CASE0094
TX307483,CUST10367,2026-04-24,Check,Credit,4148.09,India,0,CASE0094
TX304270,CUST10367,2026-05-06,Cash Deposit,Debit,28440.0,Mexico,0,CASE0094
TX312631,CUST10367,2026-03-21,Cash Withdrawal,Debit,582.21,Turkey,1,CASE0094
TX309289,CUST10367,2026-07-15,Cash Deposit,Credit,5130.97,Mexico,0,CASE0094
TX321954,CUST10367,2026-07-06,Cash Deposit,Credit,64802.52,United Arab Emirates,1,CASE0094
TX314657,CUST10367,2026-09-14,P2P,Credit,3011.85,Nigeria,1,CASE0094
TX316055,CUST10367,2026-09-04,Wire,Credit,1846.5,Turkey,1,CASE0094
TX308040,CUST10367,2026-07-23,Check,Debit,3596.1,Mexico,0,CASE0094
TX303014,CUST10367,2026-06-11,Check,Credit,6672.77,Mexico,0,CASE0094
TX308592,CUST10367,2026-08-16,Cash Withdrawal,Credit,4233.78,United Kingdom,0,CASE0094
TX318320,CUST10367,2026-08-06,Wire,Credit,764.04,Nigeria,1,CASE0094
TX307442,CUST10367,2026-07-03,Card,Credit,17029.92,Nigeria,1,CASE0094
TX309260,CUST10367,2026-01-30,Card,Debit,2884.89,Mexico,0,CASE0094
TX300185,CUST10447,2026-02-06,Cash Withdrawal,Credit,7416.76,Canada,0,CASE0095
TX300938,CUST10447,2026-05-11,Wire,Credit,10392.63,Turkey,1,CASE0095
TX301140,CUST10447,2026-08-06,Cash Withdrawal,Debit,5406.03,Canada,0,CASE0095
TX312266,CUST10447,2026-05-18,Check,Debit,1734.41,United Arab Emirates,1,CASE0095
TX321048,CUST10447,2026-06-25,P2P,Credit,15722.5,Mexico,0,CASE0095
TX312886,CUST10447,2026-03-16,ACH,Debit,5364.57,Nigeria,1,CASE0095
TX314041,CUST10447,2026-06-06,P2P,Debit,3667.27,Turkey,1,CASE0095
TX313506,CUST10447,2026-01-22,ACH,Debit,3967.92,Turkey,1,CASE0095
TX310687,CUST10447,2026-09-04,Card,Debit,3122.83,Canada,0,CASE0095
TX313908,CUST10447,2026-06-07,Wire,Credit,5956.28,United Kingdom,0,CASE0095
TX306248,CUST10447,2026-01-12,Cash Deposit,Debit,27150.79,Turkey,1,CASE0095
TX307853,CUST10447,2026-09-09,P2P,Credit,23183.45,Mexico,0,CASE0095
TX300129,CUST10447,2026-06-10,Wire,Credit,3376.41,Mexico,0,CASE0095
TX320485,CUST10447,2026-01-14,ACH,Debit,5300.82,United Kingdom,0,CASE0095
TX300191,CUST10447,2026-01-09,P2P,Debit,8370.15,Mexico,0,CASE0095
TX318324,CUST10447,2026-02-27,ACH,Debit,9862.77,United Arab Emirates,1,CASE0095
TX314322,CUST10447,2026-05-31,ACH,Credit,4320.33,Nigeria,1,CASE0095
TX312477,CUST10447,2026-06-01,Cash Deposit,Credit,23254.81,Canada,0,CASE0095
TX319454,CUST10447,2026-01-09,Check,Debit,1563.82,Mexico,0,CASE0095
TX308386,CUST10447,2026-03-07,ACH,Debit,6608.02,Turkey,1,CASE0095
TX301491,CUST10447,2026-06-03,Check,Credit,40661.21,United States,0,CASE0095
TX310938,CUST10455,2026-03-14,Card,Credit,2382.74,United Arab Emirates,1,CASE0096
TX307240,CUST10455,2026-03-05,P2P,Debit,19754.15,India,0,CASE0096
TX320050,CUST10455,2026-03-02,Wire,Debit,3357.88,China,0,CASE0096
TX316663,CUST10455,2026-07-12,Card,Credit,7246.36,United Arab Emirates,1,CASE0096
TX305818,CUST10455,2026-01-01,ACH,Credit,1900.55,United Kingdom,0,CASE0096
TX309799,CUST10455,2026-08-04,Check,Credit,3318.07,India,0,CASE0096
TX315987,CUST10455,2026-08-02,Check,Debit,14977.19,United States,0,CASE0096
TX312353,CUST10455,2026-01-02,Check,Debit,14633.31,Turkey,1,CASE0096
TX317671,CUST10455,2026-05-19,ACH,Credit,2952.41,Nigeria,1,CASE0096
TX318198,CUST10455,2026-09-10,Cash Deposit,Credit,25106.61,India,0,CASE0096
TX309502,CUST10455,2026-06-02,P2P,Credit,3449.73,Nigeria,1,CASE0096
TX303262,CUST10455,2026-04-26,Cash Deposit,Debit,1541.08,Turkey,1,CASE0096
TX316444,CUST10455,2026-07-11,Wire,Credit,44241.05,Nigeria,1,CASE0096
TX314575,CUST10455,2026-01-28,Wire,Debit,8770.39,Canada,0,CASE0096
TX302214,CUST10455,2026-02-26,ACH,Credit,4556.41,China,0,CASE0096
TX303342,CUST10455,2026-07-22,Cash Deposit,Debit,1738.95,Mexico,0,CASE0096
TX317827,CUST10455,2026-06-09,Card,Credit,4641.86,Turkey,1,CASE0096
TX317907,CUST10455,2026-09-29,Wire,Credit,5440.11,Mexico,0,CASE0096
TX300181,CUST10455,2026-04-16,Cash Deposit,Credit,2334.61,Russia,1,CASE0096
TX304563,CUST10455,2026-04-06,ACH,Credit,5649.5,Canada,0,CASE0096
TX304262,CUST10203,2026-01-23,P2P,Debit,2055.66,Nigeria,1,CASE0097
TX306660,CUST10203,2026-01-19,Cash Deposit,Credit,16840.19,Canada,0,CASE0097
TX321838,CUST10203,2026-05-08,Cash Withdrawal,Debit,15329.9,China,0,CASE0097
TX305863,CUST10203,2026-05-03,Cash Deposit,Credit,30378.44,Canada,0,CASE0097
TX318353,CUST10203,2026-02-28,Check,Credit,1990.79,Canada,0,CASE0097
TX300727,CUST10203,2026-01-10,ACH,Credit,4097.89,Nigeria,1,CASE0097
TX315972,CUST10203,2026-07-28,Cash Withdrawal,Debit,11466.62,Russia,1,CASE0097
TX301324,CUST10203,2026-07-23,Card,Debit,30672.77,Mexico,0,CASE0097
TX309393,CUST10203,2026-01-17,P2P,Debit,598.9,Canada,0,CASE0097
TX302782,CUST10203,2026-06-13,Cash Deposit,Debit,18570.43,China,0,CASE0097
TX301409,CUST10203,2026-03-16,Cash Withdrawal,Credit,11677.66,Turkey,1,CASE0097
TX310896,CUST10203,2026-04-18,Card,Credit,7592.19,United Arab Emirates,1,CASE0097
TX301966,CUST10203,2026-03-20,ACH,Debit,60024.13,United States,0,CASE0097
TX313408,CUST10203,2026-03-19,Cash Deposit,Credit,15130.82,Nigeria,1,CASE0097
TX314621,CUST10203,2026-05-14,Wire,Debit,2350.85,Turkey,1,CASE0097
TX310699,CUST10203,2026-07-23,ACH,Credit,2483.71,India,0,CASE0097
TX315750,CUST10203,2026-07-01,Cash Withdrawal,Debit,26533.5,Canada,0,CASE0097
TX311170,CUST10203,2026-03-25,Wire,Credit,3121.91,Mexico,0,CASE0097
TX319063,CUST10203,2026-01-29,Cash Deposit,Debit,1732.87,Canada,0,CASE0097
TX321589,CUST10203,2026-09-13,Card,Credit,12733.34,United States,0,CASE0097
TX313758,CUST10203,2026-04-15,Wire,Credit,1087.46,United Kingdom,0,CASE0097
TX321873,CUST10203,2026-06-08,ACH,Credit,2016.44,United States,0,CASE0097
TX306433,CUST10203,2026-07-11,Wire,Credit,1839.56,Nigeria,1,CASE0097
TX300167,CUST10203,2026-06-20,ACH,Debit,8597.47,Russia,1,CASE0097
TX302505,CUST10203,2026-09-15,Wire,Debit,6046.8,Nigeria,1,CASE0097
TX318290,CUST10875,2026-05-26,Wire,Credit,3179.87,China,0,CASE0098
TX306185,CUST10875,2026-08-20,Cash Deposit,Debit,6586.76,India,0,CASE0098
TX308037,CUST10875,2026-02-27,P2P,Credit,48688.96,United States,0,CASE0098
TX304980,CUST10875,2026-01-17,ACH,Credit,39623.06,China,0,CASE0098
TX316882,CUST10875,2026-06-18,Cash Withdrawal,Debit,3417.39,China,0,CASE0098
TX304395,CUST10875,2026-09-30,P2P,Credit,13580.91,Canada,0,CASE0098
TX310902,CUST10875,2026-06-10,P2P,Credit,3558.83,Mexico,0,CASE0098
TX319750,CUST10875,2026-07-30,Check,Credit,5286.5,Canada,0,CASE0098
TX303475,CUST10104,2026-03-05,ACH,Credit,4896.24,United States,0,CASE0099
TX309234,CUST10104,2026-07-23,ACH,Credit,5912.31,Canada,0,CASE0099
TX308075,CUST10104,2026-02-08,Cash Deposit,Debit,1710.5,Russia,1,CASE0099
TX302936,CUST10104,2026-09-07,Wire,Debit,4663.92,United Kingdom,0,CASE0099
TX310335,CUST10104,2026-04-25,Wire,Credit,6766.88,India,0,CASE0099
TX311478,CUST10104,2026-03-23,Check,Credit,10599.98,Canada,0,CASE0099
TX306283,CUST10104,2026-03-16,Wire,Debit,4597.53,Turkey,1,CASE0099
TX317404,CUST10104,2026-06-20,Wire,Debit,6926.13,India,0,CASE0099
TX305741,CUST10104,2026-03-23,Cash Withdrawal,Debit,3300.92,China,0,CASE0099
TX303407,CUST10104,2026-08-08,Cash Withdrawal,Credit,2693.91,United States,0,CASE0099
TX305566,CUST10104,2026-03-08,Check,Debit,3931.36,United Kingdom,0,CASE0099
TX306146,CUST10104,2026-03-24,P2P,Debit,3592.25,Russia,1,CASE0099
TX318648,CUST10104,2026-03-16,Check,Debit,7389.94,Nigeria,1,CASE0099
TX301940,CUST10104,2026-02-18,ACH,Credit,1875.61,Canada,0,CASE0099
TX321283,CUST10104,2026-04-28,Cash Deposit,Debit,943.46,Turkey,1,CASE0099
TX302264,CUST10104,2026-09-20,Check,Debit,4655.35,United Arab Emirates,1,CASE0099
TX308182,CUST10104,2026-07-30,Card,Credit,7744.77,United Kingdom,0,CASE0099
TX302673,CUST10104,2026-09-23,Wire,Debit,10284.98,United Kingdom,0,CASE0099
TX301728,CUST10104,2026-01-06,Wire,Debit,66097.0,United States,0,CASE0099
TX317135,CUST10746,2026-03-08,Wire,Debit,6793.61,India,0,CASE0100
TX309579,CUST10746,2026-08-06,P2P,Credit,2850.04,Turkey,1,CASE0100
TX306641,CUST10746,2026-01-17,Card,Debit,1152.12,United Kingdom,0,CASE0100
TX319773,CUST10746,2026-02-26,Cash Withdrawal,Credit,5146.72,Turkey,1,CASE0100
TX307936,CUST10746,2026-06-10,Cash Deposit,Credit,23632.37,Canada,0,CASE0100
TX317285,CUST10746,2026-01-09,Cash Deposit,Credit,4119.68,United States,0,CASE0100
TX315873,CUST10746,2026-05-27,Wire,Debit,4501.93,Nigeria,1,CASE0100
TX305438,CUST10746,2026-01-13,Card,Debit,6223.7,Nigeria,1,CASE0100
TX317955,CUST10746,2026-06-28,ACH,Credit,13153.15,Turkey,1,CASE0100
TX313826,CUST10281,2026-08-02,Wire,Debit,4287.55,Turkey,1,CASE0101
TX311548,CUST10281,2026-09-30,ACH,Credit,3420.64,Turkey,1,CASE0101
TX318316,CUST10281,2026-04-14,Cash Withdrawal,Credit,5851.48,China,0,CASE0101
TX309355,CUST10281,2026-08-19,Card,Credit,10847.0,United States,0,CASE0101
TX313781,CUST10281,2026-04-15,Cash Deposit,Credit,13587.4,Turkey,1,CASE0101
TX301957,CUST10281,2026-03-23,Cash Deposit,Debit,7930.26,United Arab Emirates,1,CASE0101
TX318016,CUST10281,2026-07-01,Card,Debit,2569.38,Canada,0,CASE0101
TX307572,CUST10281,2026-07-07,ACH,Debit,2233.85,United Kingdom,0,CASE0101
TX312648,CUST10281,2026-03-11,Cash Withdrawal,Credit,4217.08,China,0,CASE0101
TX300525,CUST10281,2026-09-11,Wire,Debit,14572.04,Mexico,0,CASE0101
TX314167,CUST10281,2026-03-23,ACH,Credit,5899.23,United Kingdom,0,CASE0101
TX316190,CUST10281,2026-09-19,ACH,Credit,15789.95,United States,0,CASE0101
TX303842,CUST10281,2026-09-13,P2P,Debit,5550.22,China,0,CASE0101
TX310258,CUST10281,2026-09-10,Check,Debit,8039.67,United Arab Emirates,1,CASE0101
TX319352,CUST10281,2026-06-29,P2P,Credit,4388.37,India,0,CASE0101
TX320497,CUST10281,2026-03-04,Cash Deposit,Debit,16259.46,China,0,CASE0101
TX301557,CUST10281,2026-05-06,P2P,Debit,8321.2,Mexico,0,CASE0101
TX306723,CUST10281,2026-09-13,Wire,Credit,3681.22,Canada,0,CASE0101
TX312714,CUST10281,2026-08-20,Check,Debit,2883.21,China,0,CASE0101
TX304229,CUST10281,2026-06-27,ACH,Debit,16979.58,Mexico,0,CASE0101
TX320024,CUST10281,2026-04-11,Wire,Credit,3343.41,United States,0,CASE0101
TX312481,CUST10281,2026-01-05,ACH,Credit,793.26,Mexico,0,CASE0101
TX315832,CUST10281,2026-09-25,ACH,Debit,952.19,Russia,1,CASE0101
TX310974,CUST10281,2026-06-22,Cash Deposit,Credit,2516.13,Russia,1,CASE0101
TX314557,CUST10281,2026-01-28,Cash Deposit,Credit,10582.29,United Arab Emirates,1,CASE0101
TX316844,CUST10473,2026-06-03,Check,Debit,24484.41,United Arab Emirates,1,CASE0102
TX318876,CUST10473,2026-03-03,Cash Deposit,Debit,1041.65,United Kingdom,0,CASE0102
TX312856,CUST10473,2026-04-21,ACH,Credit,743.31,Canada,0,CASE0102
TX318468,CUST10473,2026-03-30,ACH,Debit,1440.45,Canada,0,CASE0102
TX311860,CUST10473,2026-02-23,Wire,Debit,14396.12,United States,0,CASE0102
TX310272,CUST10473,2026-09-04,P2P,Debit,956.51,United States,0,CASE0102
TX307301,CUST10473,2026-01-09,P2P,Debit,21721.45,Nigeria,1,CASE0102
TX313480,CUST10473,2026-05-04,ACH,Credit,6161.81,Nigeria,1,CASE0102
TX315415,CUST10473,2026-02-03,Check,Debit,17911.74,Mexico,0,CASE0102
TX309484,CUST10473,2026-05-16,Cash Deposit,Debit,596.88,Mexico,0,CASE0102
TX312542,CUST10473,2026-01-19,Card,Credit,25137.95,China,0,CASE0102
TX302332,CUST10473,2026-03-01,ACH,Debit,3493.03,Mexico,0,CASE0102
TX319093,CUST10473,2026-03-31,P2P,Debit,4556.77,Russia,1,CASE0102
TX317743,CUST10473,2026-07-04,Check,Debit,2892.09,Turkey,1,CASE0102
TX313912,CUST10473,2026-01-10,Card,Debit,7934.93,China,0,CASE0102
TX315063,CUST10473,2026-01-17,Wire,Credit,12238.3,Canada,0,CASE0102
TX308868,CUST10473,2026-06-16,Check,Credit,840.21,United Arab Emirates,1,CASE0102
TX309105,CUST10473,2026-03-17,Cash Deposit,Credit,13875.57,China,0,CASE0102
TX307610,CUST10473,2026-09-22,ACH,Credit,1095.18,Russia,1,CASE0102
TX301315,CUST10473,2026-08-22,Check,Credit,4510.17,United States,0,CASE0102
TX313385,CUST10473,2026-03-26,Cash Deposit,Debit,24121.82,Canada,0,CASE0102
TX312739,CUST10473,2026-02-13,ACH,Credit,24602.41,United Arab Emirates,1,CASE0102
TX300618,CUST10473,2026-09-18,Card,Credit,1800.76,Nigeria,1,CASE0102
TX314043,CUST10473,2026-04-02,ACH,Credit,14276.31,Turkey,1,CASE0102
TX305128,CUST10709,2026-04-17,Wire,Credit,8254.74,United Arab Emirates,1,CASE0103
TX303939,CUST10709,2026-08-23,Wire,Debit,3229.63,United States,0,CASE0103
TX311409,CUST10709,2026-05-15,Wire,Debit,8683.87,Turkey,1,CASE0103
TX302503,CUST10709,2026-07-15,ACH,Credit,33597.89,United States,0,CASE0103
TX315055,CUST10709,2026-05-29,Cash Deposit,Credit,5875.9,Mexico,0,CASE0103
TX313941,CUST10709,2026-06-26,Card,Debit,439.02,China,0,CASE0103
TX313692,CUST10709,2026-01-30,P2P,Credit,1406.32,United States,0,CASE0103
TX304127,CUST10709,2026-02-06,ACH,Debit,13748.62,United Kingdom,0,CASE0103
TX302180,CUST10709,2026-02-19,Card,Debit,8812.52,Nigeria,1,CASE0103
TX303686,CUST10709,2026-03-31,Wire,Debit,1191.25,United States,0,CASE0103
TX302884,CUST10709,2026-01-24,Cash Deposit,Credit,6866.8,United States,0,CASE0103
TX317296,CUST10709,2026-03-31,Card,Credit,2265.74,United Arab Emirates,1,CASE0103
TX307802,CUST10709,2026-05-06,Cash Deposit,Debit,13442.91,United States,0,CASE0103
TX316830,CUST10709,2026-06-04,ACH,Debit,3179.17,India,0,CASE0103
TX321406,CUST10709,2026-09-24,P2P,Debit,4982.41,Nigeria,1,CASE0103
TX317264,CUST10709,2026-05-29,ACH,Debit,864.54,Turkey,1,CASE0103
TX307243,CUST10709,2026-05-25,Card,Debit,14042.25,China,0,CASE0103
TX312060,CUST10709,2026-06-26,ACH,Debit,1306.21,Nigeria,1,CASE0103
TX320961,CUST10709,2026-09-11,Wire,Credit,2674.68,United States,0,CASE0103
TX321361,CUST10709,2026-03-13,Cash Withdrawal,Credit,13851.47,United Arab Emirates,1,CASE0103
TX305007,CUST10709,2026-09-15,Wire,Debit,4862.36,Canada,0,CASE0103
TX309334,CUST10709,2026-08-05,Card,Debit,1236.33,India,0,CASE0103
TX306337,CUST10709,2026-04-13,ACH,Debit,761.83,United States,0,CASE0103
TX302280,CUST10709,2026-07-05,ACH,Debit,27660.1,United States,0,CASE0103
TX300729,CUST10709,2026-05-05,Cash Withdrawal,Credit,5454.77,United States,0,CASE0103
TX311643,CUST10336,2026-09-17,ACH,Debit,3724.39,Russia,1,CASE0104
TX302807,CUST10336,2026-03-13,P2P,Debit,12744.45,Canada,0,CASE0104
TX319195,CUST10336,2026-03-29,ACH,Debit,39506.26,Nigeria,1,CASE0104
TX306442,CUST10336,2026-07-24,ACH,Credit,2919.58,Turkey,1,CASE0104
TX313353,CUST10336,2026-03-06,Card,Credit,1786.99,Turkey,1,CASE0104
TX307528,CUST10336,2026-01-16,Wire,Debit,7687.64,Turkey,1,CASE0104
TX301761,CUST10336,2026-01-11,P2P,Debit,16390.25,Nigeria,1,CASE0104
TX303255,CUST10336,2026-06-29,P2P,Credit,6075.37,Turkey,1,CASE0104
TX316323,CUST10336,2026-06-03,P2P,Debit,6198.78,Canada,0,CASE0104
TX311109,CUST10336,2026-05-11,Wire,Credit,1078.0,Turkey,1,CASE0104
TX302244,CUST10336,2026-03-19,Wire,Credit,1069.53,China,0,CASE0104
TX305829,CUST10336,2026-08-30,ACH,Credit,3688.97,Turkey,1,CASE0104
TX318469,CUST10336,2026-07-09,ACH,Debit,3224.22,United Kingdom,0,CASE0104
TX303119,CUST10336,2026-08-06,ACH,Debit,6053.21,United Kingdom,0,CASE0104
TX317194,CUST10336,2026-05-31,Cash Deposit,Credit,4034.66,United States,0,CASE0104
TX313898,CUST10336,2026-07-13,Wire,Debit,10788.63,India,0,CASE0104
TX302166,CUST10336,2026-05-22,Wire,Debit,5809.11,United Kingdom,0,CASE0104
TX306515,CUST10336,2026-09-28,Cash Deposit,Debit,3208.24,Russia,1,CASE0104
TX312274,CUST10336,2026-09-03,Wire,Credit,7230.45,Nigeria,1,CASE0104
TX312247,CUST10336,2026-01-04,Wire,Debit,3274.13,Mexico,0,CASE0104
TX310016,CUST10336,2026-05-25,Cash Deposit,Credit,2028.49,Turkey,1,CASE0104
TX314380,CUST10336,2026-01-21,Card,Credit,6373.74,United Kingdom,0,CASE0104
TX318841,CUST10336,2026-08-11,Wire,Debit,2473.85,India,0,CASE0104
TX316340,CUST10336,2026-04-01,Cash Deposit,Credit,16690.11,China,0,CASE0104
TX315806,CUST10336,2026-03-18,Cash Withdrawal,Credit,60294.57,Nigeria,1,CASE0104
TX300763,CUST10199,2026-01-26,Cash Deposit,Credit,878.12,Nigeria,1,CASE0105
TX309885,CUST10199,2026-01-11,Card,Credit,11431.02,India,0,CASE0105
TX312660,CUST10199,2026-03-13,Cash Deposit,Debit,2881.7,Mexico,0,CASE0105
TX318066,CUST10199,2026-08-03,Wire,Credit,2371.52,China,0,CASE0105
TX314648,CUST10199,2026-09-29,Wire,Debit,9546.4,Canada,0,CASE0105
TX309819,CUST10199,2026-01-28,Card,Debit,6445.28,Turkey,1,CASE0105
TX315986,CUST10199,2026-04-20,P2P,Credit,6432.41,India,0,CASE0105
TX301150,CUST10199,2026-03-13,Card,Credit,10456.81,China,0,CASE0105
TX321389,CUST10199,2026-04-06,Cash Deposit,Credit,1751.73,India,0,CASE0105
TX311215,CUST10199,2026-02-15,ACH,Credit,14295.26,United States,0,CASE0105
TX306545,CUST10199,2026-04-19,ACH,Credit,739.69,China,0,CASE0105
TX318783,CUST10199,2026-07-03,Cash Deposit,Credit,13309.21,United Arab Emirates,1,CASE0105
TX310021,CUST10199,2026-03-05,Cash Withdrawal,Credit,3548.24,Nigeria,1,CASE0105
TX321272,CUST10199,2026-08-18,Wire,Credit,37930.64,Nigeria,1,CASE0105
TX321087,CUST10199,2026-08-15,Wire,Debit,2985.21,Nigeria,1,CASE0105
TX304600,CUST10199,2026-08-17,Check,Debit,9728.47,Nigeria,1,CASE0105
TX303862,CUST10199,2026-08-29,Card,Debit,4020.28,United States,0,CASE0105
TX316841,CUST10199,2026-04-11,Wire,Debit,12134.21,India,0,CASE0105
TX305579,CUST10199,2026-09-28,Cash Withdrawal,Debit,12638.47,United States,0,CASE0105
TX319019,CUST10199,2026-06-16,Wire,Credit,9487.68,Canada,0,CASE0105
TX305340,CUST10199,2026-06-03,Cash Withdrawal,Credit,2172.74,India,0,CASE0105
TX300957,CUST10199,2026-02-27,Wire,Credit,4701.44,Russia,1,CASE0105
TX302601,CUST10199,2026-01-25,Wire,Credit,3480.9,Mexico,0,CASE0105
TX305964,CUST10199,2026-07-13,Card,Credit,15604.0,Canada,0,CASE0105
TX312022,CUST10199,2026-07-27,P2P,Debit,8412.46,India,0,CASE0105
TX300218,CUST10131,2026-01-07,ACH,Debit,1745.97,Russia,1,CASE0106
TX301931,CUST10131,2026-05-10,Cash Deposit,Credit,591.22,Nigeria,1,CASE0106
TX305181,CUST10131,2026-04-03,ACH,Credit,11442.32,Turkey,1,CASE0106
TX316065,CUST10131,2026-05-18,ACH,Credit,8700.55,India,0,CASE0106
TX305554,CUST10131,2026-08-29,ACH,Credit,3633.92,China,0,CASE0106
TX308851,CUST10131,2026-07-02,Wire,Credit,1437.67,Russia,1,CASE0106
TX302931,CUST10131,2026-01-08,ACH,Credit,848.55,Russia,1,CASE0106
TX314507,CUST10131,2026-04-27,Card,Credit,11553.39,India,0,CASE0106
TX313800,CUST10131,2026-05-27,Check,Credit,13547.28,United States,0,CASE0106
TX315160,CUST10131,2026-03-29,P2P,Debit,47964.17,India,0,CASE0106
TX315237,CUST10131,2026-08-29,ACH,Credit,24419.15,India,0,CASE0106
TX305675,CUST10131,2026-08-01,Card,Debit,7707.31,China,0,CASE0106
TX311546,CUST10131,2026-06-29,Wire,Credit,12702.11,India,0,CASE0106
TX303369,CUST10131,2026-05-08,Cash Deposit,Credit,12498.19,United Kingdom,0,CASE0106
TX315905,CUST10131,2026-05-11,Card,Debit,6969.17,Nigeria,1,CASE0106
TX313961,CUST10131,2026-06-03,ACH,Debit,4968.1,Mexico,0,CASE0106
TX308561,CUST10131,2026-03-01,Check,Credit,32661.98,China,0,CASE0106
TX305058,CUST10131,2026-04-19,Check,Credit,9666.28,Mexico,0,CASE0106
TX307228,CUST10131,2026-06-13,Card,Credit,5309.13,United Kingdom,0,CASE0106
TX320726,CUST10131,2026-03-13,Wire,Credit,801.31,India,0,CASE0106
TX303415,CUST10131,2026-07-17,Cash Deposit,Credit,2944.64,United Arab Emirates,1,CASE0106
TX321206,CUST10131,2026-06-29,ACH,Debit,20293.51,Mexico,0,CASE0106
TX307206,CUST10131,2026-09-07,Wire,Debit,2790.82,United Arab Emirates,1,CASE0106
TX307892,CUST10218,2026-05-24,Check,Credit,12927.91,United Arab Emirates,1,CASE0107
TX310728,CUST10218,2026-09-23,Wire,Credit,5335.7,India,0,CASE0107
TX307209,CUST10218,2026-08-06,ACH,Debit,5902.41,Russia,1,CASE0107
TX316028,CUST10218,2026-02-24,P2P,Debit,13923.31,China,0,CASE0107
TX318245,CUST10218,2026-06-06,ACH,Debit,9368.45,Turkey,1,CASE0107
TX302960,CUST10218,2026-09-30,Wire,Debit,10278.21,India,0,CASE0107
TX316835,CUST10218,2026-07-07,Wire,Credit,2937.65,China,0,CASE0107
TX315802,CUST10218,2026-07-15,Cash Withdrawal,Debit,1321.95,Canada,0,CASE0107
TX304069,CUST10218,2026-07-16,Card,Credit,7238.79,United Kingdom,0,CASE0107
TX309587,CUST10218,2026-05-13,Check,Debit,18255.96,Canada,0,CASE0107
TX304213,CUST10218,2026-01-12,ACH,Credit,3290.76,Russia,1,CASE0107
TX311269,CUST10218,2026-06-14,ACH,Debit,22380.25,Turkey,1,CASE0107
TX305289,CUST10218,2026-08-18,ACH,Debit,3953.1,United Arab Emirates,1,CASE0107
TX317603,CUST10218,2026-08-15,ACH,Credit,835.88,India,0,CASE0107
TX301453,CUST10218,2026-03-16,Wire,Debit,2239.62,United Kingdom,0,CASE0107
TX321957,CUST10218,2026-08-06,Wire,Credit,2502.0,China,0,CASE0107
TX303177,CUST10218,2026-09-14,Cash Deposit,Credit,11218.72,Turkey,1,CASE0107
TX311461,CUST10218,2026-08-12,Card,Debit,23454.55,Mexico,0,CASE0107
TX318864,CUST10218,2026-07-11,Cash Deposit,Debit,16701.8,Canada,0,CASE0107
TX318463,CUST10218,2026-03-25,ACH,Debit,823.45,Nigeria,1,CASE0107
TX309375,CUST10218,2026-01-30,Card,Debit,3961.7,Russia,1,CASE0107
TX313063,CUST10218,2026-07-27,Wire,Debit,3067.39,Turkey,1,CASE0107
TX300532,CUST10218,2026-01-23,P2P,Debit,6902.65,United Kingdom,0,CASE0107
TX310798,CUST10218,2026-05-12,ACH,Credit,18405.3,India,0,CASE0107
TX300680,CUST10218,2026-03-20,P2P,Credit,6474.69,Russia,1,CASE0107
TX316073,CUST10653,2026-06-27,Cash Withdrawal,Credit,12894.2,China,0,CASE0108
TX316470,CUST10653,2026-05-28,ACH,Debit,2089.95,Canada,0,CASE0108
TX315649,CUST10653,2026-06-07,Card,Debit,4073.03,Nigeria,1,CASE0108
TX311013,CUST10653,2026-04-13,ACH,Debit,7976.25,China,0,CASE0108
TX303121,CUST10653,2026-06-08,Card,Credit,937.48,India,0,CASE0108
TX315944,CUST10653,2026-09-27,Wire,Debit,34255.03,Nigeria,1,CASE0108
TX315685,CUST10653,2026-02-23,ACH,Credit,7923.02,India,0,CASE0108
TX303978,CUST10653,2026-04-30,Cash Withdrawal,Credit,391.46,Mexico,0,CASE0108
TX316523,CUST10653,2026-06-26,Wire,Debit,6797.41,China,0,CASE0108
TX310487,CUST10653,2026-02-17,ACH,Credit,7625.89,Canada,0,CASE0108
TX313158,CUST10653,2026-08-14,Wire,Debit,5026.24,United Kingdom,0,CASE0108
TX310593,CUST10653,2026-01-22,Cash Withdrawal,Credit,3672.04,Mexico,0,CASE0108
TX315186,CUST10653,2026-08-17,Check,Debit,3170.28,Russia,1,CASE0108
TX312149,CUST10653,2026-03-11,Wire,Credit,9602.27,Russia,1,CASE0108
TX300250,CUST10653,2026-07-19,ACH,Credit,96375.82,United Kingdom,0,CASE0108
TX310943,CUST10653,2026-05-15,Card,Debit,1587.43,Nigeria,1,CASE0108
TX300436,CUST10653,2026-02-20,Wire,Credit,5678.28,China,0,CASE0108
TX319416,CUST10653,2026-07-05,Wire,Credit,17227.22,United Kingdom,0,CASE0108
TX316394,CUST10653,2026-02-08,P2P,Debit,1918.37,China,0,CASE0108
TX319991,CUST10653,2026-09-11,ACH,Debit,42625.76,United States,0,CASE0108
TX312467,CUST10653,2026-03-04,Cash Deposit,Credit,3025.47,Russia,1,CASE0108
TX313918,CUST10653,2026-06-27,Check,Debit,10229.6,Mexico,0,CASE0108
TX321555,CUST10653,2026-07-29,Check,Debit,2442.29,China,0,CASE0108
TX308715,CUST10774,2026-01-05,Cash Deposit,Credit,4064.5,United Kingdom,0,CASE0109
TX311214,CUST10774,2026-03-19,ACH,Debit,6612.49,Mexico,0,CASE0109
TX307319,CUST10774,2026-05-05,P2P,Credit,2721.94,Russia,1,CASE0109
TX303082,CUST10774,2026-02-16,ACH,Credit,1328.58,Russia,1,CASE0109
TX310461,CUST10774,2026-01-13,Wire,Debit,9352.53,United States,0,CASE0109
TX316827,CUST10774,2026-07-30,Wire,Credit,5999.42,United States,0,CASE0109
TX314920,CUST10774,2026-02-09,Card,Debit,739.01,United Kingdom,0,CASE0109
TX302757,CUST10774,2026-09-25,Wire,Credit,3867.78,Russia,1,CASE0109
TX317673,CUST10774,2026-04-11,ACH,Debit,7584.94,Mexico,0,CASE0109
TX302979,CUST10774,2026-08-05,Cash Deposit,Debit,4306.13,Nigeria,1,CASE0109
TX302842,CUST10774,2026-05-23,Check,Credit,32698.73,United States,0,CASE0109
TX312908,CUST10774,2026-06-18,ACH,Credit,14609.37,Russia,1,CASE0109
TX314844,CUST10774,2026-06-01,Check,Debit,13497.65,United States,0,CASE0109
TX312958,CUST10774,2026-09-14,Cash Deposit,Debit,4201.7,Russia,1,CASE0109
TX312454,CUST10487,2026-04-06,Wire,Credit,11386.05,Nigeria,1,CASE0110
TX306524,CUST10487,2026-01-09,Card,Credit,6362.76,China,0,CASE0110
TX303067,CUST10487,2026-06-19,Wire,Credit,911.81,United Arab Emirates,1,CASE0110
TX308050,CUST10487,2026-02-14,Wire,Debit,15384.5,Turkey,1,CASE0110
TX311574,CUST10487,2026-06-28,ACH,Credit,8303.32,Nigeria,1,CASE0110
TX318256,CUST10487,2026-06-25,P2P,Credit,8883.94,Mexico,0,CASE0110
TX301714,CUST10487,2026-05-24,ACH,Debit,6903.73,China,0,CASE0110
TX321426,CUST10487,2026-05-04,Check,Credit,4040.39,Nigeria,1,CASE0110
TX308028,CUST10487,2026-02-09,Card,Credit,7611.17,United Arab Emirates,1,CASE0110
TX306451,CUST10487,2026-07-31,Cash Withdrawal,Credit,7936.59,Nigeria,1,CASE0110
TX301647,CUST10487,2026-03-02,ACH,Debit,28548.13,India,0,CASE0110
TX315644,CUST10487,2026-09-15,Cash Withdrawal,Debit,1035.11,Mexico,0,CASE0110
TX310107,CUST10487,2026-01-11,ACH,Debit,11293.67,Canada,0,CASE0110
TX305648,CUST10487,2026-07-19,Card,Credit,5592.02,Nigeria,1,CASE0110
TX315324,CUST10487,2026-09-20,Cash Withdrawal,Credit,7209.81,United Kingdom,0,CASE0110
TX301268,CUST10487,2026-03-23,ACH,Debit,27173.03,United Arab Emirates,1,CASE0110
TX301545,CUST10487,2026-06-03,Card,Credit,3256.49,United Kingdom,0,CASE0110
TX305512,CUST10487,2026-09-21,Wire,Credit,7405.97,Russia,1,CASE0110
TX301122,CUST10487,2026-08-13,ACH,Credit,4663.75,United Kingdom,0,CASE0110
TX306345,CUST10487,2026-05-17,Cash Withdrawal,Debit,6260.34,United Arab Emirates,1,CASE0110
TX315009,CUST10487,2026-06-29,Card,Debit,13605.24,Mexico,0,CASE0110
TX315341,CUST10487,2026-02-14,Card,Debit,19234.29,Russia,1,CASE0110
TX314378,CUST10487,2026-08-24,Wire,Credit,5071.25,Mexico,0,CASE0110
TX311262,CUST10449,2026-09-03,P2P,Credit,12431.86,Nigeria,1,CASE0111
TX302727,CUST10449,2026-03-20,ACH,Debit,2995.58,Nigeria,1,CASE0111
TX301833,CUST10449,2026-07-28,Wire,Debit,4123.14,United Arab Emirates,1,CASE0111
TX314726,CUST10449,2026-03-13,Card,Debit,20728.95,United Arab Emirates,1,CASE0111
TX301945,CUST10449,2026-09-05,P2P,Debit,2408.44,Nigeria,1,CASE0111
TX304898,CUST10449,2026-01-11,Wire,Credit,10759.83,Nigeria,1,CASE0111
TX321502,CUST10449,2026-02-10,Wire,Debit,15446.98,Mexico,0,CASE0111
TX320247,CUST10449,2026-02-22,P2P,Debit,3006.57,Russia,1,CASE0111
TX315957,CUST10449,2026-05-11,Check,Debit,6270.36,United Kingdom,0,CASE0111
TX317946,CUST10449,2026-07-08,Cash Deposit,Credit,868.87,Canada,0,CASE0111
TX300258,CUST10449,2026-03-30,P2P,Debit,23620.01,China,0,CASE0111
TX306812,CUST10449,2026-03-09,Wire,Credit,10958.74,United Kingdom,0,CASE0111
TX301922,CUST10449,2026-04-13,ACH,Debit,1073.81,Canada,0,CASE0111
TX317336,CUST10449,2026-01-05,ACH,Debit,30692.34,Turkey,1,CASE0111
TX303500,CUST10449,2026-07-09,Cash Withdrawal,Debit,3009.21,China,0,CASE0111
TX309467,CUST10449,2026-04-30,ACH,Debit,6595.73,United Kingdom,0,CASE0111
TX316550,CUST10449,2026-08-23,Check,Debit,7278.88,United States,0,CASE0111
TX301791,CUST10449,2026-02-18,Check,Debit,1804.89,United States,0,CASE0111
TX317407,CUST10449,2026-06-08,Card,Debit,25482.0,Mexico,0,CASE0111
TX319223,CUST10449,2026-07-11,Check,Credit,2912.74,United Arab Emirates,1,CASE0111
TX306293,CUST10449,2026-03-06,Cash Deposit,Debit,25000.17,India,0,CASE0111
TX321849,CUST10449,2026-06-12,Wire,Credit,1649.5,Nigeria,1,CASE0111
TX311271,CUST10449,2026-04-10,Wire,Credit,2852.73,China,0,CASE0111
TX309734,CUST10449,2026-06-03,Cash Deposit,Debit,1312.68,India,0,CASE0111
TX308666,CUST10047,2026-07-14,Cash Deposit,Credit,24111.5,United Arab Emirates,1,CASE0112
TX316693,CUST10047,2026-01-14,ACH,Credit,3827.1,India,0,CASE0112
TX315552,CUST10047,2026-08-31,Cash Deposit,Credit,12097.69,Mexico,0,CASE0112
TX301925,CUST10047,2026-05-28,Check,Debit,14151.91,China,0,CASE0112
TX306659,CUST10047,2026-07-20,P2P,Credit,12770.57,India,0,CASE0112
TX304109,CUST10047,2026-01-04,ACH,Debit,2575.29,United Arab Emirates,1,CASE0112
TX318898,CUST10047,2026-02-11,Check,Debit,19492.89,Mexico,0,CASE0112
TX303295,CUST10047,2026-02-05,Card,Debit,949.68,India,0,CASE0112
TX304110,CUST10047,2026-02-04,Cash Deposit,Debit,10774.65,United Kingdom,0,CASE0112
TX311524,CUST10047,2026-01-13,Cash Withdrawal,Debit,11009.57,Turkey,1,CASE0112
TX315172,CUST10047,2026-07-08,Cash Deposit,Debit,4006.33,Turkey,1,CASE0112
TX303124,CUST10047,2026-04-15,Wire,Debit,15750.44,Canada,0,CASE0112
TX314775,CUST10047,2026-05-10,P2P,Credit,4286.33,Mexico,0,CASE0112
TX315029,CUST10047,2026-03-05,Wire,Credit,7245.23,Turkey,1,CASE0112
TX309613,CUST10047,2026-09-16,ACH,Debit,13913.71,Nigeria,1,CASE0112
TX309352,CUST10047,2026-01-01,P2P,Debit,3820.88,Turkey,1,CASE0112
TX301686,CUST10047,2026-06-04,ACH,Credit,4303.01,Turkey,1,CASE0112
TX306112,CUST10047,2026-08-02,Cash Deposit,Debit,3117.69,Nigeria,1,CASE0112
TX311717,CUST10047,2026-05-26,Check,Credit,27638.96,Canada,0,CASE0112
TX316489,CUST10047,2026-06-01,P2P,Credit,4422.59,United Kingdom,0,CASE0112
TX303753,CUST10047,2026-04-21,Cash Withdrawal,Debit,234.06,United States,0,CASE0112
TX308316,CUST10047,2026-08-11,ACH,Credit,34297.05,United States,0,CASE0112
TX301259,CUST10047,2026-06-22,Cash Withdrawal,Credit,1415.08,Canada,0,CASE0112
TX308355,CUST10047,2026-05-14,ACH,Credit,3785.62,Canada,0,CASE0112
TX301828,CUST10047,2026-01-19,ACH,Credit,2420.64,Turkey,1,CASE0112
TX302383,CUST10242,2026-09-19,Wire,Credit,8444.17,India,0,CASE0113
TX319800,CUST10242,2026-03-03,Cash Deposit,Debit,12028.23,United Kingdom,0,CASE0113
TX313340,CUST10242,2026-07-27,ACH,Debit,51745.93,Russia,1,CASE0113
TX320107,CUST10242,2026-06-06,P2P,Debit,2804.33,Nigeria,1,CASE0113
TX316936,CUST10242,2026-04-08,P2P,Debit,2838.31,United States,0,CASE0113
TX311817,CUST10242,2026-03-06,Cash Deposit,Credit,14143.61,China,0,CASE0113
TX303046,CUST10242,2026-07-21,ACH,Debit,1877.97,Mexico,0,CASE0113
TX303018,CUST10242,2026-03-26,Card,Debit,4587.89,Nigeria,1,CASE0113
TX315515,CUST10242,2026-02-04,Card,Credit,3001.47,Nigeria,1,CASE0113
TX306318,CUST10242,2026-04-14,Cash Deposit,Credit,9776.4,Mexico,0,CASE0113
TX319924,CUST10242,2026-08-29,Wire,Debit,5838.04,United Kingdom,0,CASE0113
TX304449,CUST10242,2026-03-09,Cash Withdrawal,Debit,6939.48,Turkey,1,CASE0113
TX302157,CUST10242,2026-07-06,Cash Withdrawal,Credit,4997.33,Canada,0,CASE0113
TX302868,CUST10242,2026-01-31,ACH,Credit,9236.47,Mexico,0,CASE0113
TX307579,CUST10242,2026-05-21,Cash Deposit,Credit,3575.37,Turkey,1,CASE0113
TX301490,CUST10242,2026-06-30,ACH,Credit,11017.24,United Arab Emirates,1,CASE0113
TX311882,CUST10242,2026-02-13,Check,Credit,37677.81,Nigeria,1,CASE0113
TX319136,CUST10242,2026-03-12,Wire,Credit,4947.36,India,0,CASE0113
TX301810,CUST10105,2026-09-19,Card,Credit,25292.72,Turkey,1,CASE0114
TX307401,CUST10105,2026-08-03,P2P,Debit,1439.59,India,0,CASE0114
TX318528,CUST10105,2026-07-07,Check,Debit,2723.08,Mexico,0,CASE0114
TX316520,CUST10105,2026-06-22,ACH,Debit,3377.93,Turkey,1,CASE0114
TX308651,CUST10105,2026-07-12,Check,Credit,2159.23,Canada,0,CASE0114
TX300664,CUST10105,2026-06-13,Check,Credit,13466.48,United Arab Emirates,1,CASE0114
TX318576,CUST10105,2026-07-17,Cash Deposit,Credit,9985.56,Turkey,1,CASE0114
TX319321,CUST10105,2026-08-11,Cash Deposit,Credit,9274.25,Canada,0,CASE0114
TX310524,CUST10105,2026-01-15,Card,Credit,2386.7,United States,0,CASE0114
TX319409,CUST10105,2026-08-03,Card,Credit,2694.59,United Kingdom,0,CASE0114
TX308993,CUST10105,2026-07-16,Cash Withdrawal,Credit,2233.87,India,0,CASE0114
TX301175,CUST10105,2026-06-25,Check,Debit,4335.85,Mexico,0,CASE0114
TX307426,CUST10105,2026-08-16,Cash Deposit,Credit,39898.14,United States,0,CASE0114
TX309875,CUST10105,2026-06-30,Wire,Credit,6057.8,China,0,CASE0114
TX311556,CUST10105,2026-01-20,Cash Deposit,Credit,1324.51,Nigeria,1,CASE0114
TX320039,CUST10105,2026-02-09,Card,Debit,4247.9,Mexico,0,CASE0114
TX311038,CUST10105,2026-04-27,Cash Withdrawal,Credit,16382.35,Turkey,1,CASE0114
TX314685,CUST10105,2026-03-17,Wire,Debit,5879.84,Canada,0,CASE0114
TX317252,CUST10345,2026-03-17,ACH,Credit,3713.98,Canada,0,CASE0115
TX314897,CUST10345,2026-07-16,Wire,Debit,3026.17,Russia,1,CASE0115
TX301626,CUST10345,2026-07-30,Check,Debit,5877.2,India,0,CASE0115
TX321901,CUST10345,2026-05-07,Check,Debit,4841.37,Russia,1,CASE0115
TX312734,CUST10345,2026-01-06,Cash Deposit,Credit,3508.89,Nigeria,1,CASE0115
TX303275,CUST10345,2026-08-03,P2P,Credit,3999.09,China,0,CASE0115
TX301053,CUST10345,2026-03-05,Card,Debit,2965.21,United Arab Emirates,1,CASE0115
TX302907,CUST10345,2026-08-16,Cash Deposit,Credit,5139.51,China,0,CASE0115
TX315788,CUST10345,2026-05-06,Check,Credit,5966.94,United States,0,CASE0115
TX320031,CUST10345,2026-02-28,ACH,Credit,11573.88,United States,0,CASE0115
TX319958,CUST10345,2026-01-30,Wire,Credit,3057.4,United Arab Emirates,1,CASE0115
TX313214,CUST10345,2026-07-03,P2P,Debit,3936.32,Turkey,1,CASE0115
TX309823,CUST10345,2026-03-18,ACH,Credit,2632.94,Mexico,0,CASE0115
TX317063,CUST10345,2026-05-12,Wire,Credit,10629.57,Canada,0,CASE0115
TX307781,CUST10345,2026-03-01,ACH,Debit,5468.46,United States,0,CASE0115
TX317332,CUST10345,2026-05-24,Wire,Credit,5765.0,United Arab Emirates,1,CASE0115
TX315690,CUST10345,2026-04-03,ACH,Debit,22122.79,Mexico,0,CASE0115
TX318086,CUST10345,2026-07-08,ACH,Credit,1909.81,China,0,CASE0115
TX305226,CUST10345,2026-06-16,Check,Credit,12501.24,United Kingdom,0,CASE0115
TX320040,CUST10345,2026-06-19,P2P,Debit,11581.44,Russia,1,CASE0115
TX301197,CUST10345,2026-06-20,ACH,Debit,13147.43,United Kingdom,0,CASE0115
TX318247,CUST10345,2026-02-11,Wire,Debit,1547.36,China,0,CASE0115
TX305463,CUST10345,2026-03-31,Card,Debit,1994.75,United Arab Emirates,1,CASE0115
TX306762,CUST10345,2026-07-28,ACH,Debit,2823.3,Turkey,1,CASE0115
TX320410,CUST10345,2026-06-27,Cash Deposit,Credit,2019.52,United Kingdom,0,CASE0115
TX300712,CUST10170,2026-05-16,ACH,Credit,4412.43,United Kingdom,0,CASE0116
TX319923,CUST10170,2026-03-10,ACH,Credit,30474.05,United Kingdom,0,CASE0116
TX321343,CUST10170,2026-04-08,Check,Credit,19543.21,Mexico,0,CASE0116
TX302098,CUST10170,2026-07-03,Card,Credit,5400.21,United Arab Emirates,1,CASE0116
TX300067,CUST10170,2026-04-29,Cash Deposit,Credit,7588.85,Canada,0,CASE0116
TX309200,CUST10170,2026-01-28,P2P,Credit,9738.57,United Kingdom,0,CASE0116
TX319266,CUST10170,2026-01-25,Wire,Debit,25673.54,Russia,1,CASE0116
TX310632,CUST10170,2026-06-10,Cash Deposit,Debit,8309.49,United States,0,CASE0116
TX316784,CUST10170,2026-04-21,Wire,Credit,1734.61,Mexico,0,CASE0116
TX315512,CUST10170,2026-05-24,Wire,Credit,1096.8,United Kingdom,0,CASE0116
TX315614,CUST10170,2026-05-16,Card,Debit,49667.47,United Arab Emirates,1,CASE0116
TX314737,CUST10170,2026-09-22,Check,Credit,608.47,United States,0,CASE0116
TX317539,CUST10170,2026-07-03,P2P,Credit,20281.17,China,0,CASE0116
TX321112,CUST10170,2026-06-09,Card,Debit,30669.47,United Arab Emirates,1,CASE0116
TX310203,CUST10170,2026-04-16,Wire,Debit,2275.55,Mexico,0,CASE0116
TX313095,CUST10170,2026-01-19,ACH,Credit,2204.71,United States,0,CASE0116
TX310015,CUST10170,2026-09-16,Cash Deposit,Debit,3277.15,United Arab Emirates,1,CASE0116
TX307617,CUST10170,2026-09-16,Cash Deposit,Debit,4624.56,India,0,CASE0116
TX313225,CUST10170,2026-01-10,Card,Credit,9423.14,United Kingdom,0,CASE0116
TX317503,CUST10170,2026-08-17,Card,Credit,9122.56,Turkey,1,CASE0116
TX320457,CUST10170,2026-03-22,ACH,Credit,2798.89,Turkey,1,CASE0116
TX312365,CUST10170,2026-03-09,Cash Withdrawal,Credit,3388.37,United Arab Emirates,1,CASE0116
TX314642,CUST10170,2026-05-19,Wire,Credit,2405.18,Mexico,0,CASE0116
TX315884,CUST10170,2026-06-02,Card,Debit,2940.75,United States,0,CASE0116
TX317583,CUST10170,2026-09-27,Card,Credit,7590.19,United States,0,CASE0116
TX304941,CUST10146,2026-02-06,Cash Deposit,Debit,11682.64,Canada,0,CASE0117
TX311897,CUST10146,2026-02-18,Cash Deposit,Credit,11574.55,Turkey,1,CASE0117
TX309602,CUST10146,2026-04-14,P2P,Debit,7659.61,United States,0,CASE0117
TX316864,CUST10146,2026-07-01,Cash Deposit,Debit,4872.27,United Kingdom,0,CASE0117
TX312268,CUST10146,2026-06-29,Wire,Debit,2591.63,Turkey,1,CASE0117
TX311553,CUST10146,2026-05-27,Wire,Debit,3120.55,Canada,0,CASE0117
TX313166,CUST10146,2026-08-02,Check,Debit,3232.61,Russia,1,CASE0117
TX315774,CUST10146,2026-05-13,Cash Withdrawal,Credit,43039.25,Canada,0,CASE0117
TX315786,CUST10146,2026-02-21,Wire,Debit,7476.42,China,0,CASE0117
TX313389,CUST10146,2026-05-09,Wire,Debit,3588.32,United Arab Emirates,1,CASE0117
TX309946,CUST10146,2026-07-01,Wire,Credit,16834.15,Russia,1,CASE0117
TX303657,CUST10146,2026-01-27,Cash Withdrawal,Debit,7997.63,United Arab Emirates,1,CASE0117
TX317297,CUST10146,2026-05-19,Card,Credit,2293.09,United States,0,CASE0117
TX303137,CUST10146,2026-06-23,Wire,Credit,29705.28,Nigeria,1,CASE0117
TX308174,CUST10146,2026-06-30,Check,Credit,4312.45,China,0,CASE0117
TX318175,CUST10146,2026-08-14,Wire,Debit,12218.91,Russia,1,CASE0117
TX317680,CUST10146,2026-01-16,Card,Debit,1082.4,United Kingdom,0,CASE0117
TX311528,CUST10146,2026-09-04,P2P,Credit,4322.13,Russia,1,CASE0117
TX310580,CUST10146,2026-07-08,Check,Credit,3375.36,United Arab Emirates,1,CASE0117
TX320927,CUST10146,2026-09-30,Wire,Credit,15485.48,United Kingdom,0,CASE0117
TX300784,CUST10146,2026-06-11,ACH,Credit,24000.54,Canada,0,CASE0117
TX317198,CUST10146,2026-02-12,Check,Debit,24937.51,Nigeria,1,CASE0117
TX319948,CUST10146,2026-05-21,ACH,Credit,5387.2,India,0,CASE0117
TX313711,CUST10146,2026-07-03,Wire,Credit,13190.19,India,0,CASE0117
TX306522,CUST10014,2026-08-03,Cash Deposit,Credit,4463.65,Nigeria,1,CASE0118
TX308263,CUST10014,2026-05-16,P2P,Debit,15387.83,Mexico,0,CASE0118
TX321663,CUST10014,2026-03-20,Cash Deposit,Debit,13867.49,United Kingdom,0,CASE0118
TX306820,CUST10014,2026-08-17,Wire,Debit,15029.88,Nigeria,1,CASE0118
TX318512,CUST10014,2026-06-14,Cash Withdrawal,Debit,16867.28,United States,0,CASE0118
TX302453,CUST10014,2026-07-29,Cash Deposit,Credit,3448.97,Mexico,0,CASE0118
TX317374,CUST10014,2026-03-16,P2P,Credit,684.16,United States,0,CASE0118
TX302871,CUST10014,2026-01-23,Card,Credit,5983.84,Canada,0,CASE0118
TX310690,CUST10014,2026-07-25,P2P,Debit,3695.19,United States,0,CASE0118
TX306481,CUST10014,2026-02-18,Wire,Debit,1452.03,United States,0,CASE0118
TX303634,CUST10014,2026-02-08,Wire,Credit,5068.4,Canada,0,CASE0118
TX312893,CUST10014,2026-01-20,Wire,Debit,2365.99,Mexico,0,CASE0118
TX303696,CUST10014,2026-01-15,P2P,Debit,2851.38,China,0,CASE0118
TX314715,CUST10014,2026-04-14,P2P,Debit,12246.81,Nigeria,1,CASE0118
TX316276,CUST10014,2026-05-26,Wire,Credit,11872.7,Russia,1,CASE0118
TX312537,CUST10014,2026-08-25,Wire,Debit,7372.39,Nigeria,1,CASE0118
TX316586,CUST10014,2026-09-06,Cash Deposit,Credit,2071.33,Canada,0,CASE0118
TX313383,CUST10014,2026-05-23,Cash Withdrawal,Debit,4927.79,Russia,1,CASE0118
TX319138,CUST10014,2026-03-23,Wire,Debit,4228.95,India,0,CASE0118
TX319372,CUST10014,2026-09-21,Check,Debit,6066.29,United Arab Emirates,1,CASE0118
TX317581,CUST10014,2026-09-25,Cash Withdrawal,Credit,55347.35,Turkey,1,CASE0118
TX317834,CUST10014,2026-07-14,Card,Credit,12962.44,India,0,CASE0118
TX315535,CUST10014,2026-06-04,Check,Debit,6446.81,United Arab Emirates,1,CASE0118
TX319771,CUST10014,2026-04-30,P2P,Credit,1808.81,Nigeria,1,CASE0118
TX307872,CUST10014,2026-03-16,Card,Debit,5561.67,United Arab Emirates,1,CASE0118
TX311768,CUST10825,2026-07-01,Card,Credit,8514.45,United States,0,CASE0119
TX319240,CUST10825,2026-08-11,Wire,Credit,34824.53,Canada,0,CASE0119
TX314916,CUST10825,2026-03-17,Wire,Debit,2884.27,Russia,1,CASE0119
TX312616,CUST10825,2026-02-03,Card,Debit,4390.35,United States,0,CASE0119
TX319713,CUST10825,2026-09-21,Card,Credit,25624.38,Mexico,0,CASE0119
TX307649,CUST10825,2026-06-11,Cash Deposit,Credit,1215.92,Turkey,1,CASE0119
TX302316,CUST10825,2026-06-27,Check,Debit,39178.34,Mexico,0,CASE0119
TX316562,CUST10825,2026-09-03,Cash Deposit,Credit,1383.91,Mexico,0,CASE0119
TX316294,CUST10825,2026-08-30,Cash Deposit,Debit,21875.95,Nigeria,1,CASE0119
TX321388,CUST10825,2026-07-14,ACH,Credit,3546.52,Mexico,0,CASE0119
TX305846,CUST10825,2026-07-20,Wire,Credit,30985.23,Turkey,1,CASE0119
TX306063,CUST10825,2026-08-01,ACH,Debit,4883.73,Canada,0,CASE0119
TX304312,CUST10825,2026-05-13,Cash Deposit,Debit,56830.46,Canada,0,CASE0119
TX306705,CUST10825,2026-06-14,Check,Credit,12225.81,Canada,0,CASE0119
TX303962,CUST10825,2026-09-22,Wire,Debit,7839.39,Nigeria,1,CASE0119
TX313336,CUST10825,2026-09-30,ACH,Debit,13698.85,Canada,0,CASE0119
TX301918,CUST10825,2026-04-10,Check,Debit,13288.99,India,0,CASE0119
TX313896,CUST10825,2026-09-07,Cash Deposit,Credit,1405.62,United States,0,CASE0119
TX303559,CUST10825,2026-05-12,ACH,Debit,2074.86,Canada,0,CASE0119
TX320615,CUST10825,2026-08-01,Cash Deposit,Credit,4269.9,United Kingdom,0,CASE0119
TX301634,CUST10825,2026-06-22,ACH,Credit,6952.98,United States,0,CASE0119
TX303373,CUST10825,2026-02-27,ACH,Debit,21353.27,United Arab Emirates,1,CASE0119
TX311645,CUST10825,2026-05-01,Cash Withdrawal,Debit,3257.35,Canada,0,CASE0119
TX312592,CUST10529,2026-06-24,Wire,Debit,2980.97,Mexico,0,CASE0120
TX318229,CUST10529,2026-03-07,Cash Withdrawal,Credit,5528.74,United Arab Emirates,1,CASE0120
TX319226,CUST10529,2026-04-25,Cash Deposit,Debit,2711.23,Nigeria,1,CASE0120
TX320983,CUST10529,2026-03-28,Cash Withdrawal,Credit,7845.17,Mexico,0,CASE0120
TX321920,CUST10529,2026-07-17,ACH,Credit,4004.68,Mexico,0,CASE0120
TX304730,CUST10529,2026-01-19,Card,Credit,11132.36,United Kingdom,0,CASE0120
TX318508,CUST10529,2026-05-11,P2P,Debit,2819.41,United States,0,CASE0120
TX317009,CUST10529,2026-02-24,ACH,Credit,6305.99,Mexico,0,CASE0120
TX311638,CUST10529,2026-05-28,Cash Deposit,Debit,29733.99,United States,0,CASE0120
TX309493,CUST10529,2026-03-28,ACH,Debit,1796.01,United Kingdom,0,CASE0120
TX309912,CUST10529,2026-03-22,Check,Debit,2732.84,India,0,CASE0120
TX307867,CUST10529,2026-01-19,Card,Credit,11877.54,Nigeria,1,CASE0120
TX310115,CUST10529,2026-06-15,Cash Deposit,Debit,1568.48,United Kingdom,0,CASE0120
TX320488,CUST10614,2026-07-12,P2P,Debit,4487.11,United Kingdom,0,CASE0121
TX300464,CUST10614,2026-03-12,Check,Credit,24374.92,Nigeria,1,CASE0121
TX321462,CUST10614,2026-09-20,Card,Credit,4444.07,Turkey,1,CASE0121
TX302642,CUST10614,2026-04-14,ACH,Credit,1999.99,India,0,CASE0121
TX316914,CUST10614,2026-08-31,Card,Debit,6007.47,China,0,CASE0121
TX311689,CUST10614,2026-05-25,Cash Withdrawal,Credit,768.02,Canada,0,CASE0121
TX318164,CUST10614,2026-01-27,ACH,Credit,33198.28,Canada,0,CASE0121
TX311677,CUST10614,2026-07-06,P2P,Credit,3178.74,United States,0,CASE0121
TX309996,CUST10614,2026-08-29,ACH,Debit,608.0,United States,0,CASE0121
TX312596,CUST10614,2026-09-06,Wire,Credit,13681.98,Mexico,0,CASE0121
TX305712,CUST10614,2026-08-14,Cash Withdrawal,Debit,6562.84,United Arab Emirates,1,CASE0121
TX305055,CUST10614,2026-01-27,ACH,Credit,50855.17,Russia,1,CASE0121
TX319610,CUST10614,2026-08-20,Check,Credit,17740.6,Mexico,0,CASE0121
TX306732,CUST10614,2026-06-13,P2P,Credit,2004.51,Russia,1,CASE0121
TX319937,CUST10614,2026-03-06,ACH,Credit,27014.52,United States,0,CASE0121
TX306699,CUST10614,2026-01-25,Cash Withdrawal,Credit,9529.51,China,0,CASE0121
TX302091,CUST10614,2026-08-04,Cash Deposit,Debit,4680.43,Turkey,1,CASE0121
TX303064,CUST10614,2026-01-02,Cash Withdrawal,Debit,5833.32,United Arab Emirates,1,CASE0121
TX308509,CUST10614,2026-04-25,Cash Deposit,Credit,4695.67,Turkey,1,CASE0121
TX317792,CUST10614,2026-05-31,ACH,Debit,18328.44,India,0,CASE0121
TX311068,CUST10614,2026-09-18,Card,Credit,8746.12,Mexico,0,CASE0121
TX312937,CUST10614,2026-09-25,ACH,Debit,2170.11,United Arab Emirates,1,CASE0121
TX319438,CUST10614,2026-02-21,Wire,Debit,13328.89,Russia,1,CASE0121
TX320686,CUST10614,2026-03-07,Cash Deposit,Credit,3334.99,India,0,CASE0121
TX308965,CUST10142,2026-09-18,Cash Deposit,Credit,2293.6,Turkey,1,CASE0122
TX311390,CUST10142,2026-09-12,P2P,Credit,2698.88,India,0,CASE0122
TX302547,CUST10142,2026-04-09,Cash Deposit,Credit,1287.79,China,0,CASE0122
TX313264,CUST10142,2026-04-08,Wire,Credit,11638.51,China,0,CASE0122
TX315094,CUST10142,2026-04-24,ACH,Credit,53946.8,United Arab Emirates,1,CASE0122
TX317152,CUST10142,2026-06-01,Cash Withdrawal,Debit,10872.02,Canada,0,CASE0122
TX304237,CUST10142,2026-01-21,P2P,Debit,14274.31,Russia,1,CASE0122
TX306770,CUST10142,2026-02-18,Cash Deposit,Debit,1839.73,Turkey,1,CASE0122
TX318388,CUST10142,2026-04-13,Check,Credit,13994.45,Russia,1,CASE0122
TX301131,CUST10142,2026-04-17,ACH,Debit,5456.19,United Kingdom,0,CASE0122
TX318047,CUST10142,2026-08-22,Card,Credit,6061.48,Canada,0,CASE0122
TX313868,CUST10142,2026-04-14,Card,Debit,52679.14,Nigeria,1,CASE0122
TX312703,CUST10142,2026-05-06,Card,Debit,3569.43,United States,0,CASE0122
TX301323,CUST10142,2026-03-23,Wire,Debit,22779.26,Turkey,1,CASE0122
TX316668,CUST10142,2026-03-19,Check,Debit,1883.61,China,0,CASE0122
TX313125,CUST10142,2026-02-21,Cash Deposit,Credit,6610.55,China,0,CASE0122
TX317776,CUST10142,2026-02-22,Wire,Debit,2300.49,Nigeria,1,CASE0122
TX318633,CUST10142,2026-05-14,Cash Deposit,Debit,2196.76,Russia,1,CASE0122
TX316692,CUST10142,2026-03-07,Wire,Credit,4966.29,Canada,0,CASE0122
TX309287,CUST10142,2026-05-10,ACH,Credit,9571.03,Canada,0,CASE0122
TX302386,CUST10142,2026-06-05,ACH,Debit,18396.08,Turkey,1,CASE0122
TX321961,CUST10142,2026-09-06,Wire,Debit,15252.83,United States,0,CASE0122
TX304722,CUST10142,2026-07-30,Wire,Debit,33068.95,Nigeria,1,CASE0122
TX318481,CUST10142,2026-08-29,Wire,Credit,5565.09,Nigeria,1,CASE0122
TX315866,CUST10142,2026-08-18,Cash Withdrawal,Debit,2711.75,India,0,CASE0122
TX314583,CUST10110,2026-05-11,ACH,Debit,2958.47,United Arab Emirates,1,CASE0123
TX300056,CUST10110,2026-09-12,ACH,Debit,11967.35,Turkey,1,CASE0123
TX321412,CUST10110,2026-02-12,Cash Deposit,Debit,2757.39,Russia,1,CASE0123
TX305221,CUST10110,2026-03-29,ACH,Debit,8333.35,United Kingdom,0,CASE0123
TX300064,CUST10110,2026-01-14,Check,Debit,22350.47,United Arab Emirates,1,CASE0123
TX307933,CUST10110,2026-08-28,Cash Deposit,Credit,10409.26,Canada,0,CASE0123
TX316812,CUST10110,2026-06-23,Wire,Debit,9738.13,Nigeria,1,CASE0123
TX319485,CUST10110,2026-09-29,Card,Credit,2624.65,Mexico,0,CASE0123
TX320613,CUST10110,2026-09-28,ACH,Debit,8749.44,Russia,1,CASE0123
TX310586,CUST10110,2026-03-11,Cash Withdrawal,Credit,11688.81,India,0,CASE0123
TX319984,CUST10110,2026-07-31,Card,Credit,1811.95,Canada,0,CASE0123
TX318774,CUST10110,2026-03-15,ACH,Credit,6084.36,India,0,CASE0123
TX319636,CUST10110,2026-07-31,Card,Debit,6740.7,United States,0,CASE0123
TX309824,CUST10110,2026-09-18,Wire,Credit,2025.26,United Kingdom,0,CASE0123
TX321588,CUST10110,2026-06-19,ACH,Debit,4075.84,Russia,1,CASE0123
TX313693,CUST10110,2026-05-25,Wire,Debit,3323.0,Canada,0,CASE0123
TX312610,CUST10110,2026-06-28,ACH,Debit,195.49,India,0,CASE0123
TX310103,CUST10110,2026-04-22,P2P,Credit,2422.96,United Arab Emirates,1,CASE0123
TX308645,CUST10110,2026-04-17,ACH,Debit,18794.78,Canada,0,CASE0123
TX313484,CUST10110,2026-01-03,Check,Credit,4542.8,Russia,1,CASE0123
TX306830,CUST10110,2026-03-09,ACH,Debit,22899.27,United States,0,CASE0123
TX316039,CUST10896,2026-06-25,Wire,Debit,4403.13,United States,0,CASE0124
TX302744,CUST10896,2026-05-15,ACH,Debit,3728.9,Turkey,1,CASE0124
TX311787,CUST10896,2026-04-21,Check,Debit,37893.38,China,0,CASE0124
TX301317,CUST10896,2026-02-01,Wire,Debit,5821.27,India,0,CASE0124
TX306817,CUST10896,2026-06-26,Cash Deposit,Credit,15705.04,United Kingdom,0,CASE0124
TX314623,CUST10896,2026-08-19,Wire,Credit,3227.1,India,0,CASE0124
TX314651,CUST10896,2026-06-29,P2P,Credit,7251.33,Turkey,1,CASE0124
TX313720,CUST10896,2026-07-15,P2P,Debit,4888.35,Canada,0,CASE0124
TX309246,CUST10896,2026-07-21,Card,Debit,5990.22,Canada,0,CASE0124
TX304000,CUST10896,2026-05-19,ACH,Credit,753.81,Mexico,0,CASE0124
TX306868,CUST10896,2026-01-28,ACH,Debit,37273.33,India,0,CASE0124
TX318649,CUST10896,2026-06-05,P2P,Debit,6605.1,Turkey,1,CASE0124
TX318015,CUST10896,2026-09-23,ACH,Credit,3032.86,United Arab Emirates,1,CASE0124
TX307953,CUST10896,2026-02-17,Wire,Debit,14706.74,China,0,CASE0124
TX314922,CUST10896,2026-03-29,Card,Debit,5919.75,Russia,1,CASE0124
TX300288,CUST10896,2026-09-22,Wire,Credit,11906.29,China,0,CASE0124
TX312932,CUST10896,2026-04-07,ACH,Debit,9474.03,Nigeria,1,CASE0124
TX309400,CUST10896,2026-08-13,Cash Withdrawal,Debit,1690.24,Canada,0,CASE0124
TX306147,CUST10896,2026-08-03,Cash Withdrawal,Credit,15127.83,United States,0,CASE0124
TX313139,CUST10141,2026-07-03,ACH,Debit,5066.23,United Kingdom,0,CASE0125
TX306636,CUST10141,2026-02-21,Cash Deposit,Credit,1417.22,India,0,CASE0125
TX300539,CUST10141,2026-02-23,ACH,Credit,2939.13,Mexico,0,CASE0125
TX307017,CUST10141,2026-03-31,Wire,Debit,10129.49,United States,0,CASE0125
TX313500,CUST10141,2026-05-21,Card,Credit,5110.79,Canada,0,CASE0125
TX301318,CUST10141,2026-07-13,Check,Debit,1469.65,Nigeria,1,CASE0125
TX308731,CUST10141,2026-08-23,Cash Withdrawal,Debit,6281.17,China,0,CASE0125
TX315758,CUST10141,2026-02-16,ACH,Debit,51881.9,Nigeria,1,CASE0125
TX317425,CUST10141,2026-08-20,ACH,Credit,18502.68,India,0,CASE0125
TX311885,CUST10141,2026-08-30,Cash Deposit,Debit,3576.3,China,0,CASE0125
TX315332,CUST10141,2026-08-06,Cash Withdrawal,Debit,5408.95,United Arab Emirates,1,CASE0125
TX301891,CUST10141,2026-07-19,Wire,Credit,4765.22,India,0,CASE0125
TX304162,CUST10141,2026-01-13,ACH,Debit,7379.41,India,0,CASE0125
TX319926,CUST10141,2026-03-29,Card,Debit,1093.42,Turkey,1,CASE0125
TX316257,CUST10141,2026-04-07,Cash Withdrawal,Credit,66963.55,India,0,CASE0125
TX301586,CUST10141,2026-09-22,P2P,Credit,1974.58,Canada,0,CASE0125
TX311211,CUST10141,2026-08-19,ACH,Debit,2008.82,India,0,CASE0125
TX304859,CUST10141,2026-05-18,Cash Withdrawal,Debit,7026.28,United States,0,CASE0125
TX300324,CUST10141,2026-04-03,Cash Deposit,Debit,6102.47,Mexico,0,CASE0125
TX304048,CUST10141,2026-03-20,ACH,Credit,5316.76,Canada,0,CASE0125
TX310235,CUST10141,2026-01-19,Cash Deposit,Debit,8676.48,China,0,CASE0125
TX321262,CUST10141,2026-06-18,Card,Credit,32408.65,United States,0,CASE0125
TX317499,CUST10141,2026-08-21,Card,Credit,6606.83,Russia,1,CASE0125
TX301674,CUST10008,2026-05-05,Card,Credit,10850.37,United States,0,CASE0126
TX321431,CUST10008,2026-06-09,Cash Withdrawal,Debit,4917.95,Nigeria,1,CASE0126
TX321305,CUST10008,2026-02-14,Wire,Debit,2196.83,Nigeria,1,CASE0126
TX316080,CUST10008,2026-06-07,Card,Credit,6116.18,United States,0,CASE0126
TX318593,CUST10008,2026-04-01,Cash Withdrawal,Credit,3312.63,United Kingdom,0,CASE0126
TX312789,CUST10008,2026-04-30,Check,Credit,19432.3,India,0,CASE0126
TX317659,CUST10008,2026-06-11,P2P,Credit,8946.32,United Kingdom,0,CASE0126
TX304698,CUST10008,2026-03-09,Card,Debit,889.13,United Kingdom,0,CASE0126
TX311531,CUST10008,2026-03-30,P2P,Debit,660.45,United Kingdom,0,CASE0126
TX310271,CUST10008,2026-08-30,Check,Credit,13203.71,Nigeria,1,CASE0126
TX305867,CUST10008,2026-01-10,Wire,Credit,13330.78,China,0,CASE0126
TX306538,CUST10008,2026-02-06,Cash Deposit,Debit,3624.84,United Arab Emirates,1,CASE0126
TX313842,CUST10008,2026-09-29,Wire,Credit,10081.15,China,0,CASE0126
TX321184,CUST10008,2026-06-01,P2P,Debit,13505.12,United Arab Emirates,1,CASE0126
TX313683,CUST10008,2026-08-10,Wire,Debit,8854.26,Nigeria,1,CASE0126
TX304829,CUST10008,2026-07-12,Cash Deposit,Credit,1826.7,China,0,CASE0126
TX321874,CUST10008,2026-01-06,ACH,Debit,11319.34,China,0,CASE0126
TX312896,CUST10008,2026-01-14,ACH,Credit,8013.38,United States,0,CASE0126
TX315527,CUST10008,2026-09-13,ACH,Debit,6434.86,Nigeria,1,CASE0126
TX320888,CUST10008,2026-07-25,Cash Deposit,Debit,1391.5,Mexico,0,CASE0126
TX307608,CUST10008,2026-05-23,Wire,Debit,7574.82,Canada,0,CASE0126
TX310654,CUST10891,2026-04-22,ACH,Debit,594.1,Mexico,0,CASE0127
TX321975,CUST10891,2026-07-31,ACH,Credit,1781.56,Canada,0,CASE0127
TX319817,CUST10891,2026-08-14,Check,Credit,5212.34,China,0,CASE0127
TX303183,CUST10891,2026-02-15,Wire,Debit,23715.12,Nigeria,1,CASE0127
TX320191,CUST10891,2026-02-09,Card,Credit,10424.29,India,0,CASE0127
TX300889,CUST10891,2026-07-10,P2P,Credit,759.75,China,0,CASE0127
TX308845,CUST10891,2026-03-15,Card,Credit,3891.98,United Arab Emirates,1,CASE0127
TX321435,CUST10891,2026-06-17,ACH,Debit,4161.9,Russia,1,CASE0127
TX313498,CUST10891,2026-07-20,Cash Withdrawal,Debit,4680.65,India,0,CASE0127
TX302507,CUST10891,2026-07-13,Cash Withdrawal,Credit,733.25,Russia,1,CASE0127
TX312526,CUST10891,2026-09-15,Wire,Debit,15754.66,Canada,0,CASE0127
TX319841,CUST10891,2026-08-07,Cash Withdrawal,Debit,9851.43,United States,0,CASE0127
TX302556,CUST10891,2026-01-18,Check,Credit,10094.59,Turkey,1,CASE0127
TX308241,CUST10891,2026-06-22,Check,Credit,11437.96,Russia,1,CASE0127
TX308811,CUST10891,2026-06-12,ACH,Credit,6337.55,Turkey,1,CASE0127
TX308565,CUST10891,2026-06-24,Card,Debit,6076.43,United Arab Emirates,1,CASE0127
TX309271,CUST10891,2026-08-16,Cash Withdrawal,Debit,5247.13,Turkey,1,CASE0127
TX314660,CUST10891,2026-01-21,Cash Deposit,Credit,10611.63,China,0,CASE0127
TX312361,CUST10891,2026-07-16,Wire,Credit,1314.07,Canada,0,CASE0127
TX319493,CUST10035,2026-03-26,Card,Credit,6273.6,Nigeria,1,CASE0128
TX305322,CUST10035,2026-02-13,Cash Deposit,Debit,2744.72,Mexico,0,CASE0128
TX317971,CUST10035,2026-03-30,Cash Deposit,Credit,1299.26,United Kingdom,0,CASE0128
TX318467,CUST10035,2026-04-15,Wire,Debit,2255.86,Russia,1,CASE0128
TX315056,CUST10035,2026-06-22,Cash Deposit,Credit,1850.11,Mexico,0,CASE0128
TX312797,CUST10035,2026-09-01,Wire,Credit,1612.72,Canada,0,CASE0128
TX314118,CUST10035,2026-03-25,Check,Debit,18194.15,United Kingdom,0,CASE0128
TX321094,CUST10035,2026-01-05,ACH,Debit,3522.68,United Kingdom,0,CASE0128
TX306653,CUST10035,2026-09-07,Cash Deposit,Credit,19782.48,Nigeria,1,CASE0128
TX307647,CUST10035,2026-02-11,Cash Withdrawal,Credit,9548.81,Canada,0,CASE0128
TX309834,CUST10035,2026-03-16,P2P,Debit,13486.08,Nigeria,1,CASE0128
TX304281,CUST10035,2026-05-15,Wire,Credit,1696.27,United States,0,CASE0128
TX310748,CUST10035,2026-03-24,P2P,Debit,1799.68,Nigeria,1,CASE0128
TX308744,CUST10035,2026-01-10,ACH,Debit,9207.08,China,0,CASE0128
TX307119,CUST10035,2026-06-10,Cash Deposit,Debit,95642.74,Mexico,0,CASE0128
TX304928,CUST10035,2026-04-21,Check,Debit,3287.59,United States,0,CASE0128
TX319824,CUST10035,2026-07-24,P2P,Debit,1567.16,United Arab Emirates,1,CASE0128
TX303112,CUST10035,2026-09-23,Check,Debit,2072.81,Nigeria,1,CASE0128
TX303645,CUST10035,2026-06-17,P2P,Credit,4400.83,United States,0,CASE0128
TX304467,CUST10035,2026-06-22,Cash Deposit,Credit,7737.27,Canada,0,CASE0128
TX306845,CUST10035,2026-03-27,ACH,Credit,5678.77,Mexico,0,CASE0128
TX309540,CUST10035,2026-01-10,P2P,Credit,28153.72,United Kingdom,0,CASE0128
TX321931,CUST10035,2026-07-06,P2P,Credit,4391.43,Russia,1,CASE0128
TX311085,CUST10035,2026-05-23,Cash Withdrawal,Debit,5287.53,Russia,1,CASE0128
TX315425,CUST10035,2026-03-11,Cash Withdrawal,Credit,38711.8,United Arab Emirates,1,CASE0128
TX317823,CUST10569,2026-05-24,Wire,Debit,43947.73,Russia,1,CASE0129
TX321979,CUST10569,2026-09-08,Cash Deposit,Credit,2485.62,India,0,CASE0129
TX312713,CUST10569,2026-03-25,Check,Debit,9061.5,China,0,CASE0129
TX310563,CUST10569,2026-08-21,Wire,Credit,23277.23,Nigeria,1,CASE0129
TX321288,CUST10569,2026-02-03,Cash Deposit,Debit,3699.12,Turkey,1,CASE0129
TX311501,CUST10569,2026-07-25,ACH,Credit,12179.37,United States,0,CASE0129
TX320772,CUST10569,2026-08-14,Wire,Credit,815.47,Mexico,0,CASE0129
TX306163,CUST10569,2026-07-23,Check,Credit,1237.15,India,0,CASE0129
TX314941,CUST10569,2026-06-30,ACH,Debit,1580.88,Turkey,1,CASE0129
TX301506,CUST10569,2026-04-23,ACH,Debit,1618.07,Nigeria,1,CASE0129
TX307328,CUST10569,2026-04-27,Wire,Debit,4371.63,India,0,CASE0129
TX305494,CUST10569,2026-03-28,P2P,Credit,5029.94,United Arab Emirates,1,CASE0129
TX303822,CUST10569,2026-01-23,ACH,Debit,10665.03,United Kingdom,0,CASE0129
TX320208,CUST10569,2026-09-12,P2P,Debit,5937.08,United States,0,CASE0129
TX316970,CUST10569,2026-03-11,Cash Withdrawal,Credit,6938.01,United Kingdom,0,CASE0129
TX320000,CUST10569,2026-05-17,Card,Credit,10790.14,Nigeria,1,CASE0129
TX308828,CUST10569,2026-02-28,Check,Debit,5999.08,India,0,CASE0129
TX315201,CUST10569,2026-04-28,Card,Credit,8154.21,Russia,1,CASE0129
TX320314,CUST10569,2026-01-05,Card,Debit,9855.05,China,0,CASE0129
TX311781,CUST10569,2026-05-29,Cash Withdrawal,Credit,11258.83,Turkey,1,CASE0129
TX316910,CUST10569,2026-02-24,ACH,Debit,4056.22,United Kingdom,0,CASE0129
TX314681,CUST10569,2026-02-20,Check,Debit,9737.76,United States,0,CASE0129
TX302427,CUST10756,2026-09-08,Cash Deposit,Credit,8761.43,Turkey,1,CASE0130
TX316791,CUST10756,2026-05-23,ACH,Debit,6431.2,Mexico,0,CASE0130
TX315116,CUST10756,2026-07-23,Wire,Debit,5441.85,Canada,0,CASE0130
TX305084,CUST10756,2026-08-21,ACH,Credit,26988.66,China,0,CASE0130
TX310909,CUST10756,2026-08-18,Cash Deposit,Credit,12966.21,Russia,1,CASE0130
TX309790,CUST10756,2026-09-16,Card,Credit,489.37,Canada,0,CASE0130
TX319291,CUST10756,2026-07-03,P2P,Credit,3660.46,United Arab Emirates,1,CASE0130
TX315136,CUST10756,2026-05-25,Card,Debit,4428.03,Turkey,1,CASE0130
TX308702,CUST10756,2026-06-26,Wire,Debit,51249.0,United Arab Emirates,1,CASE0130
TX305861,CUST10756,2026-07-14,Check,Debit,1057.21,Mexico,0,CASE0130
TX300636,CUST10756,2026-05-15,Wire,Debit,23494.91,United States,0,CASE0130
TX310352,CUST10756,2026-05-13,Wire,Credit,2481.79,United Arab Emirates,1,CASE0130
TX302457,CUST10756,2026-07-06,P2P,Debit,5876.92,Canada,0,CASE0130
TX309081,CUST10756,2026-05-15,ACH,Debit,18528.25,India,0,CASE0130
TX311178,CUST10233,2026-08-11,Cash Deposit,Debit,7573.12,China,0,CASE0131
TX300074,CUST10233,2026-01-31,Wire,Credit,2214.07,United Arab Emirates,1,CASE0131
TX320808,CUST10233,2026-02-21,Check,Credit,3033.1,India,0,CASE0131
TX314055,CUST10233,2026-08-27,Wire,Credit,4746.91,United Kingdom,0,CASE0131
TX305651,CUST10233,2026-05-25,Cash Withdrawal,Credit,22887.48,United Arab Emirates,1,CASE0131
TX307618,CUST10233,2026-02-04,ACH,Credit,4683.24,Nigeria,1,CASE0131
TX315017,CUST10233,2026-05-22,Wire,Credit,12508.64,Turkey,1,CASE0131
TX316506,CUST10233,2026-03-30,Wire,Debit,10557.44,Mexico,0,CASE0131
TX310789,CUST10233,2026-08-27,Wire,Debit,5655.26,Mexico,0,CASE0131
TX312600,CUST10233,2026-09-29,Wire,Debit,4764.71,Nigeria,1,CASE0131
TX320512,CUST10233,2026-02-22,ACH,Debit,93478.51,Nigeria,1,CASE0131
TX310274,CUST10233,2026-03-16,ACH,Credit,87707.81,India,0,CASE0131
TX316454,CUST10233,2026-07-22,P2P,Credit,9557.22,United Kingdom,0,CASE0131
TX300790,CUST10233,2026-03-12,ACH,Credit,1564.6,Mexico,0,CASE0131
TX319444,CUST10233,2026-03-14,P2P,Credit,24604.12,United Kingdom,0,CASE0131
TX320200,CUST10233,2026-09-19,Cash Deposit,Credit,92175.83,United Kingdom,0,CASE0131
TX313089,CUST10233,2026-08-24,Wire,Debit,2416.68,United Arab Emirates,1,CASE0131
TX318775,CUST10233,2026-09-29,ACH,Debit,12483.87,United States,0,CASE0131
TX311658,CUST10233,2026-01-06,Card,Credit,21818.13,United Arab Emirates,1,CASE0131
TX315101,CUST10233,2026-01-21,P2P,Debit,4779.82,United Arab Emirates,1,CASE0131
TX321490,CUST10233,2026-08-13,P2P,Debit,28604.21,United Arab Emirates,1,CASE0131
TX300769,CUST10233,2026-06-22,Check,Credit,745.54,Canada,0,CASE0131
TX301577,CUST10233,2026-04-27,Check,Debit,5168.58,Turkey,1,CASE0131
TX316521,CUST10233,2026-06-13,Check,Credit,2480.27,United States,0,CASE0131
TX318884,CUST10233,2026-09-27,Wire,Credit,8661.16,China,0,CASE0131
TX310112,CUST10494,2026-08-22,ACH,Credit,13586.57,United States,0,CASE0132
TX314675,CUST10494,2026-02-16,Check,Credit,9146.53,United Arab Emirates,1,CASE0132
TX311926,CUST10494,2026-02-24,Cash Deposit,Debit,5766.27,United States,0,CASE0132
TX309991,CUST10494,2026-02-13,Cash Deposit,Debit,6455.39,India,0,CASE0132
TX314983,CUST10494,2026-05-09,Cash Deposit,Credit,11699.8,United States,0,CASE0132
TX303493,CUST10494,2026-01-29,ACH,Debit,6955.61,United States,0,CASE0132
TX318577,CUST10494,2026-01-08,Card,Credit,20999.78,Nigeria,1,CASE0132
TX300082,CUST10494,2026-07-04,Card,Debit,17178.57,China,0,CASE0132
TX304513,CUST10494,2026-08-31,Check,Debit,8733.18,United States,0,CASE0132
TX303525,CUST10494,2026-08-12,P2P,Debit,1214.65,Canada,0,CASE0132
TX321039,CUST10494,2026-06-02,Card,Debit,70447.08,Mexico,0,CASE0132
TX300249,CUST10494,2026-06-25,Card,Debit,5310.07,United States,0,CASE0132
TX315970,CUST10494,2026-02-26,Cash Deposit,Debit,42376.03,Turkey,1,CASE0132
TX318715,CUST10494,2026-04-12,Wire,Debit,30283.54,Nigeria,1,CASE0132
TX309556,CUST10494,2026-07-17,ACH,Debit,43855.42,Nigeria,1,CASE0132
TX307364,CUST10494,2026-09-15,Cash Deposit,Debit,23485.39,United Kingdom,0,CASE0132
TX304067,CUST10494,2026-09-05,Check,Debit,2918.24,India,0,CASE0132
TX307532,CUST10572,2026-05-09,Card,Credit,3350.49,Russia,1,CASE0133
TX321429,CUST10572,2026-02-10,Card,Credit,9555.31,Russia,1,CASE0133
TX303364,CUST10572,2026-01-18,Cash Withdrawal,Credit,2067.51,China,0,CASE0133
TX319744,CUST10572,2026-03-28,Wire,Debit,7249.9,China,0,CASE0133
TX321102,CUST10572,2026-01-25,Cash Deposit,Credit,8627.82,India,0,CASE0133
TX319575,CUST10572,2026-07-01,Wire,Debit,18474.06,Canada,0,CASE0133
TX320166,CUST10572,2026-03-01,Check,Debit,1479.94,Mexico,0,CASE0133
TX306456,CUST10572,2026-02-12,Cash Deposit,Debit,87359.07,United States,0,CASE0133
TX309619,CUST10759,2026-04-10,Cash Deposit,Debit,19822.76,Russia,1,CASE0134
TX301644,CUST10759,2026-04-06,Card,Credit,1746.08,United Arab Emirates,1,CASE0134
TX320189,CUST10759,2026-07-24,Card,Credit,2324.16,Russia,1,CASE0134
TX310381,CUST10759,2026-09-03,Check,Debit,3831.81,China,0,CASE0134
TX308932,CUST10759,2026-07-22,Cash Deposit,Debit,883.61,Canada,0,CASE0134
TX318061,CUST10759,2026-08-17,Wire,Credit,623.08,China,0,CASE0134
TX302765,CUST10759,2026-08-03,ACH,Debit,8186.12,Nigeria,1,CASE0134
TX300856,CUST10759,2026-01-02,Cash Deposit,Credit,22799.97,China,0,CASE0134
TX317936,CUST10759,2026-09-14,Cash Withdrawal,Credit,911.84,China,0,CASE0134
TX302967,CUST10759,2026-03-08,Wire,Debit,15221.86,United Arab Emirates,1,CASE0134
TX318516,CUST10759,2026-09-21,Card,Credit,10381.59,India,0,CASE0134
TX313237,CUST10759,2026-06-30,Cash Deposit,Debit,13663.53,United States,0,CASE0134
TX304770,CUST10759,2026-01-09,Card,Debit,1140.22,Turkey,1,CASE0134
TX312366,CUST10759,2026-09-02,Wire,Debit,23690.95,China,0,CASE0134
TX316806,CUST10759,2026-08-27,ACH,Credit,6077.18,Canada,0,CASE0134
TX320583,CUST10759,2026-06-14,Cash Deposit,Credit,4914.26,Mexico,0,CASE0134
TX303320,CUST10759,2026-09-26,Wire,Debit,9703.07,Russia,1,CASE0134
TX321558,CUST10759,2026-04-14,ACH,Credit,4460.09,Russia,1,CASE0134
TX312271,CUST10759,2026-03-08,Wire,Debit,6060.36,India,0,CASE0134
TX314013,CUST10788,2026-09-17,ACH,Debit,8121.56,United Arab Emirates,1,CASE0135
TX317576,CUST10788,2026-04-23,P2P,Credit,8516.19,India,0,CASE0135
TX309513,CUST10788,2026-07-23,P2P,Debit,2066.06,United Arab Emirates,1,CASE0135
TX310553,CUST10788,2026-02-19,Wire,Credit,16284.07,Russia,1,CASE0135
TX317230,CUST10788,2026-02-16,Cash Deposit,Credit,6173.84,China,0,CASE0135
TX303033,CUST10788,2026-08-26,Cash Withdrawal,Credit,9571.11,Russia,1,CASE0135
TX317351,CUST10788,2026-08-05,Cash Withdrawal,Debit,621.44,Turkey,1,CASE0135
TX321360,CUST10788,2026-05-08,Cash Deposit,Debit,5047.93,United Kingdom,0,CASE0135
TX300935,CUST10788,2026-07-03,Cash Withdrawal,Credit,16160.76,United Kingdom,0,CASE0135
TX318390,CUST10788,2026-01-03,Card,Credit,6264.37,United States,0,CASE0135
TX302129,CUST10788,2026-08-31,ACH,Credit,10081.49,Turkey,1,CASE0135
TX304862,CUST10788,2026-03-10,P2P,Credit,19582.48,United States,0,CASE0135
TX308205,CUST10788,2026-03-05,Cash Withdrawal,Debit,5546.85,Canada,0,CASE0135
TX316592,CUST10171,2026-08-28,Wire,Debit,8455.19,India,0,CASE0136
TX308247,CUST10171,2026-05-05,Card,Debit,6819.49,Mexico,0,CASE0136
TX309146,CUST10171,2026-03-29,Cash Deposit,Debit,974.31,United States,0,CASE0136
TX314354,CUST10171,2026-05-28,Check,Credit,6723.13,United States,0,CASE0136
TX316707,CUST10171,2026-05-31,ACH,Credit,4385.3,United Arab Emirates,1,CASE0136
TX311649,CUST10171,2026-08-03,P2P,Debit,13791.55,Turkey,1,CASE0136
TX306990,CUST10171,2026-08-29,Wire,Debit,3211.71,Canada,0,CASE0136
TX319192,CUST10171,2026-01-01,P2P,Debit,916.57,Canada,0,CASE0136
TX308950,CUST10171,2026-05-15,Cash Withdrawal,Credit,4274.29,Canada,0,CASE0136
TX318520,CUST10171,2026-06-02,P2P,Credit,11541.54,India,0,CASE0136
TX316078,CUST10171,2026-01-29,Card,Credit,11394.96,United Kingdom,0,CASE0136
TX303553,CUST10171,2026-09-24,Check,Debit,19736.81,Russia,1,CASE0136
TX309796,CUST10171,2026-02-26,Cash Deposit,Debit,8043.11,India,0,CASE0136
TX309096,CUST10171,2026-04-24,Cash Deposit,Debit,34033.88,Canada,0,CASE0136
TX314070,CUST10171,2026-09-19,ACH,Debit,7388.19,United Arab Emirates,1,CASE0136
TX305408,CUST10171,2026-03-29,Card,Credit,5951.3,China,0,CASE0136
TX306385,CUST10171,2026-08-26,Check,Credit,4902.85,United States,0,CASE0136
TX320782,CUST10171,2026-06-29,ACH,Credit,7500.94,China,0,CASE0136
TX306047,CUST10171,2026-01-07,Wire,Credit,6134.19,Russia,1,CASE0136
TX302041,CUST10171,2026-01-13,Check,Credit,40477.6,China,0,CASE0136
TX321971,CUST10171,2026-03-18,Card,Debit,956.71,Nigeria,1,CASE0136
TX318554,CUST10171,2026-06-06,ACH,Credit,8101.85,United Kingdom,0,CASE0136
TX313822,CUST10171,2026-07-01,Cash Withdrawal,Debit,6665.44,United Kingdom,0,CASE0136
TX320299,CUST10171,2026-09-05,Cash Deposit,Debit,14979.8,Nigeria,1,CASE0136
TX301331,CUST10171,2026-08-06,Cash Withdrawal,Credit,8099.89,United States,0,CASE0136
TX320785,CUST10075,2026-02-19,Wire,Debit,3935.92,Turkey,1,CASE0137
TX317465,CUST10075,2026-01-28,Check,Credit,696.99,Turkey,1,CASE0137
TX303127,CUST10075,2026-06-15,Check,Credit,2525.97,China,0,CASE0137
TX313732,CUST10075,2026-09-16,P2P,Credit,5723.08,Mexico,0,CASE0137
TX301673,CUST10075,2026-03-09,Card,Debit,4234.34,United Kingdom,0,CASE0137
TX314785,CUST10075,2026-06-18,Cash Withdrawal,Debit,9230.4,India,0,CASE0137
TX311625,CUST10075,2026-01-18,ACH,Debit,2164.96,Russia,1,CASE0137
TX315567,CUST10075,2026-01-12,Cash Withdrawal,Debit,2642.16,Mexico,0,CASE0137
TX305217,CUST10075,2026-02-27,Cash Withdrawal,Credit,5258.75,United States,0,CASE0137
TX301402,CUST10075,2026-06-15,ACH,Credit,13054.43,United States,0,CASE0137
TX315943,CUST10075,2026-04-14,Card,Credit,3857.67,Canada,0,CASE0137
TX304853,CUST10075,2026-04-10,Cash Deposit,Credit,1722.27,Canada,0,CASE0137
TX312472,CUST10075,2026-07-19,Cash Deposit,Debit,9399.51,Canada,0,CASE0137
TX304295,CUST10075,2026-05-31,ACH,Credit,8714.09,United Arab Emirates,1,CASE0137
TX311995,CUST10075,2026-03-12,Wire,Debit,500.08,United Kingdom,0,CASE0137
TX319945,CUST10075,2026-05-18,P2P,Debit,12664.57,United Arab Emirates,1,CASE0137
TX312038,CUST10075,2026-01-06,ACH,Credit,2763.36,Canada,0,CASE0137
TX303261,CUST10075,2026-07-13,ACH,Credit,6498.66,United Kingdom,0,CASE0137
TX312551,CUST10075,2026-02-07,Card,Debit,4424.61,United Arab Emirates,1,CASE0137
TX316024,CUST10075,2026-07-27,P2P,Credit,12731.94,Turkey,1,CASE0137
TX317223,CUST10075,2026-02-23,Cash Withdrawal,Credit,3105.14,United Arab Emirates,1,CASE0137
TX309390,CUST10075,2026-08-08,Cash Deposit,Credit,41229.21,United Arab Emirates,1,CASE0137
TX307821,CUST10075,2026-07-26,ACH,Debit,23312.6,United Arab Emirates,1,CASE0137
TX317715,CUST10075,2026-08-09,Cash Deposit,Credit,7968.64,United States,0,CASE0137
TX304732,CUST10075,2026-04-23,Cash Deposit,Debit,9107.48,Mexico,0,CASE0137
TX314065,CUST10496,2026-02-28,Wire,Credit,30210.37,United Kingdom,0,CASE0138
TX308912,CUST10496,2026-01-26,ACH,Debit,678.41,United Kingdom,0,CASE0138
TX321703,CUST10496,2026-04-04,ACH,Debit,2798.73,China,0,CASE0138
TX304103,CUST10496,2026-07-12,Cash Withdrawal,Credit,2138.46,Canada,0,CASE0138
TX318556,CUST10496,2026-05-24,Card,Credit,9118.65,United Arab Emirates,1,CASE0138
TX316711,CUST10496,2026-09-06,P2P,Credit,12079.65,United Kingdom,0,CASE0138
TX302654,CUST10496,2026-06-29,Wire,Credit,4005.64,Nigeria,1,CASE0138
TX307094,CUST10496,2026-08-21,Wire,Credit,1034.26,China,0,CASE0138
TX301032,CUST10496,2026-08-24,Cash Withdrawal,Credit,3187.65,United Kingdom,0,CASE0138
TX311407,CUST10496,2026-08-18,ACH,Credit,61477.0,United Arab Emirates,1,CASE0138
TX300140,CUST10496,2026-09-26,P2P,Debit,63449.78,United States,0,CASE0138
TX301125,CUST10496,2026-06-19,Wire,Credit,2310.21,Nigeria,1,CASE0138
TX300740,CUST10496,2026-01-23,P2P,Debit,1549.49,Russia,1,CASE0138
TX300275,CUST10496,2026-02-02,ACH,Debit,2762.13,Mexico,0,CASE0138
TX316443,CUST10496,2026-01-07,Cash Withdrawal,Credit,9844.09,India,0,CASE0138
TX310189,CUST10496,2026-09-01,Cash Deposit,Credit,17236.44,Mexico,0,CASE0138
TX314317,CUST10496,2026-02-12,Cash Withdrawal,Debit,2277.4,Canada,0,CASE0138
TX301503,CUST10496,2026-06-13,ACH,Credit,10061.41,Nigeria,1,CASE0138
TX309387,CUST10496,2026-06-08,P2P,Credit,5120.94,United Arab Emirates,1,CASE0138
TX315294,CUST10496,2026-04-12,P2P,Debit,4789.47,Nigeria,1,CASE0138
TX316577,CUST10496,2026-04-11,Cash Withdrawal,Debit,48205.48,Russia,1,CASE0138
TX305975,CUST10496,2026-01-13,P2P,Debit,21378.04,Turkey,1,CASE0138
TX309595,CUST10496,2026-07-06,ACH,Credit,9195.77,China,0,CASE0138
TX308280,CUST10496,2026-03-10,Wire,Credit,6674.72,India,0,CASE0138
TX321963,CUST10370,2026-01-20,Wire,Credit,2790.63,Turkey,1,CASE0139
TX312758,CUST10370,2026-03-04,Wire,Credit,5674.12,India,0,CASE0139
TX319588,CUST10370,2026-02-11,Wire,Credit,2847.31,Russia,1,CASE0139
TX300526,CUST10370,2026-09-04,Cash Deposit,Credit,12394.1,United Kingdom,0,CASE0139
TX303940,CUST10370,2026-04-01,Check,Debit,23467.12,Nigeria,1,CASE0139
TX320013,CUST10370,2026-04-10,Cash Deposit,Debit,3615.16,Mexico,0,CASE0139
TX300103,CUST10370,2026-03-27,Cash Deposit,Credit,371.58,United Arab Emirates,1,CASE0139
TX304711,CUST10370,2026-04-01,Check,Credit,15027.19,Canada,0,CASE0139
TX310928,CUST10370,2026-07-14,Check,Credit,5059.19,United States,0,CASE0139
TX311398,CUST10370,2026-03-31,Cash Deposit,Credit,4586.39,Mexico,0,CASE0139
TX302919,CUST10370,2026-08-17,P2P,Debit,4383.28,United Kingdom,0,CASE0139
TX321837,CUST10370,2026-04-01,Check,Credit,7467.81,Russia,1,CASE0139
TX303644,CUST10370,2026-05-12,Cash Withdrawal,Credit,3086.89,United States,0,CASE0139
TX318706,CUST10370,2026-04-24,Wire,Credit,8002.44,Nigeria,1,CASE0139
TX302310,CUST10060,2026-04-11,ACH,Debit,2604.62,United States,0,CASE0140
TX320703,CUST10060,2026-01-10,Cash Deposit,Credit,1846.2,United Arab Emirates,1,CASE0140
TX304420,CUST10060,2026-08-30,Card,Credit,3095.45,United Kingdom,0,CASE0140
TX302502,CUST10060,2026-09-19,Wire,Credit,3306.05,Turkey,1,CASE0140
TX311025,CUST10060,2026-07-19,P2P,Credit,5926.64,Mexico,0,CASE0140
TX318465,CUST10060,2026-08-30,Wire,Debit,455.1,Nigeria,1,CASE0140
TX300328,CUST10060,2026-09-02,Cash Withdrawal,Debit,10221.71,Russia,1,CASE0140
TX317873,CUST10060,2026-08-15,ACH,Debit,13092.47,Turkey,1,CASE0140
TX315776,CUST10060,2026-08-19,Check,Credit,8294.48,Nigeria,1,CASE0140
TX316473,CUST10060,2026-08-01,Cash Deposit,Credit,1803.39,United States,0,CASE0140
TX307746,CUST10060,2026-05-29,P2P,Debit,5527.22,China,0,CASE0140
TX321139,CUST10060,2026-04-12,Check,Credit,8308.84,China,0,CASE0140
TX314890,CUST10060,2026-01-06,Wire,Credit,1121.17,United States,0,CASE0140
TX317373,CUST10060,2026-07-29,Check,Debit,1593.11,Canada,0,CASE0140
TX313644,CUST10060,2026-03-08,ACH,Credit,3894.63,China,0,CASE0140
TX307791,CUST10060,2026-07-17,Cash Deposit,Credit,4323.63,Russia,1,CASE0140
TX307612,CUST10060,2026-01-10,ACH,Debit,3263.77,United States,0,CASE0140
TX313867,CUST10060,2026-08-08,Wire,Debit,4178.67,Canada,0,CASE0140
TX303486,CUST10060,2026-02-25,Cash Withdrawal,Credit,6277.34,Canada,0,CASE0140
TX316011,CUST10638,2026-05-11,ACH,Debit,1401.44,Turkey,1,CASE0141
TX304845,CUST10638,2026-04-30,Card,Debit,8588.74,Russia,1,CASE0141
TX319877,CUST10638,2026-02-14,Cash Deposit,Debit,7256.26,India,0,CASE0141
TX313352,CUST10638,2026-07-05,P2P,Credit,1920.25,Turkey,1,CASE0141
TX304394,CUST10638,2026-02-09,P2P,Credit,2214.7,Nigeria,1,CASE0141
TX311682,CUST10638,2026-04-07,Wire,Credit,9401.5,Mexico,0,CASE0141
TX312807,CUST10638,2026-08-21,Card,Credit,2179.5,Turkey,1,CASE0141
TX309853,CUST10638,2026-02-24,Wire,Credit,5309.11,Canada,0,CASE0141
TX301860,CUST10638,2026-04-23,Wire,Debit,1816.37,United Arab Emirates,1,CASE0141
TX321793,CUST10638,2026-04-17,Cash Withdrawal,Credit,290.45,Nigeria,1,CASE0141
TX311866,CUST10638,2026-09-24,Cash Deposit,Credit,3068.72,Mexico,0,CASE0141
TX303420,CUST10638,2026-09-24,Wire,Debit,3138.66,United Kingdom,0,CASE0141
TX313765,CUST10638,2026-03-20,Wire,Debit,16459.48,United Kingdom,0,CASE0141
TX305865,CUST10638,2026-05-16,Wire,Debit,3718.28,Canada,0,CASE0141
TX319205,CUST10638,2026-07-25,Cash Deposit,Debit,20631.94,Nigeria,1,CASE0141
TX301410,CUST10638,2026-01-25,Cash Deposit,Credit,8436.41,India,0,CASE0141
TX303677,CUST10638,2026-01-08,Wire,Debit,7804.19,United Kingdom,0,CASE0141
TX310653,CUST10638,2026-08-28,Check,Debit,4337.47,India,0,CASE0141
TX319701,CUST10638,2026-07-05,Card,Credit,2753.26,United Arab Emirates,1,CASE0141
TX312286,CUST10638,2026-05-04,Card,Credit,6395.81,Turkey,1,CASE0141
TX307919,CUST10638,2026-09-19,ACH,Credit,9158.71,Nigeria,1,CASE0141
TX301484,CUST10638,2026-09-04,Wire,Debit,13721.96,United States,0,CASE0141
TX309010,CUST10638,2026-07-02,Cash Deposit,Credit,3281.02,China,0,CASE0141
TX311230,CUST10638,2026-09-09,ACH,Credit,6358.07,Russia,1,CASE0141
TX320379,CUST10638,2026-01-06,ACH,Credit,4964.35,India,0,CASE0141
TX312194,CUST10454,2026-08-27,P2P,Credit,18076.37,Nigeria,1,CASE0142
TX305681,CUST10454,2026-02-22,Cash Deposit,Debit,1970.16,Mexico,0,CASE0142
TX316376,CUST10454,2026-06-02,Card,Credit,10100.71,United States,0,CASE0142
TX305885,CUST10454,2026-08-08,P2P,Debit,3133.91,United Arab Emirates,1,CASE0142
TX321186,CUST10454,2026-06-08,Wire,Credit,12148.67,India,0,CASE0142
TX309250,CUST10454,2026-03-31,Cash Withdrawal,Debit,1646.14,Nigeria,1,CASE0142
TX301219,CUST10454,2026-01-05,Wire,Credit,22940.74,United Kingdom,0,CASE0142
TX308529,CUST10454,2026-02-04,Wire,Debit,26267.6,United Kingdom,0,CASE0142
TX314814,CUST10454,2026-05-19,Cash Deposit,Debit,13110.55,Mexico,0,CASE0142
TX314014,CUST10454,2026-09-13,Cash Withdrawal,Credit,8816.2,Canada,0,CASE0142
TX316632,CUST10454,2026-07-20,Card,Debit,1879.94,United States,0,CASE0142
TX305176,CUST10454,2026-09-19,Wire,Debit,17176.3,Nigeria,1,CASE0142
TX304340,CUST10454,2026-03-19,Card,Debit,12556.0,Nigeria,1,CASE0142
TX321473,CUST10454,2026-05-23,Card,Debit,1482.65,Mexico,0,CASE0142
TX316386,CUST10454,2026-05-10,P2P,Debit,14987.68,United Arab Emirates,1,CASE0142
TX306125,CUST10454,2026-05-21,Wire,Credit,827.56,Canada,0,CASE0142
TX318311,CUST10454,2026-08-11,Card,Debit,17303.34,India,0,CASE0142
TX308571,CUST10454,2026-08-01,Check,Debit,13932.23,India,0,CASE0142
TX317815,CUST10454,2026-08-25,Cash Withdrawal,Credit,472.52,United Arab Emirates,1,CASE0142
TX309005,CUST10454,2026-06-25,Wire,Debit,3019.28,United States,0,CASE0142
TX304858,CUST10454,2026-09-24,Check,Credit,13475.67,Mexico,0,CASE0142
TX301818,CUST10454,2026-06-14,Wire,Debit,4772.41,Canada,0,CASE0142
TX306132,CUST10454,2026-04-06,ACH,Credit,3368.37,United Kingdom,0,CASE0142
TX319053,CUST10454,2026-04-18,Card,Debit,2439.99,China,0,CASE0142
TX311870,CUST10454,2026-04-30,ACH,Credit,3156.95,India,0,CASE0142
TX310878,CUST10618,2026-05-04,Check,Credit,1584.85,Canada,0,CASE0143
TX307104,CUST10618,2026-02-02,Card,Debit,412.89,United Arab Emirates,1,CASE0143
TX302007,CUST10618,2026-01-06,ACH,Debit,8772.01,Mexico,0,CASE0143
TX315270,CUST10618,2026-03-07,Wire,Debit,19797.5,Mexico,0,CASE0143
TX305843,CUST10618,2026-03-21,Card,Debit,9275.76,Mexico,0,CASE0143
TX319030,CUST10618,2026-06-20,Wire,Credit,5415.95,Canada,0,CASE0143
TX311670,CUST10618,2026-07-07,Wire,Credit,2288.97,India,0,CASE0143
TX311123,CUST10618,2026-05-30,Card,Debit,17962.65,Turkey,1,CASE0143
TX301593,CUST10618,2026-06-01,Cash Deposit,Debit,10280.33,Canada,0,CASE0143
TX309842,CUST10618,2026-05-30,Cash Deposit,Debit,7318.17,Nigeria,1,CASE0143
TX316647,CUST10618,2026-04-28,Wire,Debit,27097.48,Turkey,1,CASE0143
TX312438,CUST10292,2026-07-14,ACH,Debit,3169.28,Mexico,0,CASE0144
TX305179,CUST10292,2026-06-17,Wire,Debit,18414.58,Russia,1,CASE0144
TX307468,CUST10292,2026-03-19,ACH,Debit,9414.53,Turkey,1,CASE0144
TX311674,CUST10292,2026-02-17,P2P,Debit,4162.16,China,0,CASE0144
TX321533,CUST10292,2026-02-02,ACH,Debit,5244.41,Mexico,0,CASE0144
TX304793,CUST10292,2026-04-17,ACH,Debit,6757.42,China,0,CASE0144
TX318424,CUST10292,2026-08-27,Cash Deposit,Debit,36710.99,China,0,CASE0144
TX311289,CUST10292,2026-05-23,Card,Credit,13207.76,Turkey,1,CASE0144
TX319467,CUST10292,2026-09-21,Cash Deposit,Credit,2540.79,Mexico,0,CASE0144
TX307814,CUST10292,2026-09-06,Check,Debit,2055.24,United Arab Emirates,1,CASE0144
TX301769,CUST10292,2026-09-19,P2P,Credit,27598.81,United Kingdom,0,CASE0144
TX303624,CUST10292,2026-02-14,Wire,Credit,6037.75,Canada,0,CASE0144
TX304639,CUST10292,2026-06-24,ACH,Debit,3643.84,Russia,1,CASE0144
TX317643,CUST10292,2026-03-30,P2P,Credit,1659.21,Nigeria,1,CASE0144
TX311041,CUST10292,2026-03-19,ACH,Credit,13983.42,United Kingdom,0,CASE0144
TX310637,CUST10292,2026-09-14,Cash Deposit,Debit,669.12,Turkey,1,CASE0144
TX321564,CUST10292,2026-06-26,Wire,Credit,1950.16,United Arab Emirates,1,CASE0144
TX316414,CUST10292,2026-06-04,ACH,Credit,29710.4,United Kingdom,0,CASE0144
TX311765,CUST10292,2026-04-03,P2P,Debit,2739.4,United Arab Emirates,1,CASE0144
TX313289,CUST10093,2026-09-20,ACH,Credit,8176.32,Canada,0,CASE0145
TX300319,CUST10093,2026-06-15,Wire,Debit,18195.61,Nigeria,1,CASE0145
TX317829,CUST10093,2026-06-26,ACH,Credit,646.01,Russia,1,CASE0145
TX316822,CUST10093,2026-01-24,Check,Debit,1930.64,India,0,CASE0145
TX306756,CUST10093,2026-02-05,Cash Withdrawal,Credit,3832.1,United States,0,CASE0145
TX310762,CUST10093,2026-02-15,Check,Debit,6765.04,Mexico,0,CASE0145
TX307519,CUST10093,2026-04-29,Cash Withdrawal,Debit,5139.71,United Arab Emirates,1,CASE0145
TX319376,CUST10093,2026-04-02,Card,Credit,7937.04,United Arab Emirates,1,CASE0145
TX307320,CUST10093,2026-09-08,P2P,Debit,6752.14,United States,0,CASE0145
TX317378,CUST10093,2026-04-17,P2P,Credit,17177.18,Nigeria,1,CASE0145
TX315393,CUST10093,2026-01-29,Wire,Credit,5964.36,United Kingdom,0,CASE0145
TX315705,CUST10093,2026-01-17,Cash Deposit,Credit,19415.16,Mexico,0,CASE0145
TX303503,CUST10744,2026-06-22,Card,Credit,1570.36,Nigeria,1,CASE0146
TX313978,CUST10744,2026-09-26,Wire,Debit,9867.87,Turkey,1,CASE0146
TX312270,CUST10744,2026-04-28,Wire,Credit,18422.43,Turkey,1,CASE0146
TX308271,CUST10744,2026-01-18,Cash Deposit,Credit,1114.74,Canada,0,CASE0146
TX306290,CUST10744,2026-08-25,Wire,Debit,5133.61,Turkey,1,CASE0146
TX307229,CUST10744,2026-08-05,Wire,Debit,2468.05,United Kingdom,0,CASE0146
TX313167,CUST10744,2026-09-07,Card,Debit,2096.07,Russia,1,CASE0146
TX309630,CUST10744,2026-02-11,P2P,Debit,2652.39,Canada,0,CASE0146
TX312508,CUST10744,2026-01-29,Wire,Debit,4015.64,Nigeria,1,CASE0146
TX307684,CUST10744,2026-01-14,Card,Debit,19873.28,United States,0,CASE0146
TX313650,CUST10744,2026-03-04,ACH,Debit,3479.25,Canada,0,CASE0146
TX310847,CUST10088,2026-09-24,ACH,Debit,11984.42,Mexico,0,CASE0147
TX316528,CUST10088,2026-05-01,Check,Credit,50803.06,United States,0,CASE0147
TX309526,CUST10088,2026-04-25,Wire,Debit,2996.04,Turkey,1,CASE0147
TX305477,CUST10088,2026-08-11,Wire,Credit,3919.97,India,0,CASE0147
TX307222,CUST10088,2026-04-08,Card,Debit,12309.31,Canada,0,CASE0147
TX312410,CUST10088,2026-04-02,P2P,Debit,10819.9,Mexico,0,CASE0147
TX314064,CUST10088,2026-04-25,ACH,Credit,2900.78,India,0,CASE0147
TX307355,CUST10088,2026-09-17,P2P,Debit,4378.7,Russia,1,CASE0147
TX321833,CUST10088,2026-09-06,P2P,Credit,12454.06,Canada,0,CASE0147
TX305005,CUST10088,2026-07-14,ACH,Credit,562.48,Canada,0,CASE0147
TX318268,CUST10088,2026-07-23,P2P,Credit,6164.42,China,0,CASE0147
TX310916,CUST10088,2026-05-09,ACH,Debit,33255.69,United States,0,CASE0147
TX317995,CUST10088,2026-08-02,Cash Deposit,Credit,329.02,United Arab Emirates,1,CASE0147
TX315879,CUST10088,2026-09-27,Check,Credit,37477.24,Mexico,0,CASE0147
TX300523,CUST10088,2026-06-25,Cash Deposit,Debit,3241.47,Nigeria,1,CASE0147
TX307982,CUST10088,2026-05-06,ACH,Credit,63971.94,China,0,CASE0147
TX309852,CUST10088,2026-09-26,Card,Credit,8123.53,United Arab Emirates,1,CASE0147
TX301869,CUST10088,2026-04-13,Card,Debit,19454.11,Russia,1,CASE0147
TX319027,CUST10088,2026-09-09,P2P,Credit,94945.82,United States,0,CASE0147
TX310343,CUST10617,2026-07-07,ACH,Debit,3113.7,Canada,0,CASE0148
TX306565,CUST10617,2026-09-29,P2P,Debit,3037.68,United States,0,CASE0148
TX314182,CUST10617,2026-06-02,Cash Deposit,Debit,11483.59,China,0,CASE0148
TX303577,CUST10617,2026-09-25,Wire,Credit,15092.52,United Kingdom,0,CASE0148
TX317364,CUST10617,2026-09-30,Card,Debit,8370.7,Canada,0,CASE0148
TX316578,CUST10617,2026-09-02,Check,Debit,7511.89,India,0,CASE0148
TX315863,CUST10617,2026-02-13,Wire,Credit,3487.89,United Kingdom,0,CASE0148
TX307376,CUST10617,2026-04-11,Wire,Credit,3534.07,Russia,1,CASE0148
TX301351,CUST10617,2026-05-11,ACH,Debit,10656.72,United Kingdom,0,CASE0148
TX305799,CUST10617,2026-05-02,ACH,Debit,2190.29,Canada,0,CASE0148
TX305698,CUST10617,2026-07-22,P2P,Credit,560.23,India,0,CASE0148
TX319274,CUST10617,2026-05-08,Cash Deposit,Debit,9117.79,India,0,CASE0148
TX312754,CUST10617,2026-02-11,ACH,Debit,3551.75,United States,0,CASE0148
TX319078,CUST10617,2026-04-19,ACH,Credit,4891.86,Russia,1,CASE0148
TX320962,CUST10617,2026-08-07,Cash Deposit,Debit,38888.65,China,0,CASE0148
TX319263,CUST10617,2026-03-30,Wire,Debit,2813.69,Mexico,0,CASE0148
TX312373,CUST10617,2026-04-04,P2P,Debit,8392.9,United Arab Emirates,1,CASE0148
TX315823,CUST10617,2026-03-25,ACH,Credit,2390.03,Nigeria,1,CASE0148
TX319872,CUST10617,2026-08-30,Wire,Debit,160436.09,United Arab Emirates,1,CASE0148
TX320344,CUST10617,2026-07-11,Wire,Debit,4473.44,United Arab Emirates,1,CASE0148
TX309058,CUST10617,2026-08-21,Card,Credit,7462.79,Nigeria,1,CASE0148
TX313004,CUST10617,2026-07-09,Wire,Debit,17164.52,Russia,1,CASE0148
TX311221,CUST10617,2026-02-24,Card,Debit,1668.52,United States,0,CASE0148
TX303482,CUST10617,2026-07-17,Cash Deposit,Debit,1265.57,United Kingdom,0,CASE0148
TX300480,CUST10617,2026-03-24,Cash Deposit,Debit,2672.42,United States,0,CASE0148
TX302286,CUST10534,2026-02-10,ACH,Debit,6917.92,Turkey,1,CASE0149
TX303193,CUST10534,2026-06-01,Wire,Credit,869.32,Turkey,1,CASE0149
TX321860,CUST10534,2026-09-26,Card,Credit,4292.21,United Arab Emirates,1,CASE0149
TX314233,CUST10534,2026-04-22,Card,Credit,6068.4,India,0,CASE0149
TX305943,CUST10534,2026-06-14,P2P,Debit,10082.66,India,0,CASE0149
TX303660,CUST10534,2026-02-02,Cash Deposit,Credit,7914.33,United Kingdom,0,CASE0149
TX306711,CUST10534,2026-09-02,Check,Credit,28310.88,United Kingdom,0,CASE0149
TX315571,CUST10534,2026-02-03,Wire,Debit,6872.98,United Kingdom,0,CASE0149
TX320294,CUST10534,2026-01-11,ACH,Debit,12895.31,China,0,CASE0149
TX305724,CUST10534,2026-01-09,Wire,Credit,22865.88,Nigeria,1,CASE0149
TX305601,CUST10534,2026-03-07,ACH,Credit,4365.42,China,0,CASE0149
TX309917,CUST10534,2026-05-09,P2P,Debit,1981.64,Nigeria,1,CASE0149
TX310797,CUST10534,2026-06-17,Cash Withdrawal,Credit,2799.1,Turkey,1,CASE0149
TX317629,CUST10534,2026-05-28,Wire,Debit,1690.2,Canada,0,CASE0149
TX312039,CUST10534,2026-01-08,P2P,Debit,81548.43,Canada,0,CASE0149
TX320810,CUST10534,2026-02-08,Cash Withdrawal,Credit,11015.62,Canada,0,CASE0149
TX320798,CUST10534,2026-06-18,Card,Debit,11116.08,India,0,CASE0149
TX301467,CUST10534,2026-06-15,ACH,Credit,4518.23,Russia,1,CASE0149
TX321773,CUST10534,2026-09-19,Wire,Debit,1940.87,China,0,CASE0149
TX302929,CUST10534,2026-03-23,Cash Withdrawal,Debit,1327.81,China,0,CASE0149
TX319609,CUST10534,2026-08-26,Card,Debit,1726.29,China,0,CASE0149
TX315320,CUST10534,2026-04-01,Wire,Credit,2721.37,Nigeria,1,CASE0149
TX308979,CUST10534,2026-01-25,Cash Withdrawal,Debit,10109.61,China,0,CASE0149
TX315995,CUST10534,2026-09-11,Card,Debit,20836.71,Russia,1,CASE0149
TX316077,CUST10534,2026-09-19,Cash Withdrawal,Debit,2484.47,Canada,0,CASE0149
TX319547,CUST10824,2026-02-16,Wire,Debit,6680.83,Canada,0,CASE0150
TX309139,CUST10824,2026-03-27,ACH,Credit,3681.03,China,0,CASE0150
TX320397,CUST10824,2026-06-24,Wire,Credit,19013.45,United States,0,CASE0150
TX319995,CUST10824,2026-01-23,Wire,Credit,8275.86,Russia,1,CASE0150
TX302963,CUST10824,2026-01-09,Wire,Credit,2831.83,United States,0,CASE0150
TX319472,CUST10824,2026-09-28,Wire,Debit,2385.44,United Arab Emirates,1,CASE0150
TX304661,CUST10824,2026-01-08,ACH,Credit,2987.09,Turkey,1,CASE0150
TX305613,CUST10824,2026-04-24,ACH,Debit,28867.22,Russia,1,CASE0150
TX317195,CUST10824,2026-07-05,Card,Credit,5938.04,Turkey,1,CASE0150
TX305751,CUST10824,2026-05-18,P2P,Debit,14375.31,United States,0,CASE0150
TX312115,CUST10824,2026-08-28,P2P,Debit,41994.82,United Arab Emirates,1,CASE0150
TX307405,CUST10824,2026-05-07,Check,Debit,4067.02,India,0,CASE0150
TX307851,CUST10824,2026-02-26,Card,Debit,3150.21,Russia,1,CASE0150
TX304053,CUST10824,2026-04-10,Cash Deposit,Credit,21052.6,United Kingdom,0,CASE0150
TX315878,CUST10824,2026-03-15,Wire,Credit,6757.59,United Arab Emirates,1,CASE0150
TX314962,CUST10824,2026-02-05,P2P,Debit,1337.21,China,0,CASE0150
TX304204,CUST10824,2026-03-03,Cash Deposit,Debit,8660.75,India,0,CASE0150
TX305206,CUST10824,2026-03-02,Cash Deposit,Credit,6460.98,United Kingdom,0,CASE0150
TX314333,CUST10824,2026-09-14,P2P,Debit,3751.81,United Arab Emirates,1,CASE0150
TX304327,CUST10824,2026-08-12,Check,Credit,4732.16,India,0,CASE0150
TX301619,CUST10824,2026-04-16,Cash Deposit,Debit,19035.05,Mexico,0,CASE0150
TX302516,CUST10824,2026-09-20,ACH,Debit,2625.59,United Arab Emirates,1,CASE0150
TX321815,CUST10824,2026-03-20,Card,Debit,6617.5,India,0,CASE0150
TX302580,CUST10824,2026-09-28,Wire,Debit,870.84,Turkey,1,CASE0150
TX304173,CUST10824,2026-08-20,Wire,Credit,9001.13,Canada,0,CASE0150
TX305691,CUST10531,2026-07-18,Check,Debit,885.06,United Arab Emirates,1,CASE0151
TX318148,CUST10531,2026-05-16,Card,Credit,24396.25,United States,0,CASE0151
TX302552,CUST10531,2026-07-05,Wire,Debit,1079.0,United States,0,CASE0151
TX318984,CUST10531,2026-06-04,ACH,Credit,903.23,Mexico,0,CASE0151
TX317174,CUST10531,2026-06-22,Wire,Debit,7631.16,Nigeria,1,CASE0151
TX319793,CUST10531,2026-03-20,P2P,Debit,2499.83,Nigeria,1,CASE0151
TX300473,CUST10531,2026-08-12,ACH,Debit,6102.33,United States,0,CASE0151
TX310835,CUST10531,2026-04-14,Card,Debit,914.09,United Arab Emirates,1,CASE0151
TX316502,CUST10531,2026-08-09,Card,Credit,48851.31,United States,0,CASE0151
TX320382,CUST10531,2026-01-10,Card,Debit,10699.71,Russia,1,CASE0151
TX307029,CUST10531,2026-05-13,Card,Credit,19720.88,Turkey,1,CASE0151
TX309699,CUST10531,2026-04-27,P2P,Debit,12593.99,Canada,0,CASE0151
TX319944,CUST10531,2026-03-23,ACH,Debit,5482.89,United Arab Emirates,1,CASE0151
TX314345,CUST10531,2026-07-28,Cash Deposit,Credit,8643.86,Turkey,1,CASE0151
TX314453,CUST10531,2026-07-13,Card,Debit,4238.6,Nigeria,1,CASE0151
TX315887,CUST10531,2026-06-07,Check,Credit,3175.19,India,0,CASE0151
TX302006,CUST10531,2026-01-24,Cash Deposit,Credit,7088.51,Nigeria,1,CASE0151
TX300081,CUST10531,2026-09-05,Wire,Debit,9078.4,Russia,1,CASE0151
TX318269,CUST10531,2026-07-06,Card,Debit,7359.16,United States,0,CASE0151
TX304468,CUST10531,2026-08-18,ACH,Debit,23427.05,Russia,1,CASE0151
TX310310,CUST10314,2026-06-11,P2P,Debit,2024.86,United Kingdom,0,CASE0152
TX311279,CUST10314,2026-05-03,Cash Withdrawal,Debit,16250.98,Nigeria,1,CASE0152
TX313975,CUST10314,2026-06-21,Card,Credit,2007.86,Turkey,1,CASE0152
TX313159,CUST10314,2026-01-01,Wire,Debit,90030.03,Russia,1,CASE0152
TX301553,CUST10314,2026-09-28,ACH,Credit,2681.35,Canada,0,CASE0152
TX319570,CUST10314,2026-01-17,Cash Deposit,Credit,7059.07,Russia,1,CASE0152
TX305161,CUST10314,2026-03-07,Cash Deposit,Credit,20873.31,India,0,CASE0152
TX311162,CUST10314,2026-08-08,Wire,Credit,7449.17,Nigeria,1,CASE0152
TX306777,CUST10314,2026-05-04,Wire,Debit,11324.8,Russia,1,CASE0152
TX311021,CUST10314,2026-05-05,Wire,Credit,3771.83,Russia,1,CASE0152
TX302873,CUST10314,2026-06-07,Card,Debit,1586.56,United States,0,CASE0152
TX312178,CUST10314,2026-04-06,ACH,Credit,3664.46,China,0,CASE0152
TX312930,CUST10314,2026-08-11,ACH,Credit,17328.56,United States,0,CASE0152
TX318888,CUST10314,2026-06-10,ACH,Credit,25004.55,Nigeria,1,CASE0152
TX314776,CUST10314,2026-09-27,Cash Deposit,Credit,1477.61,United States,0,CASE0152
TX315455,CUST10314,2026-04-14,ACH,Credit,2292.56,China,0,CASE0152
TX316232,CUST10314,2026-02-03,Wire,Credit,1136.72,United States,0,CASE0152
TX303673,CUST10314,2026-01-07,Wire,Credit,27164.08,Canada,0,CASE0152
TX319076,CUST10314,2026-02-28,Card,Credit,4234.42,United Kingdom,0,CASE0152
TX304030,CUST10314,2026-03-24,Check,Debit,14424.76,United Kingdom,0,CASE0152
TX309491,CUST10096,2026-07-19,P2P,Debit,10519.07,Turkey,1,CASE0153
TX306111,CUST10096,2026-08-16,Wire,Credit,6900.13,Nigeria,1,CASE0153
TX303093,CUST10096,2026-09-22,Wire,Credit,2262.05,China,0,CASE0153
TX312776,CUST10096,2026-03-14,Card,Credit,7020.25,Mexico,0,CASE0153
TX307456,CUST10096,2026-03-13,ACH,Credit,4514.28,China,0,CASE0153
TX301127,CUST10096,2026-09-03,P2P,Credit,10651.34,China,0,CASE0153
TX309453,CUST10096,2026-07-17,Wire,Credit,30144.19,Nigeria,1,CASE0153
TX314832,CUST10096,2026-08-25,Check,Credit,10889.27,India,0,CASE0153
TX309711,CUST10096,2026-01-16,Check,Debit,2471.59,China,0,CASE0153
TX314421,CUST10096,2026-08-26,Cash Deposit,Credit,15301.02,United Arab Emirates,1,CASE0153
TX311687,CUST10096,2026-01-24,P2P,Credit,2699.17,United Kingdom,0,CASE0153
TX313477,CUST10096,2026-04-22,Check,Debit,6043.18,Canada,0,CASE0153
TX315183,CUST10096,2026-08-16,Cash Withdrawal,Credit,11207.91,India,0,CASE0153
TX315152,CUST10096,2026-08-02,Cash Withdrawal,Debit,1844.7,Mexico,0,CASE0153
TX320081,CUST10096,2026-04-18,Cash Deposit,Credit,6950.74,Mexico,0,CASE0153
TX319154,CUST10096,2026-02-28,Wire,Debit,1796.09,Nigeria,1,CASE0153
TX310062,CUST10096,2026-03-14,Cash Deposit,Debit,7627.11,Nigeria,1,CASE0153
TX321719,CUST10096,2026-01-06,Wire,Debit,3313.78,Turkey,1,CASE0153
TX311008,CUST10096,2026-01-17,P2P,Debit,12240.63,Nigeria,1,CASE0153
TX305174,CUST10096,2026-01-12,ACH,Debit,10136.6,China,0,CASE0153
TX312732,CUST10096,2026-09-22,ACH,Credit,14520.7,United Kingdom,0,CASE0153
TX301822,CUST10096,2026-07-27,Card,Credit,1660.41,United Arab Emirates,1,CASE0153
TX319079,CUST10096,2026-02-22,Check,Debit,5028.99,Russia,1,CASE0153
TX306898,CUST10096,2026-06-30,Wire,Credit,26838.94,United States,0,CASE0153
TX309177,CUST10096,2026-06-06,Wire,Credit,2480.01,Nigeria,1,CASE0153
TX313710,CUST10764,2026-03-17,Check,Debit,5912.67,United Kingdom,0,CASE0154
TX306136,CUST10764,2026-05-11,ACH,Debit,7536.71,Turkey,1,CASE0154
TX309922,CUST10764,2026-06-25,Cash Withdrawal,Debit,18251.33,United States,0,CASE0154
TX308883,CUST10764,2026-08-14,Cash Deposit,Credit,4154.53,China,0,CASE0154
TX305308,CUST10764,2026-04-27,ACH,Debit,1191.87,United States,0,CASE0154
TX320761,CUST10764,2026-09-28,Check,Debit,3798.77,United Arab Emirates,1,CASE0154
TX313621,CUST10764,2026-09-01,Cash Deposit,Debit,9068.86,Canada,0,CASE0154
TX309342,CUST10764,2026-01-28,ACH,Debit,27368.78,Nigeria,1,CASE0154
TX316054,CUST10764,2026-07-08,ACH,Debit,7093.63,Canada,0,CASE0154
TX314948,CUST10764,2026-02-09,ACH,Debit,2050.72,China,0,CASE0154
TX319634,CUST10764,2026-06-12,P2P,Credit,3640.18,United States,0,CASE0154
TX318536,CUST10764,2026-07-14,Cash Deposit,Debit,15438.58,India,0,CASE0154
TX312916,CUST10764,2026-02-10,ACH,Credit,299.5,Turkey,1,CASE0154
TX305910,CUST10764,2026-09-24,P2P,Credit,28187.95,United Kingdom,0,CASE0154
TX300914,CUST10764,2026-04-01,ACH,Credit,6987.76,Turkey,1,CASE0154
TX306748,CUST10764,2026-09-24,ACH,Debit,4973.53,Nigeria,1,CASE0154
TX301579,CUST10764,2026-02-10,ACH,Credit,21917.42,United States,0,CASE0154
TX316967,CUST10764,2026-01-19,Wire,Credit,8341.83,Russia,1,CASE0154
TX306239,CUST10764,2026-04-27,Card,Debit,9426.24,United Arab Emirates,1,CASE0154
TX308060,CUST10764,2026-07-15,Check,Credit,8234.45,United Kingdom,0,CASE0154
TX307630,CUST10764,2026-09-19,Wire,Credit,9877.23,United Arab Emirates,1,CASE0154
TX312961,CUST10764,2026-05-18,ACH,Debit,6797.73,Russia,1,CASE0154
TX316482,CUST10023,2026-03-02,Cash Deposit,Credit,3602.73,China,0,CASE0155
TX318598,CUST10023,2026-01-07,ACH,Debit,7040.83,Mexico,0,CASE0155
TX320698,CUST10023,2026-09-09,ACH,Debit,18791.59,Canada,0,CASE0155
TX301205,CUST10023,2026-05-15,Cash Deposit,Credit,2469.4,United Kingdom,0,CASE0155
TX318077,CUST10023,2026-05-28,Cash Deposit,Debit,5766.27,India,0,CASE0155
TX319032,CUST10023,2026-03-16,P2P,Credit,1056.17,United Arab Emirates,1,CASE0155
TX314604,CUST10023,2026-01-09,Check,Credit,5197.83,Mexico,0,CASE0155
TX312606,CUST10023,2026-04-20,Check,Credit,2162.82,Turkey,1,CASE0155
TX316879,CUST10023,2026-08-19,ACH,Credit,17720.8,United States,0,CASE0155
TX311609,CUST10023,2026-07-12,Cash Deposit,Debit,1421.11,China,0,CASE0155
TX317293,CUST10023,2026-06-23,P2P,Debit,5571.17,Turkey,1,CASE0155
TX309205,CUST10023,2026-05-29,Card,Credit,1453.79,Canada,0,CASE0155
TX300423,CUST10023,2026-02-20,ACH,Debit,17904.09,China,0,CASE0155
TX313434,CUST10023,2026-04-30,Wire,Credit,1506.48,Canada,0,CASE0155
TX314171,CUST10023,2026-09-23,P2P,Credit,3196.19,Mexico,0,CASE0155
TX308359,CUST10023,2026-05-14,Card,Debit,49692.09,Canada,0,CASE0155
TX319196,CUST10023,2026-06-15,Card,Credit,44097.6,United Kingdom,0,CASE0155
TX300137,CUST10023,2026-02-12,ACH,Credit,7367.55,United Kingdom,0,CASE0155
TX303713,CUST10023,2026-04-05,Check,Debit,8479.73,India,0,CASE0155
TX316334,CUST10023,2026-02-11,Wire,Debit,2592.1,United Kingdom,0,CASE0155
TX301154,CUST10284,2026-02-18,ACH,Credit,4461.45,Nigeria,1,CASE0156
TX309325,CUST10284,2026-04-09,Card,Debit,7066.42,Mexico,0,CASE0156
TX311323,CUST10284,2026-03-24,ACH,Debit,5135.0,Canada,0,CASE0156
TX303108,CUST10284,2026-02-04,ACH,Debit,2616.61,Turkey,1,CASE0156
TX304834,CUST10284,2026-05-03,Cash Deposit,Credit,4564.43,Russia,1,CASE0156
TX304662,CUST10284,2026-08-09,Wire,Debit,1480.16,Turkey,1,CASE0156
TX303308,CUST10284,2026-02-03,ACH,Debit,12039.64,Turkey,1,CASE0156
TX306355,CUST10284,2026-06-24,Wire,Credit,24773.23,Russia,1,CASE0156
TX310133,CUST10284,2026-02-10,Card,Credit,18906.76,Mexico,0,CASE0156
TX309014,CUST10284,2026-07-11,Cash Deposit,Credit,14239.9,India,0,CASE0156
TX311139,CUST10284,2026-02-10,Cash Deposit,Debit,5708.94,Mexico,0,CASE0156
TX316412,CUST10284,2026-09-13,P2P,Credit,9713.14,United States,0,CASE0156
TX303763,CUST10284,2026-03-22,Wire,Debit,11893.77,China,0,CASE0156
TX311451,CUST10284,2026-07-05,Cash Deposit,Debit,20057.47,United Arab Emirates,1,CASE0156
TX317982,CUST10284,2026-05-12,Wire,Debit,11601.33,China,0,CASE0156
TX315157,CUST10806,2026-05-23,Wire,Credit,2402.17,Mexico,0,CASE0157
TX305130,CUST10806,2026-09-23,Wire,Credit,1301.91,Mexico,0,CASE0157
TX305538,CUST10806,2026-07-17,Card,Credit,10171.98,United Arab Emirates,1,CASE0157
TX310182,CUST10806,2026-01-19,Check,Debit,864.57,Canada,0,CASE0157
TX313883,CUST10806,2026-08-22,Cash Deposit,Debit,3927.35,Mexico,0,CASE0157
TX307133,CUST10806,2026-09-21,Wire,Debit,3644.88,Russia,1,CASE0157
TX304303,CUST10806,2026-03-21,P2P,Credit,21570.52,China,0,CASE0157
TX316046,CUST10806,2026-02-08,Wire,Debit,12470.87,India,0,CASE0157
TX317505,CUST10806,2026-08-12,P2P,Debit,5820.18,Nigeria,1,CASE0157
TX303633,CUST10806,2026-03-29,Wire,Debit,50768.65,Canada,0,CASE0157
TX304504,CUST10806,2026-09-29,Cash Withdrawal,Credit,4444.99,United Kingdom,0,CASE0157
TX303563,CUST10806,2026-04-19,Wire,Debit,2637.87,United States,0,CASE0157
TX311907,CUST10806,2026-01-16,Wire,Credit,6829.6,China,0,CASE0157
TX312635,CUST10883,2026-01-30,Check,Credit,4166.69,United Arab Emirates,1,CASE0158
TX300224,CUST10883,2026-08-11,Wire,Debit,3956.27,United Arab Emirates,1,CASE0158
TX319695,CUST10883,2026-08-08,Check,Debit,14999.42,Canada,0,CASE0158
TX304287,CUST10883,2026-01-12,Wire,Debit,15128.91,United Kingdom,0,CASE0158
TX303017,CUST10883,2026-03-03,ACH,Credit,35606.15,India,0,CASE0158
TX306477,CUST10883,2026-07-26,Card,Debit,5881.83,United Kingdom,0,CASE0158
TX311849,CUST10883,2026-06-10,Wire,Debit,6876.72,Canada,0,CASE0158
TX312956,CUST10883,2026-05-15,Wire,Debit,5622.74,Turkey,1,CASE0158
TX312359,CUST10883,2026-07-17,ACH,Debit,9423.27,United States,0,CASE0158
TX317707,CUST10883,2026-03-08,Card,Credit,13344.42,Russia,1,CASE0158
TX309612,CUST10883,2026-08-03,ACH,Credit,8844.33,Russia,1,CASE0158
TX316057,CUST10883,2026-06-27,ACH,Credit,584.53,United Arab Emirates,1,CASE0158
TX314114,CUST10883,2026-08-12,ACH,Credit,1406.06,China,0,CASE0158
TX312552,CUST10883,2026-03-14,Cash Withdrawal,Credit,2843.38,Turkey,1,CASE0158
TX315177,CUST10883,2026-04-21,ACH,Debit,1182.81,China,0,CASE0158
TX308717,CUST10883,2026-04-16,Cash Deposit,Credit,437.8,India,0,CASE0158
TX320535,CUST10883,2026-05-18,Card,Debit,13262.1,Russia,1,CASE0158
TX309718,CUST10883,2026-09-29,Card,Debit,8266.8,China,0,CASE0158
TX309102,CUST10883,2026-09-06,Cash Deposit,Debit,11654.1,Turkey,1,CASE0158
TX307941,CUST10883,2026-07-22,Cash Deposit,Credit,23921.87,China,0,CASE0158
TX310769,CUST10883,2026-07-28,ACH,Debit,7373.4,United Arab Emirates,1,CASE0158
TX319853,CUST10883,2026-08-03,Wire,Credit,32184.79,Turkey,1,CASE0158
TX304373,CUST10883,2026-05-24,Card,Credit,20012.62,Mexico,0,CASE0158
TX300014,CUST10107,2026-08-06,P2P,Credit,19604.8,United Kingdom,0,CASE0159
TX319459,CUST10107,2026-02-16,Check,Credit,9965.26,Turkey,1,CASE0159
TX321919,CUST10107,2026-03-16,P2P,Credit,2796.3,Turkey,1,CASE0159
TX304326,CUST10107,2026-07-04,ACH,Credit,18859.62,United Arab Emirates,1,CASE0159
TX303941,CUST10107,2026-05-15,P2P,Credit,5363.59,Russia,1,CASE0159
TX320582,CUST10107,2026-06-28,ACH,Debit,7606.26,India,0,CASE0159
TX317986,CUST10107,2026-06-09,ACH,Debit,5121.89,Nigeria,1,CASE0159
TX303801,CUST10107,2026-04-29,Cash Withdrawal,Debit,6715.19,Mexico,0,CASE0159
TX311972,CUST10107,2026-06-10,Card,Credit,1684.55,Canada,0,CASE0159
TX303217,CUST10107,2026-07-28,Card,Credit,1761.28,Nigeria,1,CASE0159
TX314770,CUST10107,2026-09-10,P2P,Credit,4173.74,United Kingdom,0,CASE0159
TX306550,CUST10107,2026-04-22,Cash Deposit,Credit,773.19,United States,0,CASE0159
TX310801,CUST10107,2026-01-26,Wire,Debit,13786.18,United States,0,CASE0159
TX302307,CUST10107,2026-03-09,Wire,Credit,3116.06,United Kingdom,0,CASE0159
TX311709,CUST10107,2026-01-24,Wire,Debit,4507.2,Turkey,1,CASE0159
TX312637,CUST10107,2026-02-27,Cash Deposit,Debit,9316.86,India,0,CASE0159
TX319863,CUST10107,2026-02-16,Cash Deposit,Credit,24207.14,China,0,CASE0159
TX308275,CUST10107,2026-02-03,Wire,Credit,15741.91,Turkey,1,CASE0159
TX321376,CUST10107,2026-04-24,Wire,Credit,14853.26,Canada,0,CASE0159
TX315574,CUST10107,2026-07-25,ACH,Credit,7761.85,United Arab Emirates,1,CASE0159
TX301321,CUST10107,2026-01-14,Card,Debit,8907.0,Canada,0,CASE0159
TX304505,CUST10107,2026-05-15,P2P,Credit,32915.23,Russia,1,CASE0159
TX316153,CUST10107,2026-05-28,P2P,Credit,7960.3,Canada,0,CASE0159
TX318794,CUST10107,2026-08-12,Cash Deposit,Debit,2787.32,United States,0,CASE0159
TX303139,CUST10107,2026-03-11,ACH,Credit,6610.01,Mexico,0,CASE0159
TX303687,CUST10899,2026-04-22,Card,Credit,7895.73,United States,0,CASE0160
TX315044,CUST10899,2026-04-11,P2P,Credit,11026.95,Mexico,0,CASE0160
TX321368,CUST10899,2026-08-29,Cash Withdrawal,Debit,1895.16,China,0,CASE0160
TX314259,CUST10899,2026-04-10,P2P,Debit,1960.26,China,0,CASE0160
TX319552,CUST10899,2026-01-25,Card,Credit,5457.12,Mexico,0,CASE0160
TX314516,CUST10899,2026-01-19,P2P,Debit,3816.93,China,0,CASE0160
TX304971,CUST10899,2026-03-25,Wire,Debit,4753.78,United Kingdom,0,CASE0160
TX313471,CUST10899,2026-06-03,Cash Deposit,Debit,7504.95,Canada,0,CASE0160
TX307362,CUST10899,2026-04-24,ACH,Debit,5641.87,Nigeria,1,CASE0160
TX315350,CUST10899,2026-09-03,Wire,Debit,2903.75,United Kingdom,0,CASE0160
TX315482,CUST10899,2026-06-28,Cash Deposit,Credit,15715.28,India,0,CASE0160
TX311724,CUST10899,2026-07-31,ACH,Debit,2169.94,United Arab Emirates,1,CASE0160
TX300818,CUST10899,2026-01-07,P2P,Credit,487.19,China,0,CASE0160
TX301000,CUST10899,2026-01-08,ACH,Credit,12621.53,Russia,1,CASE0160
TX311309,CUST10899,2026-09-03,Cash Deposit,Debit,6008.77,Nigeria,1,CASE0160
TX302117,CUST10899,2026-03-16,ACH,Credit,2781.1,United Kingdom,0,CASE0160
TX306042,CUST10899,2026-06-27,Wire,Debit,25119.14,United States,0,CASE0160
TX318286,CUST10899,2026-05-28,ACH,Credit,5166.88,Russia,1,CASE0160
TX316917,CUST10763,2026-01-23,ACH,Credit,889.03,Nigeria,1,CASE0161
TX313098,CUST10763,2026-08-15,Cash Deposit,Credit,2584.15,Mexico,0,CASE0161
TX311450,CUST10763,2026-06-07,Card,Credit,2126.63,Turkey,1,CASE0161
TX308843,CUST10763,2026-01-30,ACH,Debit,1591.96,Turkey,1,CASE0161
TX319340,CUST10763,2026-01-24,Card,Credit,619.86,Turkey,1,CASE0161
TX302325,CUST10763,2026-03-16,Wire,Debit,7850.05,United Kingdom,0,CASE0161
TX306174,CUST10763,2026-08-20,Wire,Credit,10179.36,Russia,1,CASE0161
TX308642,CUST10763,2026-07-16,Wire,Credit,9039.73,Canada,0,CASE0161
TX308411,CUST10763,2026-02-06,ACH,Credit,10808.9,Russia,1,CASE0161
TX317461,CUST10763,2026-03-11,ACH,Credit,5372.52,India,0,CASE0161
TX312669,CUST10763,2026-03-09,Cash Deposit,Credit,4785.48,Turkey,1,CASE0161
TX308986,CUST10763,2026-02-20,P2P,Credit,9268.93,Canada,0,CASE0161
TX315703,CUST10763,2026-07-26,Wire,Debit,25754.69,United Kingdom,0,CASE0161
TX316366,CUST10763,2026-01-07,Check,Debit,3072.43,United Kingdom,0,CASE0161
TX306491,CUST10763,2026-05-20,P2P,Debit,4671.37,Nigeria,1,CASE0161
TX321699,CUST10763,2026-07-21,Cash Withdrawal,Credit,5739.81,India,0,CASE0161
TX300102,CUST10763,2026-07-10,Wire,Debit,4041.19,Russia,1,CASE0161
TX315891,CUST10763,2026-09-12,P2P,Debit,2933.53,Mexico,0,CASE0161
TX313685,CUST10763,2026-06-19,Check,Debit,2160.87,United States,0,CASE0161
TX315416,CUST10763,2026-09-18,Check,Credit,11710.57,Nigeria,1,CASE0161
TX315251,CUST10763,2026-01-23,Cash Deposit,Credit,2806.58,India,0,CASE0161
TX316614,CUST10763,2026-08-14,Cash Deposit,Debit,13658.74,United States,0,CASE0161
TX301661,CUST10466,2026-07-28,Check,Debit,11109.48,United Arab Emirates,1,CASE0162
TX305854,CUST10466,2026-05-22,Cash Deposit,Debit,4184.45,Turkey,1,CASE0162
TX321505,CUST10466,2026-01-13,Card,Credit,35989.39,United Kingdom,0,CASE0162
TX302879,CUST10466,2026-02-07,Wire,Credit,5813.24,United Kingdom,0,CASE0162
TX308329,CUST10466,2026-02-10,P2P,Debit,8246.89,Turkey,1,CASE0162
TX315839,CUST10466,2026-04-29,ACH,Debit,27921.48,China,0,CASE0162
TX303815,CUST10466,2026-09-02,Check,Debit,4657.69,China,0,CASE0162
TX313534,CUST10466,2026-01-28,Check,Debit,2338.7,United Arab Emirates,1,CASE0162
TX305323,CUST10466,2026-04-16,Cash Withdrawal,Credit,4289.65,United States,0,CASE0162
TX319730,CUST10466,2026-06-12,Wire,Debit,14436.82,Canada,0,CASE0162
TX304694,CUST10466,2026-06-08,Cash Deposit,Debit,10279.96,Russia,1,CASE0162
TX304300,CUST10466,2026-04-12,Wire,Debit,25769.24,Nigeria,1,CASE0162
TX308659,CUST10466,2026-04-27,Cash Deposit,Credit,5965.8,United Kingdom,0,CASE0162
TX313730,CUST10466,2026-01-05,Card,Credit,1915.08,United States,0,CASE0162
TX311379,CUST10466,2026-04-25,Card,Debit,4029.51,United Kingdom,0,CASE0162
TX309772,CUST10466,2026-05-04,Wire,Debit,1227.65,Mexico,0,CASE0162
TX310467,CUST10466,2026-07-07,Cash Deposit,Debit,1764.88,United States,0,CASE0162
TX320114,CUST10466,2026-02-06,Cash Deposit,Credit,16812.43,India,0,CASE0162
TX300704,CUST10466,2026-09-10,Cash Deposit,Credit,9245.77,Nigeria,1,CASE0162
TX320609,CUST10466,2026-07-24,Wire,Debit,11955.49,United Arab Emirates,1,CASE0162
TX302394,CUST10466,2026-04-02,Cash Withdrawal,Debit,7854.0,United States,0,CASE0162
TX314695,CUST10466,2026-05-06,Check,Debit,1959.24,Mexico,0,CASE0162
TX310611,CUST10466,2026-09-20,Wire,Debit,9994.69,Turkey,1,CASE0162
TX307264,CUST10466,2026-05-20,ACH,Debit,2959.06,Nigeria,1,CASE0162
TX311756,CUST10466,2026-08-20,Cash Deposit,Debit,2420.48,Russia,1,CASE0162
TX306652,CUST10462,2026-08-27,Check,Debit,2172.71,Mexico,0,CASE0163
TX321120,CUST10462,2026-03-14,Wire,Credit,5321.94,Nigeria,1,CASE0163
TX321613,CUST10462,2026-05-22,Cash Withdrawal,Credit,3505.42,United States,0,CASE0163
TX317650,CUST10462,2026-01-23,Card,Debit,14570.86,Russia,1,CASE0163
TX311991,CUST10462,2026-06-08,Wire,Credit,3227.29,Russia,1,CASE0163
TX318529,CUST10462,2026-04-29,ACH,Debit,2545.99,Russia,1,CASE0163
TX307417,CUST10462,2026-09-18,Cash Deposit,Debit,27176.95,Turkey,1,CASE0163
TX309263,CUST10462,2026-01-10,P2P,Debit,33348.64,United States,0,CASE0163
TX303087,CUST10462,2026-04-22,Wire,Credit,5923.46,Canada,0,CASE0163
TX313507,CUST10462,2026-01-03,Cash Deposit,Credit,27184.82,United Arab Emirates,1,CASE0163
TX317226,CUST10462,2026-03-24,Wire,Credit,15833.78,Mexico,0,CASE0163
TX300858,CUST10462,2026-05-29,Cash Withdrawal,Credit,6876.33,United Kingdom,0,CASE0163
TX319899,CUST10462,2026-04-20,ACH,Credit,6891.34,Turkey,1,CASE0163
TX305453,CUST10462,2026-03-30,ACH,Credit,26401.98,Canada,0,CASE0163
TX314316,CUST10462,2026-04-11,Wire,Debit,1779.88,Mexico,0,CASE0163
TX316071,CUST10462,2026-05-13,ACH,Credit,848.41,Mexico,0,CASE0163
TX319775,CUST10462,2026-04-24,P2P,Credit,2180.04,Turkey,1,CASE0163
TX316526,CUST10462,2026-02-24,Check,Credit,7687.04,Russia,1,CASE0163
TX317797,CUST10462,2026-09-24,Wire,Debit,33358.9,United Kingdom,0,CASE0163
TX309302,CUST10462,2026-07-29,Cash Withdrawal,Debit,21514.46,United Kingdom,0,CASE0163
TX319366,CUST10462,2026-06-16,Cash Deposit,Debit,49076.49,Russia,1,CASE0163
TX320708,CUST10462,2026-09-12,Card,Credit,2914.98,Nigeria,1,CASE0163
TX321422,CUST10462,2026-02-16,P2P,Credit,1450.56,United States,0,CASE0163
TX302329,CUST10462,2026-07-13,ACH,Debit,8829.87,Canada,0,CASE0163
TX311702,CUST10286,2026-02-06,ACH,Debit,28749.83,India,0,CASE0164
TX307539,CUST10286,2026-09-18,ACH,Credit,11139.97,Mexico,0,CASE0164
TX318181,CUST10286,2026-09-13,Card,Credit,3805.04,Turkey,1,CASE0164
TX306630,CUST10286,2026-08-13,P2P,Credit,3538.15,India,0,CASE0164
TX318006,CUST10286,2026-01-15,P2P,Debit,4409.09,India,0,CASE0164
TX303610,CUST10286,2026-02-27,ACH,Credit,4506.17,India,0,CASE0164
TX318188,CUST10286,2026-04-22,Cash Deposit,Credit,3395.41,United States,0,CASE0164
TX305337,CUST10286,2026-04-17,ACH,Credit,31014.31,India,0,CASE0164
TX303627,CUST10286,2026-07-18,Card,Debit,2015.82,Canada,0,CASE0164
TX314404,CUST10286,2026-09-06,P2P,Debit,1958.83,Turkey,1,CASE0164
TX317326,CUST10286,2026-02-09,Wire,Credit,341.19,China,0,CASE0164
TX320789,CUST10286,2026-01-12,Wire,Debit,4711.78,Russia,1,CASE0164
TX313317,CUST10286,2026-06-18,ACH,Credit,45778.95,Russia,1,CASE0164
TX307427,CUST10286,2026-08-22,Cash Deposit,Debit,4171.4,Russia,1,CASE0164
TX313453,CUST10286,2026-05-10,P2P,Credit,2344.81,United Arab Emirates,1,CASE0164
TX302588,CUST10286,2026-07-19,Check,Credit,1633.68,United States,0,CASE0164
TX316230,CUST10286,2026-05-31,Wire,Debit,17873.77,China,0,CASE0164
TX320935,CUST10286,2026-01-08,P2P,Debit,8376.42,Nigeria,1,CASE0164
TX308077,CUST10286,2026-07-28,Check,Debit,27396.83,India,0,CASE0164
TX301461,CUST10286,2026-08-02,Cash Withdrawal,Debit,12843.38,United Arab Emirates,1,CASE0164
TX306716,CUST10286,2026-04-16,ACH,Credit,8551.04,Mexico,0,CASE0164
TX301532,CUST10286,2026-09-09,Wire,Credit,14449.25,Russia,1,CASE0164
TX307738,CUST10725,2026-08-14,Wire,Debit,7649.98,Nigeria,1,CASE0165
TX321085,CUST10725,2026-04-27,P2P,Credit,8248.13,Turkey,1,CASE0165
TX305676,CUST10725,2026-01-31,Wire,Debit,2176.04,Nigeria,1,CASE0165
TX319201,CUST10725,2026-02-27,Check,Credit,3465.39,Nigeria,1,CASE0165
TX316947,CUST10725,2026-04-25,Check,Debit,6980.79,Canada,0,CASE0165
TX320276,CUST10725,2026-06-24,Check,Debit,3843.1,United States,0,CASE0165
TX301955,CUST10725,2026-01-21,ACH,Credit,19487.65,United States,0,CASE0165
TX312914,CUST10725,2026-08-11,Wire,Debit,2657.11,United Arab Emirates,1,CASE0165
TX316316,CUST10725,2026-09-21,P2P,Credit,13059.9,Canada,0,CASE0165
TX321594,CUST10725,2026-04-07,Wire,Debit,10552.4,India,0,CASE0165
TX309776,CUST10725,2026-07-14,Cash Withdrawal,Debit,1176.45,United States,0,CASE0165
TX309829,CUST10725,2026-07-25,ACH,Debit,11754.8,Nigeria,1,CASE0165
TX319130,CUST10725,2026-02-06,Card,Credit,7331.51,India,0,CASE0165
TX313970,CUST10725,2026-04-20,Check,Credit,15957.6,India,0,CASE0165
TX317838,CUST10725,2026-05-27,Cash Deposit,Debit,20892.21,India,0,CASE0165
TX314774,CUST10725,2026-03-02,ACH,Credit,20182.52,United Arab Emirates,1,CASE0165
TX316159,CUST10725,2026-09-25,ACH,Credit,29086.56,Nigeria,1,CASE0165
TX303719,CUST10725,2026-07-17,Cash Deposit,Debit,2843.64,Mexico,0,CASE0165
TX300571,CUST10725,2026-09-26,Check,Credit,23502.67,China,0,CASE0165
TX318239,CUST10725,2026-08-06,Wire,Debit,15522.06,Mexico,0,CASE0165
TX306927,CUST10725,2026-03-31,Card,Credit,799.06,Mexico,0,CASE0165
TX306924,CUST10772,2026-09-26,Wire,Debit,1907.31,Russia,1,CASE0166
TX304433,CUST10772,2026-01-12,Wire,Credit,2289.01,Nigeria,1,CASE0166
TX316126,CUST10772,2026-09-11,Card,Credit,5998.19,Turkey,1,CASE0166
TX305194,CUST10772,2026-05-17,Card,Debit,5833.18,Russia,1,CASE0166
TX314968,CUST10772,2026-05-28,Cash Deposit,Credit,2736.7,Canada,0,CASE0166
TX319600,CUST10772,2026-01-18,ACH,Debit,4238.0,Canada,0,CASE0166
TX315722,CUST10772,2026-05-21,P2P,Debit,5752.4,Mexico,0,CASE0166
TX315437,CUST10772,2026-08-08,ACH,Debit,7591.39,India,0,CASE0166
TX306244,CUST10772,2026-05-19,Card,Debit,3483.55,China,0,CASE0166
TX307709,CUST10772,2026-05-28,Check,Debit,620.47,Turkey,1,CASE0166
TX311138,CUST10772,2026-08-13,Check,Credit,13890.95,Nigeria,1,CASE0166
TX310954,CUST10772,2026-02-23,Wire,Credit,3011.45,China,0,CASE0166
TX315036,CUST10772,2026-07-22,ACH,Debit,21897.69,United States,0,CASE0166
TX316853,CUST10772,2026-03-03,Cash Deposit,Debit,3877.56,India,0,CASE0166
TX315599,CUST10772,2026-08-06,Wire,Credit,1234.7,India,0,CASE0166
TX304815,CUST10125,2026-06-11,Card,Credit,2177.51,India,0,CASE0167
TX316509,CUST10125,2026-03-09,Check,Credit,6318.35,Nigeria,1,CASE0167
TX314673,CUST10125,2026-09-27,Wire,Debit,2820.32,Turkey,1,CASE0167
TX310576,CUST10125,2026-06-26,ACH,Credit,8743.17,Turkey,1,CASE0167
TX308809,CUST10125,2026-08-19,ACH,Credit,3719.62,Turkey,1,CASE0167
TX308891,CUST10125,2026-05-20,Wire,Credit,5993.59,Turkey,1,CASE0167
TX315479,CUST10125,2026-07-21,P2P,Credit,7730.32,Mexico,0,CASE0167
TX311999,CUST10125,2026-07-02,P2P,Debit,17388.27,Turkey,1,CASE0167
TX314904,CUST10125,2026-09-21,Card,Credit,2363.83,United Kingdom,0,CASE0167
TX309466,CUST10125,2026-01-30,Card,Credit,7180.66,Canada,0,CASE0167
TX315965,CUST10125,2026-05-22,Cash Deposit,Credit,5861.68,Turkey,1,CASE0167
TX304753,CUST10125,2026-07-10,Wire,Debit,7885.91,Russia,1,CASE0167
TX321972,CUST10125,2026-03-09,Cash Withdrawal,Credit,2931.06,Turkey,1,CASE0167
TX307109,CUST10125,2026-09-15,Cash Withdrawal,Debit,11316.2,Turkey,1,CASE0167
TX320307,CUST10125,2026-01-21,Cash Withdrawal,Debit,4788.08,Turkey,1,CASE0167
TX317824,CUST10125,2026-05-18,P2P,Debit,3209.9,Turkey,1,CASE0167
TX321326,CUST10125,2026-07-30,Cash Deposit,Debit,3694.31,United States,0,CASE0167
TX320645,CUST10125,2026-04-19,Card,Debit,2298.71,United Kingdom,0,CASE0167
TX314159,CUST10125,2026-09-23,Wire,Debit,12013.55,United States,0,CASE0167
TX310048,CUST10750,2026-05-19,Wire,Debit,4042.27,Nigeria,1,CASE0168
TX306854,CUST10750,2026-03-31,ACH,Credit,1274.87,United Kingdom,0,CASE0168
TX319296,CUST10750,2026-05-21,ACH,Debit,11047.18,Turkey,1,CASE0168
TX307527,CUST10750,2026-09-23,Cash Withdrawal,Debit,15172.87,United Kingdom,0,CASE0168
TX311316,CUST10750,2026-03-23,Card,Credit,2483.88,United States,0,CASE0168
TX312895,CUST10750,2026-06-29,Cash Deposit,Debit,2428.63,United Kingdom,0,CASE0168
TX317118,CUST10750,2026-07-11,Card,Debit,8776.44,Mexico,0,CASE0168
TX314981,CUST10750,2026-03-12,Wire,Debit,1621.61,United Kingdom,0,CASE0168
TX319549,CUST10750,2026-03-15,P2P,Debit,2679.16,Mexico,0,CASE0168
TX315212,CUST10750,2026-05-06,Wire,Debit,3765.18,United Kingdom,0,CASE0168
TX307687,CUST10750,2026-09-17,ACH,Credit,21866.59,United Arab Emirates,1,CASE0168
TX318217,CUST10750,2026-05-29,P2P,Debit,8758.3,Russia,1,CASE0168
TX308109,CUST10750,2026-03-25,Check,Credit,10120.37,Canada,0,CASE0168
TX301649,CUST10750,2026-03-31,P2P,Credit,8255.02,United Arab Emirates,1,CASE0168
TX308848,CUST10750,2026-03-26,Check,Debit,2651.74,China,0,CASE0168
TX316865,CUST10750,2026-05-28,Cash Withdrawal,Debit,1885.12,United States,0,CASE0168
TX309316,CUST10750,2026-03-13,Wire,Credit,634.62,United Kingdom,0,CASE0168
TX306177,CUST10750,2026-06-25,Card,Credit,9373.31,United States,0,CASE0168
TX301124,CUST10750,2026-08-09,Wire,Debit,4663.62,United States,0,CASE0168
TX315798,CUST10750,2026-02-17,Cash Deposit,Debit,4859.17,United States,0,CASE0168
TX317711,CUST10750,2026-08-26,Cash Deposit,Debit,24088.87,Canada,0,CASE0168
TX316351,CUST10750,2026-02-17,Wire,Debit,5323.24,Turkey,1,CASE0168
TX302295,CUST10750,2026-05-19,Wire,Credit,10422.67,China,0,CASE0168
TX306087,CUST10750,2026-08-23,ACH,Debit,364.95,United Arab Emirates,1,CASE0168
TX301717,CUST10750,2026-06-24,Wire,Credit,22119.17,Turkey,1,CASE0168
TX302121,CUST10632,2026-06-02,ACH,Credit,26441.5,India,0,CASE0169
TX304932,CUST10632,2026-02-23,Wire,Debit,29689.03,United Arab Emirates,1,CASE0169
TX311667,CUST10632,2026-05-28,ACH,Debit,3660.31,Russia,1,CASE0169
TX306462,CUST10632,2026-02-28,ACH,Debit,9814.9,China,0,CASE0169
TX319760,CUST10632,2026-09-28,Cash Deposit,Credit,9124.01,Turkey,1,CASE0169
TX314973,CUST10632,2026-03-18,Card,Debit,2916.82,Mexico,0,CASE0169
TX306074,CUST10632,2026-02-13,ACH,Debit,10295.42,India,0,CASE0169
TX318586,CUST10632,2026-02-23,Cash Deposit,Debit,2969.5,Mexico,0,CASE0169
TX318123,CUST10632,2026-05-22,Wire,Debit,983.24,United States,0,CASE0169
TX315427,CUST10632,2026-04-04,Cash Withdrawal,Debit,3709.59,United Kingdom,0,CASE0169
TX308335,CUST10632,2026-01-22,Check,Credit,6162.61,United Arab Emirates,1,CASE0169
TX304738,CUST10632,2026-03-05,Cash Deposit,Debit,2780.13,India,0,CASE0169
TX317879,CUST10632,2026-09-30,Check,Debit,22088.68,Mexico,0,CASE0169
TX306375,CUST10632,2026-04-11,ACH,Debit,4787.1,India,0,CASE0169
TX308893,CUST10632,2026-08-31,ACH,Credit,6443.3,Russia,1,CASE0169
TX300927,CUST10632,2026-04-15,Cash Withdrawal,Credit,655.46,United Arab Emirates,1,CASE0169
TX301623,CUST10632,2026-09-17,P2P,Debit,1255.75,Nigeria,1,CASE0169
TX318307,CUST10632,2026-03-02,Wire,Debit,2246.57,United Arab Emirates,1,CASE0169
TX307657,CUST10632,2026-08-24,Check,Credit,5561.02,Russia,1,CASE0169
TX320438,CUST10632,2026-04-22,Cash Withdrawal,Debit,3170.16,United Arab Emirates,1,CASE0169
TX313051,CUST10632,2026-02-22,Cash Deposit,Credit,13564.76,China,0,CASE0169
TX310428,CUST10632,2026-05-14,Card,Debit,19123.1,Mexico,0,CASE0169
TX310813,CUST10815,2026-09-12,ACH,Debit,7365.52,United States,0,CASE0170
TX318109,CUST10815,2026-03-05,ACH,Debit,889.26,Mexico,0,CASE0170
TX319886,CUST10815,2026-06-02,Wire,Debit,1500.58,India,0,CASE0170
TX310589,CUST10815,2026-08-29,Card,Debit,13376.05,Canada,0,CASE0170
TX315809,CUST10815,2026-05-08,ACH,Debit,3697.83,United States,0,CASE0170
TX310089,CUST10815,2026-07-27,P2P,Credit,3902.44,Nigeria,1,CASE0170
TX312605,CUST10815,2026-06-30,P2P,Credit,6560.49,Nigeria,1,CASE0170
TX319879,CUST10815,2026-08-19,Card,Debit,12548.28,Russia,1,CASE0170
TX314368,CUST10815,2026-03-02,ACH,Credit,3418.39,Turkey,1,CASE0170
TX302958,CUST10815,2026-01-28,Card,Credit,9913.2,India,0,CASE0170
TX312275,CUST10815,2026-08-26,Card,Debit,4761.36,Mexico,0,CASE0170
TX307739,CUST10815,2026-04-29,ACH,Debit,3464.65,Mexico,0,CASE0170
TX309784,CUST10815,2026-03-04,Wire,Credit,2913.36,Mexico,0,CASE0170
TX320161,CUST10815,2026-08-15,P2P,Credit,12538.79,China,0,CASE0170
TX308366,CUST10815,2026-04-26,P2P,Debit,61563.93,United States,0,CASE0170
TX311648,CUST10815,2026-06-25,Wire,Debit,10268.75,Russia,1,CASE0170
TX302759,CUST10815,2026-08-30,ACH,Credit,7732.74,United States,0,CASE0170
TX320223,CUST10815,2026-03-28,Cash Deposit,Debit,7447.02,Turkey,1,CASE0170
TX315363,CUST10815,2026-05-01,ACH,Debit,5959.04,India,0,CASE0170
TX301621,CUST10815,2026-09-30,Cash Withdrawal,Credit,7750.15,Mexico,0,CASE0170
TX304573,CUST10815,2026-07-29,Cash Deposit,Debit,842.11,Turkey,1,CASE0170
TX304457,CUST10776,2026-07-18,Cash Deposit,Debit,5272.6,Canada,0,CASE0171
TX312708,CUST10776,2026-09-18,Card,Credit,6468.89,Mexico,0,CASE0171
TX307659,CUST10776,2026-01-07,Card,Credit,49030.7,Mexico,0,CASE0171
TX319667,CUST10776,2026-08-30,Card,Debit,36135.59,Canada,0,CASE0171
TX303068,CUST10776,2026-07-27,Check,Credit,7427.32,Canada,0,CASE0171
TX309237,CUST10776,2026-08-29,P2P,Credit,2871.44,Russia,1,CASE0171
TX307047,CUST10776,2026-01-29,ACH,Credit,2561.76,United Arab Emirates,1,CASE0171
TX314517,CUST10776,2026-02-14,ACH,Debit,21602.53,China,0,CASE0171
TX307557,CUST10776,2026-09-13,Card,Debit,2841.77,Russia,1,CASE0171
TX301840,CUST10776,2026-09-10,ACH,Debit,1631.9,United Kingdom,0,CASE0171
TX309303,CUST10776,2026-06-04,ACH,Debit,13055.89,United Arab Emirates,1,CASE0171
TX310995,CUST10776,2026-07-01,Wire,Debit,2840.87,Nigeria,1,CASE0171
TX303428,CUST10776,2026-09-25,Cash Withdrawal,Credit,45024.6,United States,0,CASE0171
TX309555,CUST10776,2026-09-14,ACH,Debit,6665.62,India,0,CASE0171
TX315817,CUST10776,2026-07-16,Cash Deposit,Credit,2842.41,Turkey,1,CASE0171
TX319603,CUST10776,2026-09-30,Check,Debit,4218.3,United Arab Emirates,1,CASE0171
TX318711,CUST10776,2026-04-28,ACH,Debit,2695.7,India,0,CASE0171
TX314756,CUST10776,2026-04-20,Wire,Debit,21224.53,Mexico,0,CASE0171
TX319605,CUST10776,2026-02-15,Card,Debit,8143.02,United Arab Emirates,1,CASE0171
TX312746,CUST10776,2026-08-11,Check,Debit,12689.93,Russia,1,CASE0171
TX310239,CUST10776,2026-06-24,P2P,Credit,24419.17,United Arab Emirates,1,CASE0171
TX315627,CUST10776,2026-07-06,ACH,Debit,13634.09,Mexico,0,CASE0171
TX310304,CUST10243,2026-09-03,Card,Credit,5876.79,Canada,0,CASE0172
TX319339,CUST10243,2026-03-18,P2P,Debit,18214.54,Mexico,0,CASE0172
TX314915,CUST10243,2026-09-23,Wire,Debit,6651.72,Turkey,1,CASE0172
TX311711,CUST10243,2026-05-04,Wire,Debit,17822.83,United Kingdom,0,CASE0172
TX310759,CUST10243,2026-03-05,Wire,Debit,9672.76,Turkey,1,CASE0172
TX310887,CUST10243,2026-03-04,Cash Deposit,Credit,28439.48,China,0,CASE0172
TX315159,CUST10243,2026-07-13,Wire,Credit,6337.02,United States,0,CASE0172
TX312062,CUST10243,2026-05-17,Cash Deposit,Debit,3013.83,Turkey,1,CASE0172
TX315089,CUST10243,2026-01-17,P2P,Credit,2814.12,Canada,0,CASE0172
TX311161,CUST10243,2026-02-03,ACH,Debit,683.7,China,0,CASE0172
TX315277,CUST10243,2026-02-02,Card,Debit,2616.73,United Arab Emirates,1,CASE0172
TX308625,CUST10243,2026-03-17,Wire,Debit,3332.92,Turkey,1,CASE0172
TX321697,CUST10243,2026-01-02,Cash Deposit,Credit,26601.13,Mexico,0,CASE0172
TX310640,CUST10243,2026-04-10,Wire,Credit,9363.44,Canada,0,CASE0172
TX320406,CUST10243,2026-05-25,Cash Withdrawal,Debit,7878.02,United States,0,CASE0172
TX319969,CUST10243,2026-04-10,ACH,Debit,36057.69,Canada,0,CASE0172
TX321228,CUST10243,2026-06-03,Card,Debit,14060.15,United Kingdom,0,CASE0172
TX320864,CUST10243,2026-02-22,Wire,Credit,42889.76,Turkey,1,CASE0172
TX314686,CUST10243,2026-08-18,Wire,Debit,23298.0,United Arab Emirates,1,CASE0172
TX318222,CUST10243,2026-02-02,Wire,Debit,3262.76,Canada,0,CASE0172
TX304139,CUST10243,2026-07-27,P2P,Debit,4306.16,Mexico,0,CASE0172
TX315106,CUST10243,2026-05-17,Card,Credit,33016.92,Mexico,0,CASE0172
TX305743,CUST10243,2026-07-12,ACH,Credit,5659.34,India,0,CASE0172
TX313111,CUST10243,2026-09-29,Wire,Debit,4002.94,Canada,0,CASE0172
TX306202,CUST10243,2026-06-30,ACH,Credit,17707.47,India,0,CASE0172
TX317072,CUST10040,2026-04-02,ACH,Debit,6147.14,Nigeria,1,CASE0173
TX302145,CUST10040,2026-03-22,ACH,Debit,11875.71,United States,0,CASE0173
TX311861,CUST10040,2026-02-18,ACH,Credit,6388.87,Canada,0,CASE0173
TX308769,CUST10040,2026-08-16,Wire,Debit,896.37,United Kingdom,0,CASE0173
TX306549,CUST10040,2026-04-16,ACH,Credit,22969.27,Turkey,1,CASE0173
TX313390,CUST10040,2026-01-20,Cash Deposit,Credit,4965.95,United Arab Emirates,1,CASE0173
TX316225,CUST10040,2026-01-05,Wire,Credit,5754.51,Nigeria,1,CASE0173
TX317628,CUST10040,2026-04-28,Check,Debit,874.25,Canada,0,CASE0173
TX311604,CUST10040,2026-02-20,Check,Credit,4558.46,United Kingdom,0,CASE0173
TX308434,CUST10040,2026-01-19,P2P,Credit,34764.2,Nigeria,1,CASE0173
TX316338,CUST10040,2026-01-25,Wire,Debit,7898.35,Nigeria,1,CASE0173
TX303598,CUST10040,2026-03-13,Check,Debit,2467.85,Turkey,1,CASE0173
TX306357,CUST10040,2026-09-30,Wire,Credit,9355.28,Russia,1,CASE0173
TX313838,CUST10040,2026-01-21,Cash Deposit,Debit,5045.14,Nigeria,1,CASE0173
TX300368,CUST10040,2026-03-25,ACH,Credit,1817.63,India,0,CASE0173
TX318834,CUST10040,2026-08-19,Check,Debit,1371.12,United States,0,CASE0173
TX300814,CUST10040,2026-05-20,ACH,Credit,2334.15,United Arab Emirates,1,CASE0173
TX310996,CUST10040,2026-04-19,ACH,Debit,3815.09,Turkey,1,CASE0173
TX317119,CUST10040,2026-05-02,Wire,Debit,12772.65,Mexico,0,CASE0173
TX319677,CUST10040,2026-05-17,Card,Debit,10587.39,Canada,0,CASE0173
TX315229,CUST10040,2026-08-06,Card,Debit,30452.04,Mexico,0,CASE0173
TX307902,CUST10040,2026-01-27,Cash Withdrawal,Debit,3619.38,China,0,CASE0173
TX301812,CUST10040,2026-09-03,Cash Deposit,Credit,3391.1,Nigeria,1,CASE0173
TX320149,CUST10040,2026-09-10,Wire,Credit,3010.52,Nigeria,1,CASE0173
TX319874,CUST10040,2026-06-23,Check,Debit,14228.63,India,0,CASE0173
TX320940,CUST10311,2026-07-15,Wire,Credit,4431.55,United Arab Emirates,1,CASE0174
TX320644,CUST10311,2026-05-27,Wire,Credit,4574.36,United Arab Emirates,1,CASE0174
TX309080,CUST10311,2026-02-23,Wire,Debit,8363.03,Russia,1,CASE0174
TX314229,CUST10311,2026-06-28,Cash Withdrawal,Credit,9588.08,United Kingdom,0,CASE0174
TX312071,CUST10311,2026-05-28,Wire,Debit,3671.21,Mexico,0,CASE0174
TX312005,CUST10311,2026-02-11,Wire,Debit,3174.12,Russia,1,CASE0174
TX307284,CUST10311,2026-01-05,Cash Deposit,Debit,42680.58,Canada,0,CASE0174
TX313428,CUST10311,2026-07-11,ACH,Credit,16485.85,Nigeria,1,CASE0174
TX310745,CUST10311,2026-02-16,Wire,Credit,3514.84,United States,0,CASE0174
TX301401,CUST10311,2026-06-30,ACH,Debit,4388.76,China,0,CASE0174
TX307186,CUST10311,2026-07-16,Cash Withdrawal,Debit,5256.81,Nigeria,1,CASE0174
TX321132,CUST10311,2026-07-23,ACH,Debit,7629.15,Russia,1,CASE0174
TX303203,CUST10311,2026-03-25,Wire,Debit,4174.76,United Arab Emirates,1,CASE0174
TX301600,CUST10311,2026-07-15,ACH,Debit,3060.93,United States,0,CASE0174
TX300133,CUST10311,2026-08-29,ACH,Debit,576.81,United Arab Emirates,1,CASE0174
TX316485,CUST10311,2026-08-31,Card,Debit,1886.45,China,0,CASE0174
TX305396,CUST10311,2026-07-30,Wire,Credit,1517.35,Russia,1,CASE0174
TX318238,CUST10311,2026-01-22,Cash Deposit,Debit,2315.97,United Arab Emirates,1,CASE0174
TX318997,CUST10391,2026-09-21,Cash Deposit,Debit,4040.55,Canada,0,CASE0175
TX320232,CUST10391,2026-04-12,Check,Credit,10646.36,Turkey,1,CASE0175
TX304302,CUST10391,2026-03-27,Cash Deposit,Debit,8109.88,Mexico,0,CASE0175
TX315886,CUST10391,2026-02-23,ACH,Debit,2293.65,Russia,1,CASE0175
TX306265,CUST10391,2026-09-22,Card,Debit,14562.35,China,0,CASE0175
TX300005,CUST10391,2026-05-06,Cash Deposit,Debit,29516.72,United Kingdom,0,CASE0175
TX320654,CUST10391,2026-03-06,Cash Deposit,Credit,4051.37,Mexico,0,CASE0175
TX321840,CUST10391,2026-05-20,Check,Credit,3980.15,Canada,0,CASE0175
TX306212,CUST10391,2026-04-06,Card,Debit,7097.61,United States,0,CASE0175
TX313189,CUST10391,2026-01-25,P2P,Debit,25066.82,United Arab Emirates,1,CASE0175
TX304015,CUST10391,2026-09-20,Card,Debit,2127.03,Mexico,0,CASE0175
TX320611,CUST10391,2026-09-14,P2P,Debit,12883.43,Russia,1,CASE0175
TX307463,CUST10391,2026-05-26,Cash Withdrawal,Debit,681.56,Mexico,0,CASE0175
TX312162,CUST10391,2026-02-04,Wire,Debit,42265.98,United States,0,CASE0175
TX301260,CUST10391,2026-06-24,Card,Credit,44100.89,Turkey,1,CASE0175
TX313034,CUST10391,2026-09-09,Card,Credit,7107.56,Russia,1,CASE0175
TX313499,CUST10391,2026-03-16,ACH,Credit,23810.21,China,0,CASE0175
TX316837,CUST10391,2026-02-27,ACH,Debit,3604.72,Russia,1,CASE0175
TX311156,CUST10391,2026-09-26,Cash Deposit,Debit,9533.02,China,0,CASE0175
TX321563,CUST10391,2026-01-02,Cash Deposit,Credit,3518.92,United Arab Emirates,1,CASE0175
TX316500,CUST10391,2026-08-22,Card,Credit,4217.57,Nigeria,1,CASE0175
TX301041,CUST10391,2026-03-22,ACH,Credit,2336.96,Russia,1,CASE0175
TX306607,CUST10391,2026-04-04,ACH,Debit,7658.77,Canada,0,CASE0175
TX316649,CUST10391,2026-03-25,Check,Debit,60284.36,United Kingdom,0,CASE0175
TX317860,CUST10391,2026-05-21,Card,Credit,153857.5,United Arab Emirates,1,CASE0175
TX303273,CUST10769,2026-08-25,Cash Deposit,Credit,1730.23,Mexico,0,CASE0176
TX315290,CUST10769,2026-08-22,Check,Credit,19096.09,Nigeria,1,CASE0176
TX320965,CUST10769,2026-04-16,P2P,Credit,2668.12,Mexico,0,CASE0176
TX306085,CUST10769,2026-02-24,ACH,Credit,13454.57,China,0,CASE0176
TX305126,CUST10769,2026-05-04,Cash Withdrawal,Credit,1761.13,India,0,CASE0176
TX301029,CUST10769,2026-09-01,ACH,Credit,4862.2,United States,0,CASE0176
TX303201,CUST10769,2026-05-13,Wire,Debit,2153.59,India,0,CASE0176
TX302470,CUST10769,2026-04-26,Wire,Credit,28812.4,United States,0,CASE0176
TX312498,CUST10769,2026-09-05,ACH,Debit,1715.36,India,0,CASE0176
TX310132,CUST10769,2026-08-08,Wire,Debit,29011.03,China,0,CASE0176
TX308480,CUST10769,2026-09-22,ACH,Credit,4137.63,United Kingdom,0,CASE0176
TX305169,CUST10769,2026-06-14,Cash Withdrawal,Debit,2020.84,India,0,CASE0176
TX302320,CUST10769,2026-08-25,Wire,Credit,14031.1,Russia,1,CASE0176
TX314504,CUST10769,2026-08-12,Card,Debit,24525.11,Mexico,0,CASE0176
TX301431,CUST10769,2026-09-25,Card,Credit,3427.49,United Kingdom,0,CASE0176
TX308787,CUST10769,2026-06-22,Wire,Debit,5006.76,United States,0,CASE0176
TX314230,CUST10769,2026-09-16,P2P,Debit,63393.16,Turkey,1,CASE0176
TX319956,CUST10769,2026-08-03,Card,Debit,27096.39,Canada,0,CASE0176
TX315208,CUST10769,2026-09-27,Wire,Debit,2344.07,China,0,CASE0176
TX314164,CUST10769,2026-09-03,P2P,Debit,3723.85,Mexico,0,CASE0176
TX314618,CUST10769,2026-09-02,ACH,Debit,13828.89,United States,0,CASE0176
TX315525,CUST10769,2026-04-03,Cash Deposit,Debit,2236.29,India,0,CASE0176
TX303680,CUST10769,2026-03-31,Wire,Debit,2323.67,Canada,0,CASE0176
TX321893,CUST10769,2026-08-27,Cash Withdrawal,Credit,13107.48,United Kingdom,0,CASE0176
TX303397,CUST10769,2026-06-13,ACH,Credit,6792.63,India,0,CASE0176
TX313413,CUST10840,2026-01-29,Wire,Debit,594.48,Russia,1,CASE0177
TX318352,CUST10840,2026-02-20,ACH,Credit,5181.04,Nigeria,1,CASE0177
TX315902,CUST10840,2026-04-18,Cash Deposit,Credit,1389.77,India,0,CASE0177
TX301258,CUST10840,2026-08-04,Check,Debit,6445.81,Turkey,1,CASE0177
TX316222,CUST10840,2026-02-22,ACH,Credit,3380.44,United Kingdom,0,CASE0177
TX303435,CUST10840,2026-01-13,ACH,Debit,16929.26,United Kingdom,0,CASE0177
TX317758,CUST10840,2026-08-09,P2P,Debit,12106.96,Canada,0,CASE0177
TX321767,CUST10840,2026-05-07,Card,Credit,16587.63,United States,0,CASE0177
TX314029,CUST10840,2026-05-04,ACH,Debit,14365.78,Mexico,0,CASE0177
TX311903,CUST10840,2026-01-14,P2P,Debit,6802.96,United Arab Emirates,1,CASE0177
TX320418,CUST10840,2026-01-24,Check,Debit,2405.45,United Kingdom,0,CASE0177
TX313888,CUST10840,2026-03-18,ACH,Debit,878.87,Canada,0,CASE0177
TX321876,CUST10840,2026-01-25,Cash Withdrawal,Debit,6449.98,United States,0,CASE0177
TX305188,CUST10840,2026-07-17,Wire,Debit,4010.14,Canada,0,CASE0177
TX303997,CUST10840,2026-03-30,Wire,Debit,2166.46,United Arab Emirates,1,CASE0177
TX317303,CUST10840,2026-06-13,ACH,Debit,4300.36,Mexico,0,CASE0177
TX307736,CUST10840,2026-08-21,Cash Deposit,Debit,31051.56,Russia,1,CASE0177
TX320065,CUST10840,2026-08-21,Cash Deposit,Credit,5645.54,Russia,1,CASE0177
TX307342,CUST10840,2026-07-29,Check,Debit,19488.28,Canada,0,CASE0177
TX302308,CUST10840,2026-01-29,P2P,Debit,1662.62,Nigeria,1,CASE0177
TX303777,CUST10840,2026-04-04,P2P,Debit,789.52,Turkey,1,CASE0177
TX309727,CUST10840,2026-08-01,Wire,Debit,5166.28,Mexico,0,CASE0177
TX315974,CUST10840,2026-04-14,ACH,Debit,2679.64,United Arab Emirates,1,CASE0177
TX312111,CUST10840,2026-01-25,ACH,Credit,3053.13,Canada,0,CASE0177
TX314079,CUST10840,2026-04-01,Card,Credit,14811.79,China,0,CASE0177
TX300996,CUST10554,2026-07-13,Wire,Credit,706.51,United States,0,CASE0178
TX313763,CUST10554,2026-01-28,ACH,Credit,20528.82,Turkey,1,CASE0178
TX314573,CUST10554,2026-05-30,Wire,Credit,38744.15,India,0,CASE0178
TX310561,CUST10554,2026-08-19,Cash Withdrawal,Debit,1783.05,United States,0,CASE0178
TX312510,CUST10554,2026-08-26,P2P,Debit,9756.58,China,0,CASE0178
TX310372,CUST10554,2026-07-23,Wire,Credit,4858.41,United Arab Emirates,1,CASE0178
TX315042,CUST10554,2026-06-10,Cash Deposit,Credit,3340.22,United States,0,CASE0178
TX302186,CUST10554,2026-06-04,ACH,Credit,8503.78,Russia,1,CASE0178
TX321226,CUST10554,2026-06-10,Card,Debit,17931.16,Turkey,1,CASE0178
TX316149,CUST10554,2026-04-25,P2P,Credit,481.09,United States,0,CASE0178
TX309933,CUST10554,2026-05-06,Card,Credit,487.36,Nigeria,1,CASE0178
TX302201,CUST10554,2026-07-30,P2P,Credit,3641.75,Mexico,0,CASE0178
TX304840,CUST10554,2026-04-09,Wire,Credit,1963.05,Nigeria,1,CASE0178
TX314104,CUST10554,2026-08-13,ACH,Credit,36959.01,India,0,CASE0178
TX320493,CUST10554,2026-03-19,Wire,Debit,3587.42,Mexico,0,CASE0178
TX318266,CUST10554,2026-05-07,P2P,Debit,23627.35,Mexico,0,CASE0178
TX300506,CUST10554,2026-07-30,Wire,Credit,23686.46,Mexico,0,CASE0178
TX307416,CUST10554,2026-09-08,Cash Withdrawal,Credit,1461.73,China,0,CASE0178
TX309603,CUST10554,2026-09-03,Cash Deposit,Credit,1365.32,United States,0,CASE0178
TX318958,CUST10554,2026-05-16,Wire,Debit,21277.65,United States,0,CASE0178
TX320656,CUST10554,2026-06-25,Wire,Debit,5043.5,China,0,CASE0178
TX310217,CUST10554,2026-09-10,Wire,Credit,3287.39,Turkey,1,CASE0178
TX300742,CUST10554,2026-07-07,ACH,Credit,4385.39,Turkey,1,CASE0178
TX314391,CUST10554,2026-03-30,Wire,Credit,2489.46,Mexico,0,CASE0178
TX319954,CUST10554,2026-06-02,ACH,Credit,6357.71,United Arab Emirates,1,CASE0178
TX310405,CUST10695,2026-06-06,Cash Deposit,Credit,2912.42,Russia,1,CASE0179
TX312656,CUST10695,2026-01-14,Wire,Debit,25287.69,Russia,1,CASE0179
TX321063,CUST10695,2026-01-22,ACH,Credit,7289.15,United Arab Emirates,1,CASE0179
TX310730,CUST10695,2026-08-25,Card,Credit,2670.26,United Arab Emirates,1,CASE0179
TX317084,CUST10695,2026-03-28,ACH,Credit,7990.5,United States,0,CASE0179
TX304798,CUST10695,2026-08-03,ACH,Credit,9421.3,India,0,CASE0179
TX316976,CUST10695,2026-07-28,ACH,Credit,3302.69,Nigeria,1,CASE0179
TX306184,CUST10695,2026-06-07,Wire,Debit,7820.54,Mexico,0,CASE0179
TX312727,CUST10695,2026-03-01,ACH,Debit,2174.06,United States,0,CASE0179
TX309642,CUST10695,2026-05-29,Cash Deposit,Debit,18760.03,Russia,1,CASE0179
TX306931,CUST10695,2026-01-23,Card,Debit,2230.81,United Arab Emirates,1,CASE0179
TX313083,CUST10695,2026-08-10,ACH,Debit,42026.03,Russia,1,CASE0179
TX308670,CUST10695,2026-09-05,ACH,Debit,9050.88,China,0,CASE0179
TX314976,CUST10695,2026-01-13,Check,Credit,4263.81,Turkey,1,CASE0179
TX315807,CUST10695,2026-04-26,Cash Deposit,Credit,5288.49,Turkey,1,CASE0179
TX313055,CUST10695,2026-02-18,P2P,Debit,12165.06,Canada,0,CASE0179
TX316912,CUST10695,2026-03-30,P2P,Credit,13613.86,United Kingdom,0,CASE0179
TX313832,CUST10695,2026-08-18,ACH,Debit,3629.9,United Arab Emirates,1,CASE0179
TX317594,CUST10695,2026-03-19,Wire,Credit,8659.56,Turkey,1,CASE0179
TX318204,CUST10695,2026-01-15,Check,Credit,18592.03,China,0,CASE0179
TX315805,CUST10695,2026-03-18,Wire,Credit,3838.21,China,0,CASE0179
TX321836,CUST10695,2026-05-27,ACH,Credit,6124.12,Nigeria,1,CASE0179
TX312134,CUST10695,2026-01-11,Cash Deposit,Debit,6663.7,Mexico,0,CASE0179
TX302474,CUST10695,2026-09-26,P2P,Debit,11815.54,China,0,CASE0179
TX309149,CUST10695,2026-07-18,Card,Credit,3175.05,China,0,CASE0179
TX303876,CUST10055,2026-07-22,Wire,Debit,2158.93,China,0,CASE0180
TX316214,CUST10055,2026-04-03,Cash Deposit,Credit,3695.38,Canada,0,CASE0180
TX313369,CUST10055,2026-04-07,Cash Deposit,Debit,4957.89,Russia,1,CASE0180
TX320190,CUST10055,2026-03-18,ACH,Debit,6040.61,Turkey,1,CASE0180
TX314351,CUST10055,2026-02-20,ACH,Credit,5062.49,Turkey,1,CASE0180
TX310288,CUST10055,2026-08-02,ACH,Debit,8763.71,China,0,CASE0180
TX306833,CUST10055,2026-03-04,Cash Withdrawal,Credit,5095.45,Nigeria,1,CASE0180
TX306698,CUST10055,2026-03-23,P2P,Credit,11349.17,China,0,CASE0180
TX313815,CUST10055,2026-08-04,Wire,Credit,5412.32,Canada,0,CASE0180
TX308935,CUST10055,2026-01-01,Check,Debit,1920.34,Russia,1,CASE0180
TX318447,CUST10055,2026-03-25,ACH,Debit,1821.89,Turkey,1,CASE0180
TX307499,CUST10055,2026-08-22,Wire,Credit,4090.1,Turkey,1,CASE0180
TX303765,CUST10055,2026-08-14,Check,Credit,11357.87,Mexico,0,CASE0180
TX305018,CUST10055,2026-04-06,P2P,Debit,6288.05,Canada,0,CASE0180
TX310123,CUST10055,2026-09-12,ACH,Debit,1720.78,United States,0,CASE0180
TX300198,CUST10055,2026-01-14,ACH,Debit,7872.99,Russia,1,CASE0180
TX312067,CUST10055,2026-01-16,P2P,Credit,91693.26,United Arab Emirates,1,CASE0180
TX315821,CUST10055,2026-07-02,Card,Debit,1127.08,Turkey,1,CASE0180
TX312570,CUST10321,2026-01-09,Wire,Credit,7966.84,Russia,1,CASE0181
TX310997,CUST10321,2026-06-09,Wire,Debit,5751.29,Russia,1,CASE0181
TX312847,CUST10321,2026-02-05,Check,Debit,25407.51,India,0,CASE0181
TX301867,CUST10321,2026-02-20,ACH,Debit,1071.88,United Kingdom,0,CASE0181
TX309780,CUST10321,2026-06-04,Card,Credit,2082.59,China,0,CASE0181
TX312507,CUST10321,2026-06-13,Card,Debit,8786.75,Mexico,0,CASE0181
TX303650,CUST10321,2026-06-04,Wire,Debit,944.47,Canada,0,CASE0181
TX300717,CUST10321,2026-04-27,Wire,Debit,1824.36,United Kingdom,0,CASE0181
TX303253,CUST10321,2026-08-08,ACH,Debit,6487.97,United Arab Emirates,1,CASE0181
TX313151,CUST10321,2026-04-14,Check,Debit,8637.33,United States,0,CASE0181
TX314096,CUST10321,2026-01-23,Card,Debit,29718.87,Nigeria,1,CASE0181
TX319516,CUST10321,2026-05-07,Card,Credit,2679.64,Russia,1,CASE0181
TX321952,CUST10321,2026-07-05,Wire,Debit,7988.04,Canada,0,CASE0181
TX310202,CUST10321,2026-08-08,Cash Withdrawal,Credit,32508.95,Turkey,1,CASE0181
TX308857,CUST10321,2026-09-19,Check,Debit,19649.81,Russia,1,CASE0181
TX312744,CUST10321,2026-08-24,Cash Deposit,Debit,7875.66,United Arab Emirates,1,CASE0181
TX308063,CUST10321,2026-04-27,Wire,Credit,6334.91,India,0,CASE0181
TX311525,CUST10321,2026-02-06,Check,Credit,5562.0,Russia,1,CASE0181
TX320287,CUST10321,2026-03-27,Wire,Credit,2802.11,Turkey,1,CASE0181
TX304808,CUST10321,2026-07-01,Card,Debit,7384.51,China,0,CASE0181
TX321319,CUST10321,2026-06-08,Cash Deposit,Credit,5727.0,China,0,CASE0181
TX301220,CUST10321,2026-01-07,Cash Deposit,Debit,9559.99,Nigeria,1,CASE0181
TX314689,CUST10321,2026-02-03,Cash Deposit,Credit,3777.76,United States,0,CASE0181
TX305379,CUST10321,2026-02-05,Cash Deposit,Debit,784.26,United Arab Emirates,1,CASE0181
TX316227,CUST10321,2026-05-08,Cash Deposit,Debit,1088.17,Russia,1,CASE0181
TX301573,CUST10192,2026-08-15,Wire,Credit,373.96,Turkey,1,CASE0182
TX314986,CUST10192,2026-08-29,P2P,Debit,3119.59,India,0,CASE0182
TX309110,CUST10192,2026-09-01,ACH,Credit,10385.35,Russia,1,CASE0182
TX315908,CUST10192,2026-08-25,ACH,Credit,17619.51,Russia,1,CASE0182
TX312308,CUST10192,2026-07-19,Card,Credit,11865.87,China,0,CASE0182
TX305897,CUST10192,2026-08-07,Check,Debit,8838.54,United Kingdom,0,CASE0182
TX309809,CUST10192,2026-04-24,ACH,Debit,3625.34,Russia,1,CASE0182
TX317144,CUST10192,2026-05-30,Check,Credit,7472.25,United Arab Emirates,1,CASE0182
TX309118,CUST10192,2026-01-02,ACH,Debit,3850.52,United Kingdom,0,CASE0182
TX308963,CUST10192,2026-01-26,Card,Debit,16387.94,India,0,CASE0182
TX302137,CUST10192,2026-04-25,Wire,Credit,3453.81,China,0,CASE0182
TX312138,CUST10192,2026-06-13,Cash Deposit,Credit,11108.67,Turkey,1,CASE0182
TX309814,CUST10192,2026-08-24,Cash Deposit,Debit,19242.33,United States,0,CASE0182
TX304116,CUST10192,2026-06-28,Check,Debit,1481.3,China,0,CASE0182
TX307598,CUST10192,2026-02-28,ACH,Credit,460.28,Mexico,0,CASE0182
TX313425,CUST10192,2026-01-27,Wire,Credit,910.53,Nigeria,1,CASE0182
TX304342,CUST10192,2026-08-17,Check,Debit,2582.8,United Arab Emirates,1,CASE0182
TX300632,CUST10192,2026-01-08,Card,Debit,7356.18,China,0,CASE0182
TX301014,CUST10192,2026-07-10,ACH,Credit,7887.79,China,0,CASE0182
TX318399,CUST10192,2026-09-16,Check,Debit,118261.67,United States,0,CASE0182
TX301206,CUST10192,2026-03-26,Card,Debit,6188.19,Nigeria,1,CASE0182
TX302916,CUST10192,2026-04-19,Cash Deposit,Credit,2642.69,United Kingdom,0,CASE0182
TX310416,CUST10192,2026-07-07,ACH,Debit,5594.7,United States,0,CASE0182
TX313981,CUST10873,2026-04-12,P2P,Debit,6196.33,United States,0,CASE0183
TX300446,CUST10873,2026-01-03,Wire,Debit,2081.84,Mexico,0,CASE0183
TX318075,CUST10873,2026-06-05,ACH,Debit,3013.73,Nigeria,1,CASE0183
TX303031,CUST10873,2026-06-28,Check,Debit,1620.86,India,0,CASE0183
TX301217,CUST10873,2026-07-14,ACH,Debit,8600.44,Mexico,0,CASE0183
TX306602,CUST10873,2026-08-03,Cash Deposit,Debit,836.41,Russia,1,CASE0183
TX310237,CUST10873,2026-01-26,Cash Deposit,Credit,1029.55,Russia,1,CASE0183
TX314241,CUST10873,2026-07-28,Wire,Debit,4838.03,Mexico,0,CASE0183
TX311600,CUST10873,2026-02-02,Check,Credit,6903.19,United Arab Emirates,1,CASE0183
TX317386,CUST10873,2026-02-26,Cash Withdrawal,Credit,1363.68,United Kingdom,0,CASE0183
TX309011,CUST10873,2026-09-25,P2P,Debit,1064.65,China,0,CASE0183
TX316052,CUST10873,2026-06-11,Wire,Credit,7347.98,United Arab Emirates,1,CASE0183
TX314674,CUST10873,2026-09-25,ACH,Debit,3084.08,United States,0,CASE0183
TX313705,CUST10873,2026-06-10,Cash Withdrawal,Debit,9125.13,India,0,CASE0183
TX315536,CUST10873,2026-08-11,Wire,Debit,6064.34,United Kingdom,0,CASE0183
TX307448,CUST10873,2026-09-10,Cash Withdrawal,Debit,26995.3,United Kingdom,0,CASE0183
TX318539,CUST10873,2026-06-07,P2P,Credit,2817.85,Russia,1,CASE0183
TX309122,CUST10873,2026-08-09,Wire,Credit,4290.94,China,0,CASE0183
TX308312,CUST10873,2026-07-15,Card,Debit,4381.8,United States,0,CASE0183
TX307300,CUST10873,2026-01-09,Card,Credit,3251.54,Russia,1,CASE0183
TX310008,CUST10873,2026-01-04,ACH,Credit,4369.01,Russia,1,CASE0183
TX303478,CUST10873,2026-01-04,Cash Deposit,Debit,5667.48,Mexico,0,CASE0183
TX306563,CUST10038,2026-06-01,Cash Withdrawal,Credit,6289.34,India,0,CASE0184
TX305336,CUST10038,2026-01-10,ACH,Debit,1670.1,Turkey,1,CASE0184
TX306536,CUST10038,2026-07-24,Card,Credit,14617.3,United States,0,CASE0184
TX307995,CUST10038,2026-03-06,Cash Deposit,Debit,19544.07,Russia,1,CASE0184
TX321263,CUST10038,2026-04-18,Cash Deposit,Credit,7432.9,Mexico,0,CASE0184
TX321229,CUST10038,2026-03-13,Wire,Debit,16164.7,United States,0,CASE0184
TX304619,CUST10038,2026-03-20,Cash Withdrawal,Credit,5202.94,United Kingdom,0,CASE0184
TX300997,CUST10038,2026-05-10,Card,Debit,26046.8,China,0,CASE0184
TX313521,CUST10038,2026-01-30,ACH,Credit,4720.91,Mexico,0,CASE0184
TX311563,CUST10038,2026-06-15,Card,Credit,3730.46,United Arab Emirates,1,CASE0184
TX301843,CUST10038,2026-09-20,Check,Debit,4554.15,United Arab Emirates,1,CASE0184
TX316146,CUST10038,2026-09-27,Card,Credit,3016.01,India,0,CASE0184
TX313288,CUST10038,2026-01-16,Cash Withdrawal,Credit,2381.39,Canada,0,CASE0184
TX314434,CUST10038,2026-02-04,P2P,Debit,33054.35,United States,0,CASE0184
TX320254,CUST10038,2026-04-29,Cash Withdrawal,Credit,3082.44,Turkey,1,CASE0184
TX302096,CUST10038,2026-04-07,Wire,Debit,8119.66,United Arab Emirates,1,CASE0184
TX317642,CUST10038,2026-06-22,Card,Debit,14381.16,United States,0,CASE0184
TX315777,CUST10038,2026-06-11,Wire,Credit,17477.64,India,0,CASE0184
TX307074,CUST10038,2026-06-08,Check,Debit,620.59,Turkey,1,CASE0184
TX308100,CUST10038,2026-05-26,Check,Credit,2500.33,Canada,0,CASE0184
TX319889,CUST10038,2026-02-03,Wire,Credit,33203.37,India,0,CASE0184
TX302781,CUST10038,2026-06-15,Check,Credit,10744.61,Nigeria,1,CASE0184
TX318644,CUST10038,2026-08-23,P2P,Credit,21581.21,United Arab Emirates,1,CASE0184
TX317902,CUST10038,2026-05-02,P2P,Credit,7265.66,Nigeria,1,CASE0184
TX311153,CUST10038,2026-08-04,Cash Withdrawal,Credit,3256.22,United Kingdom,0,CASE0184
TX313394,CUST10783,2026-02-04,Cash Deposit,Debit,2701.43,Nigeria,1,CASE0185
TX305881,CUST10783,2026-05-15,Wire,Debit,1513.74,United Arab Emirates,1,CASE0185
TX311693,CUST10783,2026-02-22,ACH,Credit,5662.06,Russia,1,CASE0185
TX318675,CUST10783,2026-07-20,ACH,Debit,26619.05,Mexico,0,CASE0185
TX309585,CUST10783,2026-07-25,Cash Withdrawal,Credit,6759.26,United Arab Emirates,1,CASE0185
TX311190,CUST10783,2026-01-04,Wire,Credit,1558.42,Mexico,0,CASE0185
TX320433,CUST10783,2026-04-18,Cash Deposit,Debit,14002.88,United States,0,CASE0185
TX319377,CUST10783,2026-01-14,Check,Debit,20040.92,China,0,CASE0185
TX319492,CUST10783,2026-08-24,Wire,Debit,7344.91,Canada,0,CASE0185
TX318259,CUST10783,2026-07-13,Wire,Credit,2015.3,United Arab Emirates,1,CASE0185
TX304847,CUST10783,2026-02-05,Check,Credit,16186.94,Turkey,1,CASE0185
TX311260,CUST10783,2026-08-24,ACH,Debit,8072.23,China,0,CASE0185
TX313020,CUST10783,2026-08-11,Wire,Debit,4035.98,Mexico,0,CASE0185
TX315002,CUST10783,2026-09-23,ACH,Credit,4915.79,India,0,CASE0185
TX312823,CUST10783,2026-01-15,Cash Withdrawal,Credit,13024.07,Turkey,1,CASE0185
TX308143,CUST10783,2026-04-21,ACH,Credit,29886.44,China,0,CASE0185
TX318498,CUST10783,2026-08-01,Wire,Credit,4291.32,India,0,CASE0185
TX307031,CUST10783,2026-01-26,Card,Debit,1372.95,Mexico,0,CASE0185
TX310143,CUST10783,2026-03-09,ACH,Credit,906.35,United Kingdom,0,CASE0185
TX301153,CUST10783,2026-08-12,Cash Deposit,Credit,8154.23,Turkey,1,CASE0185
TX321259,CUST10783,2026-05-20,Wire,Debit,9442.24,China,0,CASE0185
TX321864,CUST10783,2026-03-20,ACH,Debit,3749.58,United Arab Emirates,1,CASE0185
TX311360,CUST10783,2026-06-14,ACH,Credit,2988.12,Turkey,1,CASE0185
TX319683,CUST10033,2026-05-11,Check,Debit,19431.26,Russia,1,CASE0186
TX320660,CUST10033,2026-04-09,Wire,Credit,8139.92,India,0,CASE0186
TX303477,CUST10033,2026-03-06,Cash Deposit,Credit,6847.79,China,0,CASE0186
TX302937,CUST10033,2026-05-13,Wire,Debit,4929.47,Russia,1,CASE0186
TX316228,CUST10033,2026-06-18,Card,Debit,16802.73,United Kingdom,0,CASE0186
TX308165,CUST10033,2026-07-14,Wire,Credit,4717.22,United States,0,CASE0186
TX305170,CUST10033,2026-03-01,Cash Withdrawal,Debit,19893.74,China,0,CASE0186
TX308153,CUST10033,2026-02-18,ACH,Debit,3032.37,Nigeria,1,CASE0186
TX317906,CUST10033,2026-09-02,ACH,Credit,1791.05,China,0,CASE0186
TX306576,CUST10033,2026-07-19,Wire,Credit,21694.79,Mexico,0,CASE0186
TX306501,CUST10033,2026-06-22,Check,Credit,7224.01,Turkey,1,CASE0186
TX310253,CUST10033,2026-07-18,Check,Credit,29178.9,United States,0,CASE0186
TX319255,CUST10033,2026-08-04,P2P,Credit,20547.77,China,0,CASE0186
TX316105,CUST10033,2026-08-10,ACH,Credit,8146.23,Turkey,1,CASE0186
TX320895,CUST10033,2026-09-04,P2P,Debit,6752.73,India,0,CASE0186
TX314034,CUST10033,2026-05-08,ACH,Debit,29197.6,Mexico,0,CASE0186
TX310392,CUST10033,2026-01-24,Cash Deposit,Debit,15427.73,Mexico,0,CASE0186
TX319307,CUST10033,2026-05-15,P2P,Credit,8935.08,Mexico,0,CASE0186
TX302947,CUST10033,2026-02-03,P2P,Debit,912.65,United Arab Emirates,1,CASE0186
TX319081,CUST10033,2026-03-09,ACH,Credit,19495.59,India,0,CASE0186
TX306088,CUST10033,2026-05-11,Card,Debit,1500.7,Mexico,0,CASE0186
TX321179,CUST10033,2026-05-12,P2P,Debit,3458.96,United States,0,CASE0186
TX316625,CUST10033,2026-03-17,ACH,Debit,11607.72,United Kingdom,0,CASE0186
TX303865,CUST10033,2026-09-06,P2P,Debit,15647.88,Nigeria,1,CASE0186
TX317720,CUST10033,2026-01-19,ACH,Credit,10520.69,China,0,CASE0186
TX301449,CUST10039,2026-07-24,Wire,Debit,3164.26,China,0,CASE0187
TX319208,CUST10039,2026-07-26,Wire,Debit,4865.48,United Kingdom,0,CASE0187
TX313558,CUST10039,2026-03-15,Cash Deposit,Debit,5375.7,China,0,CASE0187
TX307523,CUST10039,2026-01-28,P2P,Credit,43465.18,Russia,1,CASE0187
TX303472,CUST10039,2026-02-03,Wire,Debit,35279.26,United Arab Emirates,1,CASE0187
TX313117,CUST10039,2026-06-13,Cash Deposit,Debit,5781.08,United Arab Emirates,1,CASE0187
TX311341,CUST10039,2026-09-02,Wire,Debit,1964.64,Nigeria,1,CASE0187
TX311773,CUST10039,2026-08-03,Cash Deposit,Credit,2179.27,United Arab Emirates,1,CASE0187
TX319187,CUST10039,2026-05-28,ACH,Debit,58188.6,Canada,0,CASE0187
TX317430,CUST10039,2026-01-28,P2P,Debit,2152.64,China,0,CASE0187
TX303381,CUST10039,2026-04-11,Wire,Credit,2821.8,United States,0,CASE0187
TX317282,CUST10039,2026-01-11,Wire,Credit,1946.18,Russia,1,CASE0187
TX309220,CUST10039,2026-07-20,ACH,Debit,3211.15,Nigeria,1,CASE0187
TX319004,CUST10039,2026-01-09,ACH,Debit,1274.0,United Kingdom,0,CASE0187
TX319980,CUST10039,2026-06-16,Wire,Credit,9206.9,Turkey,1,CASE0187
TX313628,CUST10039,2026-06-12,Cash Deposit,Debit,2406.06,United Arab Emirates,1,CASE0187
TX306109,CUST10039,2026-05-11,P2P,Credit,4707.74,United States,0,CASE0187
TX319629,CUST10039,2026-05-06,Card,Credit,2360.51,India,0,CASE0187
TX301269,CUST10039,2026-07-23,Wire,Credit,517.96,Russia,1,CASE0187
TX312852,CUST10894,2026-01-14,Wire,Credit,8854.01,United Kingdom,0,CASE0188
TX306621,CUST10894,2026-01-16,ACH,Credit,16742.87,Nigeria,1,CASE0188
TX317615,CUST10894,2026-08-22,ACH,Credit,4354.49,United Kingdom,0,CASE0188
TX300877,CUST10894,2026-05-23,Cash Withdrawal,Debit,2657.34,Canada,0,CASE0188
TX320565,CUST10894,2026-06-06,P2P,Credit,4208.34,Nigeria,1,CASE0188
TX310854,CUST10894,2026-07-09,Card,Debit,533.23,United States,0,CASE0188
TX300912,CUST10894,2026-04-18,Card,Debit,7130.85,Russia,1,CASE0188
TX300414,CUST10894,2026-02-13,Wire,Credit,4155.72,China,0,CASE0188
TX300905,CUST10894,2026-06-08,Check,Credit,12696.67,India,0,CASE0188
TX314175,CUST10894,2026-02-13,Check,Credit,4295.32,Canada,0,CASE0188
TX306364,CUST10894,2026-09-08,Wire,Credit,8987.16,Nigeria,1,CASE0188
TX308172,CUST10894,2026-09-05,Check,Credit,16578.81,United Arab Emirates,1,CASE0188
TX312524,CUST10894,2026-02-03,Wire,Debit,12817.2,Canada,0,CASE0188
TX316493,CUST10894,2026-02-19,Card,Debit,12796.77,Turkey,1,CASE0188
TX317418,CUST10894,2026-09-25,Cash Deposit,Debit,7498.47,Nigeria,1,CASE0188
TX306002,CUST10894,2026-05-10,ACH,Credit,9731.14,United States,0,CASE0188
TX306609,CUST10894,2026-06-09,Cash Deposit,Credit,15972.12,Canada,0,CASE0188
TX308910,CUST10894,2026-09-26,ACH,Credit,7450.26,United Arab Emirates,1,CASE0188
TX305192,CUST10894,2026-05-01,Wire,Credit,3350.27,China,0,CASE0188
TX307529,CUST10894,2026-09-22,Wire,Debit,3550.34,India,0,CASE0188
TX314357,CUST10894,2026-01-23,Cash Deposit,Debit,470.39,Mexico,0,CASE0188
TX302046,CUST10894,2026-06-01,ACH,Credit,4002.64,United States,0,CASE0188
TX317669,CUST10894,2026-04-02,Wire,Debit,8850.5,Nigeria,1,CASE0188
TX300852,CUST10894,2026-07-07,Wire,Credit,33146.47,United Arab Emirates,1,CASE0188
TX315585,CUST10894,2026-03-25,Card,Credit,17621.46,Canada,0,CASE0188
TX314212,CUST10708,2026-03-16,Check,Debit,2680.16,United States,0,CASE0189
TX310151,CUST10708,2026-06-25,ACH,Debit,6115.29,China,0,CASE0189
TX316176,CUST10708,2026-09-25,Check,Debit,3882.51,Mexico,0,CASE0189
TX312242,CUST10708,2026-02-12,Cash Deposit,Debit,12326.06,India,0,CASE0189
TX316457,CUST10708,2026-04-08,ACH,Debit,2055.49,Turkey,1,CASE0189
TX318949,CUST10708,2026-07-04,Card,Credit,9317.06,Mexico,0,CASE0189
TX307524,CUST10708,2026-06-20,P2P,Debit,2788.46,United Kingdom,0,CASE0189
TX313943,CUST10708,2026-03-10,P2P,Debit,3168.91,Canada,0,CASE0189
TX306119,CUST10708,2026-01-15,Wire,Credit,65979.34,Turkey,1,CASE0189
TX321379,CUST10708,2026-08-09,Cash Deposit,Credit,3933.59,United States,0,CASE0189
TX308102,CUST10708,2026-02-25,ACH,Credit,7059.98,India,0,CASE0189
TX319993,CUST10708,2026-09-04,Wire,Credit,11194.34,Canada,0,CASE0189
TX319957,CUST10708,2026-08-05,Wire,Credit,14935.22,Nigeria,1,CASE0189
TX320747,CUST10708,2026-06-16,P2P,Debit,8131.62,Turkey,1,CASE0189
TX311967,CUST10708,2026-04-24,Cash Deposit,Debit,25249.03,United States,0,CASE0189
TX320594,CUST10708,2026-08-31,Wire,Credit,827.62,India,0,CASE0189
TX315097,CUST10708,2026-07-27,ACH,Debit,5009.39,Nigeria,1,CASE0189
TX302333,CUST10708,2026-04-20,Cash Withdrawal,Credit,10370.79,United Kingdom,0,CASE0189
TX316464,CUST10708,2026-08-02,ACH,Debit,18257.1,Mexico,0,CASE0189
TX303789,CUST10708,2026-02-24,Cash Withdrawal,Debit,15393.37,United States,0,CASE0189
TX314930,CUST10708,2026-05-29,P2P,Credit,7929.49,Canada,0,CASE0189
TX305660,CUST10708,2026-05-27,Wire,Debit,4840.38,United Arab Emirates,1,CASE0189
TX300128,CUST10708,2026-04-03,P2P,Credit,26478.02,Mexico,0,CASE0189
TX301242,CUST10680,2026-01-18,ACH,Credit,5780.33,Turkey,1,CASE0190
TX311268,CUST10680,2026-04-29,Cash Deposit,Debit,16318.37,United States,0,CASE0190
TX314435,CUST10680,2026-08-11,ACH,Credit,2385.13,Russia,1,CASE0190
TX319495,CUST10680,2026-03-24,Wire,Credit,8191.74,United Kingdom,0,CASE0190
TX312675,CUST10680,2026-07-12,Cash Deposit,Debit,3842.22,United States,0,CASE0190
TX318488,CUST10680,2026-06-12,ACH,Debit,6934.9,China,0,CASE0190
TX316755,CUST10680,2026-03-14,ACH,Debit,3181.79,United Kingdom,0,CASE0190
TX310119,CUST10680,2026-06-26,Card,Debit,2734.41,United Kingdom,0,CASE0190
TX302586,CUST10680,2026-03-15,P2P,Debit,15913.38,United States,0,CASE0190
TX321665,CUST10680,2026-01-25,Wire,Credit,978.1,China,0,CASE0190
TX315102,CUST10680,2026-06-12,Cash Withdrawal,Debit,14528.3,China,0,CASE0190
TX312130,CUST10680,2026-05-31,Wire,Debit,18990.74,United States,0,CASE0190
TX311725,CUST10680,2026-09-06,Card,Credit,5888.55,United Arab Emirates,1,CASE0190
TX316776,CUST10680,2026-04-08,Wire,Debit,5579.33,Mexico,0,CASE0190
TX303251,CUST10680,2026-04-26,Card,Debit,3677.54,Mexico,0,CASE0190
TX306745,CUST10680,2026-07-19,Cash Withdrawal,Credit,13840.74,Nigeria,1,CASE0190
TX315871,CUST10680,2026-08-30,Card,Credit,7408.83,United Kingdom,0,CASE0190
TX300456,CUST10680,2026-02-19,Wire,Credit,5766.65,Russia,1,CASE0190
TX307460,CUST10680,2026-03-18,Wire,Credit,19589.62,India,0,CASE0190
TX309584,CUST10680,2026-09-21,Card,Credit,8358.62,India,0,CASE0190
TX315095,CUST10680,2026-02-06,Card,Credit,11115.84,Mexico,0,CASE0190
TX318240,CUST10680,2026-05-26,ACH,Debit,12058.08,China,0,CASE0190
TX319850,CUST10680,2026-03-23,P2P,Credit,12068.7,China,0,CASE0190
TX310703,CUST10680,2026-04-11,ACH,Debit,9692.15,Nigeria,1,CASE0190
TX301027,CUST10680,2026-05-18,Card,Credit,1987.56,China,0,CASE0190
TX306623,CUST10226,2026-03-18,Cash Deposit,Credit,1228.2,United Arab Emirates,1,CASE0191
TX311428,CUST10226,2026-05-13,Check,Debit,3058.11,Russia,1,CASE0191
TX304795,CUST10226,2026-06-16,Cash Deposit,Credit,10293.27,Turkey,1,CASE0191
TX312342,CUST10226,2026-08-07,Check,Credit,3578.37,India,0,CASE0191
TX303079,CUST10226,2026-01-24,P2P,Credit,66944.56,Turkey,1,CASE0191
TX317439,CUST10226,2026-09-11,Wire,Debit,58090.75,United Arab Emirates,1,CASE0191
TX315254,CUST10226,2026-03-26,P2P,Debit,3887.65,United States,0,CASE0191
TX317705,CUST10226,2026-09-20,Check,Debit,17560.49,Mexico,0,CASE0191
TX302450,CUST10226,2026-02-11,Card,Credit,4310.22,India,0,CASE0191
TX312716,CUST10226,2026-08-16,P2P,Credit,27322.53,China,0,CASE0191
TX318431,CUST10226,2026-07-30,Wire,Credit,3576.05,Canada,0,CASE0191
TX321442,CUST10226,2026-03-11,Wire,Credit,10751.7,Turkey,1,CASE0191
TX305714,CUST10226,2026-03-09,Wire,Debit,6988.17,United States,0,CASE0191
TX315743,CUST10280,2026-05-18,Cash Withdrawal,Debit,14824.42,Russia,1,CASE0192
TX318513,CUST10280,2026-01-31,Wire,Credit,7864.16,Turkey,1,CASE0192
TX313576,CUST10280,2026-01-04,Wire,Credit,15641.71,Mexico,0,CASE0192
TX300687,CUST10280,2026-06-11,Wire,Debit,3917.69,United Kingdom,0,CASE0192
TX307784,CUST10280,2026-01-19,Cash Deposit,Debit,5460.07,United Kingdom,0,CASE0192
TX313562,CUST10280,2026-01-30,Cash Deposit,Debit,841.43,Nigeria,1,CASE0192
TX302988,CUST10280,2026-04-04,Check,Debit,2820.21,United Arab Emirates,1,CASE0192
TX304664,CUST10280,2026-04-05,Cash Withdrawal,Debit,9251.92,Nigeria,1,CASE0192
TX308448,CUST10280,2026-01-06,Wire,Debit,7207.16,Nigeria,1,CASE0192
TX305047,CUST10280,2026-03-16,Check,Credit,55305.87,United Kingdom,0,CASE0192
TX315785,CUST10280,2026-05-30,Cash Deposit,Debit,2617.76,Mexico,0,CASE0192
TX314005,CUST10280,2026-04-09,ACH,Credit,2803.86,China,0,CASE0192
TX303374,CUST10280,2026-06-18,Cash Withdrawal,Debit,11764.47,Turkey,1,CASE0192
TX311666,CUST10280,2026-09-05,Cash Deposit,Debit,2133.62,Canada,0,CASE0192
TX317647,CUST10280,2026-07-27,Wire,Credit,1965.64,United States,0,CASE0192
TX311220,CUST10280,2026-04-23,Cash Withdrawal,Debit,5179.57,China,0,CASE0192
TX311256,CUST10280,2026-02-23,ACH,Credit,13141.19,United States,0,CASE0192
TX318002,CUST10280,2026-02-20,Wire,Credit,4923.79,China,0,CASE0192
TX305307,CUST10280,2026-06-27,Card,Debit,6127.74,China,0,CASE0192
TX314971,CUST10280,2026-05-13,Wire,Debit,6117.72,India,0,CASE0192
TX303709,CUST10280,2026-03-26,Wire,Debit,1411.16,Mexico,0,CASE0192
TX318333,CUST10280,2026-06-27,Check,Debit,8023.13,Mexico,0,CASE0192
TX307507,CUST10280,2026-08-25,Wire,Debit,8691.73,Nigeria,1,CASE0192
TX304439,CUST10280,2026-06-07,ACH,Debit,4169.48,Russia,1,CASE0192
TX306807,CUST10280,2026-03-10,Cash Deposit,Credit,4233.71,United Arab Emirates,1,CASE0192
TX307439,CUST10604,2026-07-29,Cash Deposit,Debit,7050.71,Nigeria,1,CASE0193
TX307754,CUST10604,2026-09-25,Wire,Debit,1962.14,China,0,CASE0193
TX315926,CUST10604,2026-01-26,ACH,Credit,10188.42,Mexico,0,CASE0193
TX311639,CUST10604,2026-01-26,Cash Withdrawal,Credit,4516.66,Russia,1,CASE0193
TX305324,CUST10604,2026-08-08,Check,Debit,4114.09,Turkey,1,CASE0193
TX309768,CUST10604,2026-04-24,Card,Debit,9110.21,Mexico,0,CASE0193
TX302692,CUST10604,2026-04-15,P2P,Debit,2151.74,United Kingdom,0,CASE0193
TX307467,CUST10604,2026-09-12,P2P,Credit,6063.73,Canada,0,CASE0193
TX307314,CUST10604,2026-06-05,Wire,Credit,1458.49,Russia,1,CASE0193
TX316764,CUST10604,2026-06-15,Card,Credit,18927.8,United Kingdom,0,CASE0193
TX321854,CUST10604,2026-05-15,Check,Debit,16272.69,India,0,CASE0193
TX318413,CUST10604,2026-06-22,ACH,Credit,10621.56,Mexico,0,CASE0193
TX317177,CUST10604,2026-07-22,Cash Withdrawal,Debit,45580.67,Mexico,0,CASE0193
TX312564,CUST10604,2026-06-27,P2P,Debit,1087.07,United States,0,CASE0193
TX312872,CUST10604,2026-03-04,Cash Deposit,Credit,1199.65,Mexico,0,CASE0193
TX301563,CUST10604,2026-04-15,Card,Credit,35451.37,Russia,1,CASE0193
TX314717,CUST10604,2026-04-28,Wire,Credit,1750.93,Mexico,0,CASE0193
TX303304,CUST10604,2026-03-29,Check,Credit,1762.69,United Arab Emirates,1,CASE0193
TX318557,CUST10604,2026-03-18,Wire,Debit,3920.36,Russia,1,CASE0193
TX307777,CUST10604,2026-08-08,ACH,Credit,5753.2,Turkey,1,CASE0193
TX306278,CUST10604,2026-09-25,P2P,Debit,1978.58,Turkey,1,CASE0193
TX300290,CUST10604,2026-08-13,Cash Deposit,Credit,2378.47,United Kingdom,0,CASE0193
TX309920,CUST10604,2026-07-22,P2P,Credit,19279.34,United States,0,CASE0193
TX308569,CUST10604,2026-03-01,Check,Debit,1551.63,Turkey,1,CASE0193
TX317732,CUST10604,2026-01-09,Card,Credit,3230.17,Mexico,0,CASE0193
TX311356,CUST10701,2026-04-06,Cash Withdrawal,Credit,8972.17,Mexico,0,CASE0194
TX308627,CUST10701,2026-09-23,Cash Deposit,Credit,515.07,United Arab Emirates,1,CASE0194
TX316982,CUST10701,2026-05-16,ACH,Debit,9684.16,United Kingdom,0,CASE0194
TX305440,CUST10701,2026-02-10,P2P,Credit,8384.38,India,0,CASE0194
TX310863,CUST10701,2026-06-29,Card,Debit,9590.75,United Kingdom,0,CASE0194
TX301213,CUST10701,2026-08-03,ACH,Credit,1991.62,Mexico,0,CASE0194
TX315978,CUST10701,2026-09-15,P2P,Credit,1985.37,United Arab Emirates,1,CASE0194
TX304058,CUST10701,2026-01-08,Check,Debit,4162.26,India,0,CASE0194
TX309872,CUST10701,2026-03-29,Wire,Debit,2647.34,Turkey,1,CASE0194
TX300216,CUST10701,2026-09-29,Cash Deposit,Debit,1203.37,India,0,CASE0194
TX311758,CUST10701,2026-07-07,Wire,Debit,423.11,Turkey,1,CASE0194
TX315333,CUST10701,2026-01-09,Wire,Debit,5225.92,India,0,CASE0194
TX301781,CUST10701,2026-07-03,ACH,Credit,4038.53,United Arab Emirates,1,CASE0194
TX307298,CUST10701,2026-06-10,Cash Withdrawal,Credit,19988.45,United States,0,CASE0194
TX316045,CUST10115,2026-09-03,ACH,Credit,13347.13,India,0,CASE0195
TX302296,CUST10115,2026-08-14,Cash Deposit,Credit,4253.14,Turkey,1,CASE0195
TX301771,CUST10115,2026-08-09,Card,Credit,1671.07,Russia,1,CASE0195
TX311508,CUST10115,2026-04-05,P2P,Credit,2430.18,Canada,0,CASE0195
TX306591,CUST10115,2026-05-19,ACH,Credit,10300.99,India,0,CASE0195
TX316117,CUST10115,2026-08-27,Cash Deposit,Debit,4267.58,Mexico,0,CASE0195
TX306272,CUST10115,2026-04-02,Check,Debit,8264.44,Mexico,0,CASE0195
TX321363,CUST10115,2026-06-03,ACH,Credit,43288.34,Nigeria,1,CASE0195
TX310059,CUST10115,2026-01-07,P2P,Credit,6914.34,United States,0,CASE0195
TX318844,CUST10115,2026-02-16,Wire,Credit,13983.96,United Arab Emirates,1,CASE0195
TX308657,CUST10115,2026-08-14,ACH,Debit,4223.92,Canada,0,CASE0195
TX317245,CUST10115,2026-02-18,Card,Debit,11259.58,China,0,CASE0195
TX321550,CUST10115,2026-09-02,Cash Deposit,Credit,4240.12,Nigeria,1,CASE0195
TX304009,CUST10115,2026-05-09,Wire,Credit,3976.56,Mexico,0,CASE0195
TX308924,CUST10115,2026-04-24,Cash Deposit,Debit,30575.37,Nigeria,1,CASE0195
TX316559,CUST10115,2026-01-08,Cash Deposit,Debit,641.14,Canada,0,CASE0195
TX302915,CUST10115,2026-03-14,ACH,Credit,38345.01,China,0,CASE0195
TX321964,CUST10115,2026-09-18,Wire,Debit,12472.38,United Arab Emirates,1,CASE0195
TX301359,CUST10115,2026-05-05,ACH,Credit,18475.15,United States,0,CASE0195
TX321140,CUST10115,2026-05-30,ACH,Credit,8425.62,China,0,CASE0195
TX300961,CUST10115,2026-02-10,ACH,Credit,4265.59,Nigeria,1,CASE0195
TX312538,CUST10115,2026-03-17,ACH,Debit,10068.24,United Arab Emirates,1,CASE0195
TX313530,CUST10115,2026-08-27,Wire,Debit,5378.52,Mexico,0,CASE0195
TX320928,CUST10115,2026-05-07,Cash Deposit,Credit,4299.15,Mexico,0,CASE0195
TX316330,CUST10115,2026-05-20,Cash Withdrawal,Credit,2968.51,Turkey,1,CASE0195
TX312903,CUST10567,2026-09-10,Wire,Debit,1296.53,United Arab Emirates,1,CASE0196
TX307824,CUST10567,2026-04-12,Check,Debit,2778.31,United Kingdom,0,CASE0196
TX301022,CUST10567,2026-08-27,Cash Withdrawal,Credit,8175.27,United Kingdom,0,CASE0196
TX314081,CUST10567,2026-05-19,Cash Deposit,Debit,31032.93,Russia,1,CASE0196
TX313265,CUST10567,2026-06-15,Card,Credit,12937.8,Nigeria,1,CASE0196
TX307181,CUST10567,2026-04-18,Cash Deposit,Debit,11774.76,United Kingdom,0,CASE0196
TX313829,CUST10567,2026-05-21,Card,Credit,31886.33,Nigeria,1,CASE0196
TX304775,CUST10567,2026-07-13,ACH,Debit,9480.27,Canada,0,CASE0196
TX319631,CUST10567,2026-09-11,Cash Deposit,Credit,6459.2,Russia,1,CASE0196
TX305830,CUST10567,2026-07-23,Wire,Credit,532.91,Canada,0,CASE0196
TX313618,CUST10567,2026-05-01,ACH,Debit,3071.88,India,0,CASE0196
TX306738,CUST10567,2026-05-14,Check,Credit,2516.31,Nigeria,1,CASE0196
TX305610,CUST10567,2026-09-05,Cash Deposit,Credit,2574.29,United Arab Emirates,1,CASE0196
TX309219,CUST10567,2026-09-18,Wire,Credit,6155.13,Turkey,1,CASE0196
TX313451,CUST10567,2026-03-21,ACH,Credit,8776.05,Russia,1,CASE0196
TX305247,CUST10567,2026-02-11,Wire,Debit,12639.31,Nigeria,1,CASE0196
TX319500,CUST10567,2026-05-06,P2P,Debit,4392.82,United Arab Emirates,1,CASE0196
TX308415,CUST10567,2026-08-05,P2P,Debit,13791.33,United Arab Emirates,1,CASE0196
TX315937,CUST10567,2026-04-18,Card,Credit,16815.52,Mexico,0,CASE0196
TX313304,CUST10567,2026-08-02,Wire,Credit,4881.27,India,0,CASE0196
TX300926,CUST10567,2026-07-04,P2P,Debit,12380.42,United States,0,CASE0196
TX303188,CUST10567,2026-07-24,P2P,Credit,96387.87,Canada,0,CASE0196
TX301238,CUST10567,2026-02-11,ACH,Debit,2558.34,United Kingdom,0,CASE0196
TX316954,CUST10567,2026-03-27,ACH,Debit,17689.71,Russia,1,CASE0196
TX300033,CUST10567,2026-08-08,P2P,Credit,5245.23,India,0,CASE0196
TX312909,CUST10324,2026-02-01,Check,Credit,4723.44,Turkey,1,CASE0197
TX303535,CUST10324,2026-04-06,Card,Debit,70986.0,China,0,CASE0197
TX300774,CUST10324,2026-03-19,Cash Withdrawal,Debit,2110.14,Nigeria,1,CASE0197
TX319268,CUST10324,2026-03-14,Wire,Debit,10676.04,China,0,CASE0197
TX301350,CUST10324,2026-08-20,Wire,Debit,2059.05,Russia,1,CASE0197
TX307357,CUST10324,2026-01-16,Check,Debit,3735.12,Russia,1,CASE0197
TX314091,CUST10324,2026-07-11,P2P,Credit,18053.13,United Arab Emirates,1,CASE0197
TX310977,CUST10324,2026-01-20,Cash Deposit,Credit,11379.0,Russia,1,CASE0197
TX314330,CUST10324,2026-03-29,ACH,Debit,3831.02,United Arab Emirates,1,CASE0197
TX321027,CUST10324,2026-01-13,Check,Debit,185890.31,Russia,1,CASE0197
TX303994,CUST10324,2026-06-11,Cash Deposit,Credit,6207.2,Russia,1,CASE0197
TX308239,CUST10324,2026-09-14,ACH,Credit,38780.8,United Arab Emirates,1,CASE0197
TX320768,CUST10324,2026-08-10,Cash Deposit,Credit,31062.5,United Kingdom,0,CASE0197
TX320846,CUST10324,2026-02-18,Check,Debit,1923.54,India,0,CASE0197
TX310409,CUST10324,2026-07-09,ACH,Credit,4584.25,United States,0,CASE0197
TX319842,CUST10324,2026-09-10,P2P,Credit,6300.46,Nigeria,1,CASE0197
TX319628,CUST10324,2026-08-23,Check,Debit,1807.75,United Kingdom,0,CASE0197
TX313704,CUST10324,2026-08-05,ACH,Debit,21832.04,Russia,1,CASE0197
TX311438,CUST10324,2026-03-07,ACH,Credit,30653.45,Canada,0,CASE0197
TX304535,CUST10324,2026-02-23,Check,Credit,5375.56,Mexico,0,CASE0197
TX309703,CUST10324,2026-04-22,Wire,Credit,6376.39,Russia,1,CASE0197
TX320598,CUST10324,2026-09-14,ACH,Debit,14136.65,China,0,CASE0197
TX305468,CUST10693,2026-07-21,P2P,Credit,6738.95,Mexico,0,CASE0198
TX317155,CUST10693,2026-04-27,Card,Debit,5933.1,India,0,CASE0198
TX309417,CUST10693,2026-04-15,Card,Debit,9366.78,United Kingdom,0,CASE0198
TX312381,CUST10693,2026-01-20,Check,Debit,2698.53,United Kingdom,0,CASE0198
TX316995,CUST10693,2026-07-18,P2P,Debit,1593.83,Canada,0,CASE0198
TX300968,CUST10693,2026-09-07,Cash Deposit,Credit,5204.88,Turkey,1,CASE0198
TX303179,CUST10693,2026-07-29,Wire,Credit,1801.07,India,0,CASE0198
TX301251,CUST10693,2026-06-22,Card,Debit,6934.23,United Arab Emirates,1,CASE0198
TX302877,CUST10693,2026-09-14,Cash Deposit,Credit,15005.73,Russia,1,CASE0198
TX301383,CUST10693,2026-06-28,Wire,Debit,35816.46,United Kingdom,0,CASE0198
TX320256,CUST10693,2026-08-03,Cash Withdrawal,Credit,3644.07,United Kingdom,0,CASE0198
TX315146,CUST10693,2026-09-09,Cash Withdrawal,Credit,14649.04,Turkey,1,CASE0198
TX307574,CUST10693,2026-04-04,Card,Credit,2372.3,China,0,CASE0198
TX318974,CUST10693,2026-07-18,P2P,Credit,4232.64,China,0,CASE0198
TX305377,CUST10693,2026-04-04,P2P,Credit,3175.69,India,0,CASE0198
TX320394,CUST10693,2026-06-12,Wire,Debit,9584.88,Russia,1,CASE0198
TX315520,CUST10693,2026-09-25,Card,Debit,2228.68,United Arab Emirates,1,CASE0198
TX301282,CUST10693,2026-06-30,ACH,Credit,13736.86,Mexico,0,CASE0198
TX300183,CUST10693,2026-06-27,Wire,Debit,5139.32,Mexico,0,CASE0198
TX313227,CUST10693,2026-05-29,ACH,Debit,14089.55,Turkey,1,CASE0198
TX311675,CUST10693,2026-06-22,Cash Deposit,Credit,3698.9,China,0,CASE0198
TX311750,CUST10693,2026-01-21,Cash Withdrawal,Credit,2787.05,Mexico,0,CASE0198
TX311680,CUST10693,2026-01-26,Cash Deposit,Debit,3790.41,United Kingdom,0,CASE0198
TX315405,CUST10693,2026-01-25,P2P,Debit,10517.8,India,0,CASE0198
TX305555,CUST10217,2026-07-02,Card,Credit,5945.87,United Kingdom,0,CASE0199
TX304782,CUST10217,2026-03-20,Wire,Debit,9457.37,United States,0,CASE0199
TX309432,CUST10217,2026-04-21,ACH,Debit,7361.38,Russia,1,CASE0199
TX308894,CUST10217,2026-05-11,ACH,Debit,925.83,Canada,0,CASE0199
TX300833,CUST10217,2026-01-06,Wire,Debit,2467.83,United Kingdom,0,CASE0199
TX314714,CUST10217,2026-05-12,ACH,Debit,61326.09,Nigeria,1,CASE0199
TX300000,CUST10217,2026-08-09,Wire,Credit,9019.96,Canada,0,CASE0199
TX309241,CUST10217,2026-08-09,ACH,Debit,25008.79,United Kingdom,0,CASE0199
TX316615,CUST10217,2026-04-25,Wire,Credit,1856.02,United Arab Emirates,1,CASE0199
TX316573,CUST10217,2026-07-31,Cash Withdrawal,Debit,11294.79,Russia,1,CASE0199
TX320788,CUST10217,2026-07-11,Check,Debit,7790.39,United States,0,CASE0199
TX320542,CUST10217,2026-08-25,Check,Debit,5065.46,Nigeria,1,CASE0199
TX310390,CUST10217,2026-05-30,Cash Withdrawal,Debit,13204.58,United Arab Emirates,1,CASE0199
TX313009,CUST10217,2026-03-23,Wire,Debit,2664.99,United Kingdom,0,CASE0199
TX321372,CUST10217,2026-02-28,ACH,Credit,4308.17,India,0,CASE0199
TX315946,CUST10217,2026-03-05,Wire,Credit,21934.18,Russia,1,CASE0199
TX312209,CUST10217,2026-07-02,Cash Deposit,Debit,11541.74,Russia,1,CASE0199
TX303603,CUST10217,2026-08-05,ACH,Credit,8525.47,Russia,1,CASE0199
TX314183,CUST10217,2026-06-08,ACH,Credit,16440.0,Nigeria,1,CASE0199
TX300412,CUST10217,2026-01-17,Check,Debit,4456.67,Turkey,1,CASE0199
TX319425,CUST10217,2026-06-02,Cash Withdrawal,Credit,19186.45,India,0,CASE0199
TX304797,CUST10217,2026-06-23,Wire,Credit,12165.09,United Kingdom,0,CASE0199
TX307895,CUST10217,2026-06-10,Wire,Debit,8858.03,Nigeria,1,CASE0199
TX306312,CUST10217,2026-04-26,Cash Deposit,Credit,17694.16,Canada,0,CASE0199
TX310488,CUST10217,2026-05-17,Cash Deposit,Credit,12033.68,Turkey,1,CASE0199
TX309959,CUST10268,2026-01-16,Cash Deposit,Credit,18822.58,Russia,1,CASE0200
TX302848,CUST10268,2026-04-06,P2P,Debit,6203.86,Nigeria,1,CASE0200
TX307490,CUST10268,2026-02-13,P2P,Debit,11682.73,Canada,0,CASE0200
TX314519,CUST10268,2026-05-17,Cash Withdrawal,Credit,23384.42,Nigeria,1,CASE0200
TX305057,CUST10268,2026-01-14,Cash Withdrawal,Credit,1886.53,Russia,1,CASE0200
TX306884,CUST10268,2026-07-15,Wire,Credit,5683.46,Nigeria,1,CASE0200
TX316561,CUST10268,2026-04-21,Card,Debit,1867.94,Turkey,1,CASE0200
TX314884,CUST10268,2026-09-01,Cash Deposit,Debit,3009.7,United Arab Emirates,1,CASE0200
TX315395,CUST10268,2026-02-25,Wire,Credit,52811.78,Mexico,0,CASE0200
TX311487,CUST10268,2026-06-25,P2P,Credit,2191.74,India,0,CASE0200
TX302431,CUST10268,2026-04-25,Wire,Debit,1227.39,China,0,CASE0200
TX306909,CUST10268,2026-09-09,Card,Debit,3500.91,United Arab Emirates,1,CASE0200
TX308888,CUST10268,2026-07-05,ACH,Debit,4769.15,China,0,CASE0200
TX310037,CUST10268,2026-05-12,Wire,Credit,2993.48,Turkey,1,CASE0200
TX307886,CUST10268,2026-04-23,Check,Credit,19626.63,Nigeria,1,CASE0200
TX304404,CUST10268,2026-08-23,ACH,Debit,3878.12,Turkey,1,CASE0200
TX313298,CUST10268,2026-06-16,Cash Withdrawal,Debit,14962.15,Mexico,0,CASE0200
TX302984,CUST10268,2026-03-13,Wire,Debit,9805.63,Russia,1,CASE0200
TX306193,CUST10268,2026-07-28,Cash Deposit,Credit,10996.09,India,0,CASE0200
TX300178,CUST10268,2026-08-18,Check,Debit,36272.6,Nigeria,1,CASE0200
TX319743,CUST10268,2026-08-19,ACH,Credit,1493.85,United Kingdom,0,CASE0200
TX319915,CUST10268,2026-08-08,P2P,Debit,22299.61,United Arab Emirates,1,CASE0200
TX307003,CUST10268,2026-09-06,Wire,Credit,29349.48,Turkey,1,CASE0200
TX300960,CUST10448,2026-04-21,Cash Deposit,Credit,2270.47,United Arab Emirates,1,CASE0201
TX308931,CUST10448,2026-01-15,Cash Withdrawal,Debit,26217.79,United States,0,CASE0201
TX302685,CUST10448,2026-01-21,Cash Deposit,Credit,5967.24,Russia,1,CASE0201
TX302831,CUST10448,2026-03-25,Wire,Debit,12343.24,United Arab Emirates,1,CASE0201
TX302390,CUST10448,2026-08-10,Check,Debit,16974.21,United Kingdom,0,CASE0201
TX305540,CUST10448,2026-06-06,Check,Credit,4685.58,United Arab Emirates,1,CASE0201
TX315030,CUST10448,2026-07-07,Cash Deposit,Credit,4403.3,United States,0,CASE0201
TX305315,CUST10448,2026-06-03,ACH,Credit,2057.45,Turkey,1,CASE0201
TX301425,CUST10448,2026-01-14,P2P,Credit,9980.37,United Kingdom,0,CASE0201
TX300604,CUST10448,2026-03-31,Card,Credit,11209.93,Canada,0,CASE0201
TX319847,CUST10448,2026-03-14,Cash Deposit,Credit,10087.43,Mexico,0,CASE0201
TX303479,CUST10448,2026-07-06,Wire,Debit,9056.68,United States,0,CASE0201
TX309292,CUST10448,2026-09-23,Cash Withdrawal,Debit,1830.49,Mexico,0,CASE0201
TX306276,CUST10448,2026-05-23,Check,Debit,4302.82,India,0,CASE0201
TX319717,CUST10448,2026-01-28,Cash Deposit,Debit,11095.43,China,0,CASE0201
TX315694,CUST10448,2026-06-26,ACH,Credit,5320.98,United Arab Emirates,1,CASE0201
TX318948,CUST10448,2026-07-11,ACH,Debit,681.27,Turkey,1,CASE0201
TX304634,CUST10448,2026-08-26,P2P,Debit,17594.24,United States,0,CASE0201
TX311336,CUST10448,2026-04-11,Cash Deposit,Credit,4993.81,Turkey,1,CASE0201
TX318998,CUST10448,2026-08-23,Cash Deposit,Debit,7891.89,India,0,CASE0201
TX306138,CUST10448,2026-09-08,ACH,Debit,12426.44,United Arab Emirates,1,CASE0201
TX319045,CUST10448,2026-08-10,P2P,Credit,921.21,Mexico,0,CASE0201
TX318548,CUST10448,2026-09-13,ACH,Credit,2924.61,Canada,0,CASE0201
TX310874,CUST10448,2026-06-13,Card,Credit,4876.74,Canada,0,CASE0201
TX309116,CUST10448,2026-06-01,Wire,Debit,13724.0,Nigeria,1,CASE0201
TX317377,CUST10660,2026-05-23,P2P,Debit,39407.37,Russia,1,CASE0202
TX308574,CUST10660,2026-02-09,Cash Deposit,Credit,6979.85,India,0,CASE0202
TX309298,CUST10660,2026-08-19,Card,Debit,13083.29,Mexico,0,CASE0202
TX316724,CUST10660,2026-02-23,Cash Withdrawal,Credit,6352.17,Nigeria,1,CASE0202
TX304306,CUST10660,2026-07-10,ACH,Credit,11731.68,United Arab Emirates,1,CASE0202
TX315248,CUST10660,2026-03-11,ACH,Debit,10566.71,Nigeria,1,CASE0202
TX307778,CUST10660,2026-01-03,Cash Deposit,Credit,29475.09,United Kingdom,0,CASE0202
TX307673,CUST10660,2026-07-06,Check,Credit,6320.12,Nigeria,1,CASE0202
TX301596,CUST10660,2026-08-22,Wire,Credit,2251.18,United States,0,CASE0202
TX309674,CUST10660,2026-02-17,Wire,Debit,37485.61,Canada,0,CASE0202
TX316224,CUST10660,2026-03-31,ACH,Credit,2734.61,Mexico,0,CASE0202
TX315960,CUST10660,2026-09-08,Wire,Credit,7389.19,India,0,CASE0202
TX305459,CUST10660,2026-05-06,ACH,Debit,3558.58,India,0,CASE0202
TX306781,CUST10660,2026-04-23,Check,Credit,2353.25,Turkey,1,CASE0202
TX305264,CUST10660,2026-03-07,ACH,Credit,6785.34,India,0,CASE0202
TX313547,CUST10660,2026-09-19,Wire,Credit,6769.82,United Arab Emirates,1,CASE0202
TX301040,CUST10660,2026-05-17,Wire,Credit,3036.38,India,0,CASE0202
TX311355,CUST10660,2026-07-13,Card,Credit,15904.14,China,0,CASE0202
TX309615,CUST10660,2026-06-19,Wire,Debit,20847.07,Nigeria,1,CASE0202
TX300425,CUST10660,2026-06-29,Cash Withdrawal,Debit,6561.4,United States,0,CASE0202
TX315378,CUST10660,2026-09-16,Cash Withdrawal,Credit,53470.26,United States,0,CASE0202
TX300305,CUST10517,2026-03-10,Cash Deposit,Credit,2011.18,Mexico,0,CASE0203
TX305980,CUST10517,2026-07-06,P2P,Debit,22278.3,Mexico,0,CASE0203
TX309631,CUST10517,2026-08-27,Card,Debit,11733.63,United Kingdom,0,CASE0203
TX318083,CUST10517,2026-03-08,Check,Debit,28220.58,United States,0,CASE0203
TX313744,CUST10517,2026-09-18,Wire,Debit,984.91,Russia,1,CASE0203
TX304780,CUST10517,2026-08-27,Wire,Credit,2070.05,Mexico,0,CASE0203
TX314148,CUST10517,2026-04-03,Card,Debit,1624.45,Russia,1,CASE0203
TX300795,CUST10517,2026-02-05,Cash Deposit,Credit,13473.03,United States,0,CASE0203
TX321733,CUST10517,2026-04-28,Check,Debit,2806.31,Nigeria,1,CASE0203
TX307156,CUST10517,2026-01-17,Check,Credit,28378.22,Russia,1,CASE0203
TX304227,CUST10517,2026-04-10,P2P,Credit,7731.67,Mexico,0,CASE0203
TX318511,CUST10517,2026-04-03,Cash Withdrawal,Credit,19309.19,United Arab Emirates,1,CASE0203
TX306008,CUST10517,2026-07-24,Check,Debit,6260.42,United Arab Emirates,1,CASE0203
TX321157,CUST10517,2026-04-19,P2P,Debit,25773.89,United Arab Emirates,1,CASE0203
TX319949,CUST10517,2026-09-21,P2P,Credit,4300.5,Canada,0,CASE0203
TX302191,CUST10517,2026-07-16,ACH,Debit,7352.48,Mexico,0,CASE0203
TX301070,CUST10517,2026-09-20,Cash Withdrawal,Credit,5342.97,Russia,1,CASE0203
TX316229,CUST10517,2026-02-24,Wire,Credit,1766.54,Turkey,1,CASE0203
TX302724,CUST10517,2026-04-20,Check,Credit,7134.75,China,0,CASE0203
TX319711,CUST10517,2026-08-04,Wire,Debit,1686.74,Mexico,0,CASE0203
TX302606,CUST10517,2026-03-02,Cash Deposit,Debit,17231.06,United Arab Emirates,1,CASE0203
TX300467,CUST10517,2026-07-13,Cash Withdrawal,Debit,20191.29,United Kingdom,0,CASE0203
TX300940,CUST10517,2026-05-31,Cash Deposit,Credit,1470.23,United Arab Emirates,1,CASE0203
TX303358,CUST10517,2026-03-07,Wire,Credit,1790.52,Nigeria,1,CASE0203
TX317490,CUST10504,2026-01-08,ACH,Credit,40911.76,India,0,CASE0204
TX319486,CUST10504,2026-08-27,Wire,Debit,35640.52,United States,0,CASE0204
TX320756,CUST10504,2026-02-05,Wire,Credit,6471.42,Mexico,0,CASE0204
TX316695,CUST10504,2026-02-07,ACH,Credit,5375.29,United States,0,CASE0204
TX318988,CUST10504,2026-05-04,Check,Debit,3293.46,United Arab Emirates,1,CASE0204
TX306071,CUST10504,2026-09-21,Cash Deposit,Credit,9958.75,China,0,CASE0204
TX300320,CUST10504,2026-05-12,Check,Credit,13606.6,Turkey,1,CASE0204
TX307224,CUST10504,2026-05-15,Wire,Credit,1835.08,Nigeria,1,CASE0204
TX312029,CUST10504,2026-06-13,Card,Credit,3160.57,United Kingdom,0,CASE0204
TX312122,CUST10504,2026-02-19,Cash Withdrawal,Credit,73244.41,Canada,0,CASE0204
TX321264,CUST10504,2026-05-30,ACH,Credit,4814.01,Mexico,0,CASE0204
TX315114,CUST10504,2026-03-23,Wire,Credit,18850.36,United Arab Emirates,1,CASE0204
TX316817,CUST10504,2026-07-06,ACH,Credit,17800.63,Mexico,0,CASE0204
TX317703,CUST10504,2026-06-08,Cash Deposit,Credit,16293.5,United Kingdom,0,CASE0204
TX315499,CUST10504,2026-05-29,ACH,Debit,1104.17,United States,0,CASE0204
TX301165,CUST10504,2026-07-23,Card,Debit,8032.08,Nigeria,1,CASE0204
TX313188,CUST10504,2026-02-19,Check,Debit,4019.33,United States,0,CASE0204
TX304415,CUST10504,2026-02-08,Wire,Debit,9821.73,Turkey,1,CASE0204
TX309516,CUST10504,2026-06-24,Wire,Credit,2681.62,Canada,0,CASE0204
TX311815,CUST10382,2026-02-16,Card,Credit,3227.96,China,0,CASE0205
TX302695,CUST10382,2026-02-23,Card,Debit,7225.09,India,0,CASE0205
TX312422,CUST10382,2026-05-27,ACH,Debit,4091.27,Nigeria,1,CASE0205
TX320461,CUST10382,2026-01-31,Card,Debit,21734.94,United States,0,CASE0205
TX310980,CUST10382,2026-02-18,Card,Credit,7489.0,Canada,0,CASE0205
TX320833,CUST10382,2026-04-05,ACH,Debit,6918.38,Russia,1,CASE0205
TX310377,CUST10382,2026-08-05,Cash Deposit,Debit,16072.32,Canada,0,CASE0205
TX316381,CUST10382,2026-04-12,Cash Deposit,Credit,2047.18,United States,0,CASE0205
TX303329,CUST10382,2026-09-28,Cash Deposit,Credit,38705.58,United Arab Emirates,1,CASE0205
TX311894,CUST10382,2026-08-01,Cash Withdrawal,Credit,7488.65,China,0,CASE0205
TX311507,CUST10382,2026-04-30,Card,Credit,4508.82,China,0,CASE0205
TX308383,CUST10382,2026-04-21,Cash Withdrawal,Debit,5233.88,Turkey,1,CASE0205
TX309832,CUST10382,2026-04-08,Wire,Debit,3392.76,Turkey,1,CASE0205
TX314163,CUST10382,2026-01-06,Cash Withdrawal,Debit,909.51,Russia,1,CASE0205
TX309358,CUST10382,2026-05-15,Wire,Debit,1952.94,China,0,CASE0205
TX309725,CUST10382,2026-04-16,ACH,Credit,1994.47,Turkey,1,CASE0205
TX301231,CUST10382,2026-07-03,ACH,Credit,63887.4,Nigeria,1,CASE0205
TX301289,CUST10382,2026-01-15,Wire,Credit,18388.35,China,0,CASE0205
TX321367,CUST10382,2026-08-12,Cash Withdrawal,Credit,326.92,China,0,CASE0205
TX301555,CUST10382,2026-02-06,Cash Deposit,Debit,10662.45,United Arab Emirates,1,CASE0205
TX306027,CUST10382,2026-03-29,Cash Deposit,Debit,10211.95,China,0,CASE0205
TX312118,CUST10382,2026-02-07,ACH,Credit,1640.01,Canada,0,CASE0205
TX305999,CUST10475,2026-04-29,Wire,Debit,6484.25,Mexico,0,CASE0206
TX321103,CUST10475,2026-08-14,Card,Credit,4110.36,Nigeria,1,CASE0206
TX310435,CUST10475,2026-09-11,ACH,Debit,2267.41,Canada,0,CASE0206
TX304981,CUST10475,2026-08-27,P2P,Debit,6510.48,United Arab Emirates,1,CASE0206
TX307373,CUST10475,2026-01-30,Cash Deposit,Credit,10227.69,India,0,CASE0206
TX306395,CUST10475,2026-01-09,Wire,Debit,17464.08,Turkey,1,CASE0206
TX313840,CUST10475,2026-09-01,ACH,Credit,5891.11,India,0,CASE0206
TX320138,CUST10475,2026-06-04,Wire,Credit,5614.88,Canada,0,CASE0206
TX306814,CUST10475,2026-01-17,P2P,Credit,548.85,United Arab Emirates,1,CASE0206
TX308330,CUST10475,2026-04-29,Check,Debit,5592.73,United States,0,CASE0206
TX302729,CUST10475,2026-03-13,Wire,Debit,1925.82,Nigeria,1,CASE0206
TX315394,CUST10475,2026-02-15,Cash Withdrawal,Credit,28223.4,Mexico,0,CASE0206
TX309445,CUST10475,2026-06-29,Cash Deposit,Debit,826.41,United Kingdom,0,CASE0206
TX307493,CUST10475,2026-08-16,Card,Debit,3684.42,India,0,CASE0206
TX316189,CUST10475,2026-04-23,ACH,Credit,10654.23,India,0,CASE0206
TX319905,CUST10475,2026-09-05,P2P,Credit,3491.79,Turkey,1,CASE0206
TX307540,CUST10475,2026-03-25,ACH,Debit,887.75,Turkey,1,CASE0206
TX320472,CUST10475,2026-09-29,Card,Debit,22476.48,United Arab Emirates,1,CASE0206
TX313256,CUST10475,2026-08-16,Card,Debit,1926.62,Nigeria,1,CASE0206
TX320856,CUST10475,2026-07-27,ACH,Credit,27626.69,China,0,CASE0206
TX316986,CUST10475,2026-03-02,Cash Deposit,Debit,7104.95,United Arab Emirates,1,CASE0206
TX302321,CUST10475,2026-05-03,P2P,Credit,5460.63,Russia,1,CASE0206
TX318050,CUST10475,2026-07-18,P2P,Debit,22520.31,Russia,1,CASE0206
TX300098,CUST10475,2026-07-08,Cash Deposit,Debit,2675.63,Mexico,0,CASE0206
TX311443,CUST10475,2026-04-02,Card,Credit,2667.3,Nigeria,1,CASE0206
TX307535,CUST10308,2026-06-27,ACH,Credit,9014.69,Nigeria,1,CASE0207
TX310648,CUST10308,2026-06-30,Card,Debit,3076.9,Mexico,0,CASE0207
TX310007,CUST10308,2026-09-09,ACH,Debit,8722.76,China,0,CASE0207
TX311774,CUST10308,2026-03-19,ACH,Credit,8396.52,Turkey,1,CASE0207
TX318629,CUST10308,2026-07-16,ACH,Credit,16349.76,Mexico,0,CASE0207
TX304257,CUST10308,2026-01-23,Check,Credit,44482.24,India,0,CASE0207
TX309697,CUST10308,2026-01-06,Check,Debit,1408.23,Russia,1,CASE0207
TX312196,CUST10308,2026-08-07,Card,Credit,2721.98,United Arab Emirates,1,CASE0207
TX304992,CUST10308,2026-06-01,ACH,Credit,10587.63,Mexico,0,CASE0207
TX319931,CUST10308,2026-07-17,P2P,Debit,13856.88,United States,0,CASE0207
TX304702,CUST10308,2026-08-09,Cash Deposit,Credit,7291.78,Turkey,1,CASE0207
TX307599,CUST10308,2026-06-14,Check,Credit,10503.7,United States,0,CASE0207
TX316785,CUST10308,2026-06-21,Wire,Credit,6704.13,Canada,0,CASE0207
TX320998,CUST10308,2026-04-11,P2P,Credit,29198.33,Canada,0,CASE0207
TX302340,CUST10308,2026-05-15,Cash Withdrawal,Debit,9316.56,Turkey,1,CASE0207
TX306852,CUST10308,2026-08-20,Cash Deposit,Debit,7202.7,Nigeria,1,CASE0207
TX313926,CUST10308,2026-02-20,ACH,Debit,15634.35,India,0,CASE0207
TX318452,CUST10308,2026-09-14,Wire,Debit,1374.33,United Arab Emirates,1,CASE0207
TX320261,CUST10308,2026-06-15,P2P,Credit,5475.24,India,0,CASE0207
TX308014,CUST10308,2026-05-11,ACH,Credit,6630.37,India,0,CASE0207
TX302826,CUST10308,2026-02-11,Cash Withdrawal,Debit,10771.84,Mexico,0,CASE0207
TX309133,CUST10308,2026-02-06,Cash Deposit,Credit,92839.32,United Kingdom,0,CASE0207
TX307903,CUST10308,2026-04-12,Cash Withdrawal,Debit,3765.99,China,0,CASE0207
TX316757,CUST10308,2026-01-11,ACH,Credit,7126.44,India,0,CASE0207
TX318416,CUST10308,2026-01-19,ACH,Debit,7104.71,United States,0,CASE0207
TX302181,CUST10506,2026-05-06,ACH,Credit,29374.28,United Kingdom,0,CASE0208
TX318408,CUST10506,2026-01-20,ACH,Credit,19489.83,United States,0,CASE0208
TX307749,CUST10506,2026-09-27,Wire,Debit,9560.52,India,0,CASE0208
TX307794,CUST10506,2026-03-12,ACH,Debit,3236.83,United States,0,CASE0208
TX318789,CUST10506,2026-07-22,Check,Debit,5085.18,United Arab Emirates,1,CASE0208
TX312263,CUST10506,2026-04-13,Check,Credit,7035.85,United States,0,CASE0208
TX311072,CUST10506,2026-06-26,Check,Credit,15567.09,Canada,0,CASE0208
TX311597,CUST10506,2026-09-18,ACH,Debit,4470.17,Russia,1,CASE0208
TX316263,CUST10686,2026-07-07,Wire,Credit,6613.33,India,0,CASE0209
TX309770,CUST10686,2026-08-23,P2P,Debit,4316.76,India,0,CASE0209
TX312013,CUST10686,2026-06-15,Card,Credit,4407.68,Mexico,0,CASE0209
TX308714,CUST10686,2026-01-03,ACH,Debit,7658.52,Nigeria,1,CASE0209
TX319816,CUST10686,2026-06-15,Card,Debit,579.58,United Arab Emirates,1,CASE0209
TX309047,CUST10686,2026-08-28,Card,Credit,7297.86,Nigeria,1,CASE0209
TX307897,CUST10686,2026-01-15,ACH,Credit,493.12,Mexico,0,CASE0209
TX305457,CUST10686,2026-07-21,Wire,Credit,33070.94,Nigeria,1,CASE0209
TX320366,CUST10686,2026-06-15,P2P,Credit,4018.0,United Kingdom,0,CASE0209
TX313876,CUST10686,2026-05-09,Check,Credit,4062.95,India,0,CASE0209
TX302112,CUST10686,2026-04-30,Check,Credit,11656.26,Nigeria,1,CASE0209
TX311958,CUST10686,2026-09-13,Cash Deposit,Credit,11950.6,Nigeria,1,CASE0209
TX314245,CUST10686,2026-08-27,Wire,Debit,2492.69,Canada,0,CASE0209
TX318292,CUST10686,2026-06-04,P2P,Debit,19876.38,United Arab Emirates,1,CASE0209
TX315021,CUST10686,2026-05-15,Check,Debit,1897.87,United States,0,CASE0209
TX310291,CUST10686,2026-01-08,Wire,Credit,10911.88,Turkey,1,CASE0209
TX316295,CUST10686,2026-09-02,P2P,Debit,7496.54,United States,0,CASE0209
TX315348,CUST10686,2026-06-04,Card,Debit,18806.8,United States,0,CASE0209
TX321450,CUST10686,2026-06-13,Cash Deposit,Debit,12826.93,Canada,0,CASE0209
TX309168,CUST10686,2026-09-01,Cash Deposit,Debit,23792.81,Nigeria,1,CASE0209
TX312335,CUST10686,2026-01-10,Wire,Debit,15662.5,India,0,CASE0209
TX315133,CUST10686,2026-06-18,Cash Deposit,Debit,1357.26,China,0,CASE0209
TX318819,CUST10686,2026-09-21,Wire,Credit,2378.4,United Kingdom,0,CASE0209
TX314311,CUST10584,2026-07-17,ACH,Credit,2583.6,United States,0,CASE0210
TX317346,CUST10584,2026-06-25,Wire,Credit,1928.64,Russia,1,CASE0210
TX316601,CUST10584,2026-02-15,ACH,Credit,1772.43,Nigeria,1,CASE0210
TX313370,CUST10584,2026-03-16,Wire,Credit,981.86,China,0,CASE0210
TX310232,CUST10584,2026-03-16,Check,Credit,2164.19,Russia,1,CASE0210
TX301492,CUST10584,2026-08-08,Cash Deposit,Credit,11002.79,Mexico,0,CASE0210
TX303377,CUST10584,2026-06-12,Cash Withdrawal,Debit,3543.49,Turkey,1,CASE0210
TX300426,CUST10584,2026-07-24,ACH,Debit,14248.69,India,0,CASE0210
TX310636,CUST10584,2026-04-15,P2P,Debit,6195.36,United Kingdom,0,CASE0210
TX313548,CUST10584,2026-06-03,Card,Credit,8280.84,Nigeria,1,CASE0210
TX307233,CUST10584,2026-02-09,Cash Deposit,Debit,3084.58,Nigeria,1,CASE0210
TX317883,CUST10584,2026-03-15,P2P,Credit,16840.46,Nigeria,1,CASE0210
TX300613,CUST10584,2026-07-04,P2P,Credit,6859.73,Mexico,0,CASE0210
TX315271,CUST10584,2026-03-17,Wire,Debit,1575.31,Canada,0,CASE0210
TX316658,CUST10584,2026-06-30,Wire,Debit,4837.56,United States,0,CASE0210
TX312638,CUST10584,2026-01-03,Cash Deposit,Debit,1681.59,United Arab Emirates,1,CASE0210
TX303152,CUST10584,2026-04-04,ACH,Debit,24199.52,India,0,CASE0210
TX314481,CUST10584,2026-07-07,P2P,Debit,17770.14,Turkey,1,CASE0210
TX304581,CUST10584,2026-01-24,Check,Credit,36029.89,Canada,0,CASE0210
TX319054,CUST10584,2026-09-18,Check,Debit,7008.04,China,0,CASE0210
TX310555,CUST10584,2026-05-31,Cash Withdrawal,Credit,5987.9,Nigeria,1,CASE0210
TX320412,CUST10584,2026-06-19,Wire,Debit,13755.24,United Arab Emirates,1,CASE0210
TX305364,CUST10584,2026-03-30,Check,Debit,1181.99,Canada,0,CASE0210
TX303782,CUST10584,2026-05-11,Check,Credit,2714.81,Mexico,0,CASE0210
TX303234,CUST10584,2026-03-11,Wire,Credit,6059.24,Turkey,1,CASE0210
TX304624,CUST10349,2026-09-08,Wire,Debit,23144.51,Turkey,1,CASE0211
TX307582,CUST10349,2026-08-24,P2P,Credit,5912.46,United Arab Emirates,1,CASE0211
TX300475,CUST10349,2026-07-29,P2P,Debit,19429.59,China,0,CASE0211
TX312088,CUST10349,2026-06-07,Check,Credit,2407.28,Turkey,1,CASE0211
TX312892,CUST10349,2026-03-30,Cash Withdrawal,Credit,4436.45,India,0,CASE0211
TX317790,CUST10349,2026-08-18,Card,Debit,26909.49,Turkey,1,CASE0211
TX302395,CUST10349,2026-03-26,ACH,Credit,5937.49,United Kingdom,0,CASE0211
TX304615,CUST10349,2026-09-24,Cash Deposit,Credit,6865.39,Mexico,0,CASE0211
TX319809,CUST10349,2026-09-01,Check,Debit,7276.76,India,0,CASE0211
TX300113,CUST10349,2026-07-05,P2P,Credit,4682.84,Turkey,1,CASE0211
TX318849,CUST10349,2026-05-03,ACH,Credit,9407.92,Turkey,1,CASE0211
TX312147,CUST10349,2026-06-22,Card,Credit,1875.86,United States,0,CASE0211
TX308416,CUST10349,2026-04-14,Wire,Debit,18058.64,Canada,0,CASE0211
TX300147,CUST10349,2026-01-28,P2P,Credit,5428.32,China,0,CASE0211
TX315334,CUST10349,2026-03-17,P2P,Debit,9384.49,India,0,CASE0211
TX309812,CUST10349,2026-09-01,Cash Withdrawal,Credit,7505.32,Mexico,0,CASE0211
TX317934,CUST10349,2026-02-03,Cash Deposit,Credit,21153.18,Nigeria,1,CASE0211
TX321753,CUST10349,2026-07-31,Card,Credit,38813.53,United States,0,CASE0211
TX315746,CUST10349,2026-04-19,Cash Withdrawal,Credit,13534.23,Nigeria,1,CASE0211
TX305823,CUST10349,2026-03-28,Check,Credit,66257.2,China,0,CASE0211
TX300244,CUST10349,2026-08-07,Cash Withdrawal,Credit,14111.89,Turkey,1,CASE0211
TX321818,CUST10349,2026-09-22,Cash Withdrawal,Debit,13298.22,United States,0,CASE0211
TX303460,CUST10349,2026-08-28,Wire,Debit,9615.82,United Kingdom,0,CASE0211
TX321189,CUST10349,2026-03-06,Wire,Debit,794.58,Russia,1,CASE0211
TX314961,CUST10349,2026-08-09,P2P,Debit,11022.49,Turkey,1,CASE0211
TX316608,CUST10525,2026-04-15,Wire,Debit,4726.81,Turkey,1,CASE0212
TX321386,CUST10525,2026-04-03,Check,Debit,5489.18,Russia,1,CASE0212
TX321921,CUST10525,2026-05-15,Wire,Debit,3402.88,United Arab Emirates,1,CASE0212
TX320157,CUST10525,2026-03-08,P2P,Credit,4570.83,Mexico,0,CASE0212
TX302020,CUST10525,2026-04-12,P2P,Credit,1860.32,Russia,1,CASE0212
TX300126,CUST10525,2026-06-23,Wire,Credit,3291.26,Canada,0,CASE0212
TX312636,CUST10525,2026-09-04,Cash Deposit,Debit,13427.36,Canada,0,CASE0212
TX302025,CUST10525,2026-03-11,ACH,Debit,6266.78,China,0,CASE0212
TX320546,CUST10525,2026-01-04,Card,Credit,6093.54,Turkey,1,CASE0212
TX312041,CUST10525,2026-08-08,ACH,Debit,10904.92,Nigeria,1,CASE0212
TX307267,CUST10525,2026-04-11,Cash Withdrawal,Credit,5380.23,United Kingdom,0,CASE0212
TX313258,CUST10525,2026-06-15,Check,Debit,2231.69,India,0,CASE0212
TX308551,CUST10525,2026-07-01,Wire,Debit,2901.48,United Kingdom,0,CASE0212
TX301462,CUST10525,2026-07-01,Cash Withdrawal,Debit,2791.52,China,0,CASE0212
TX306654,CUST10525,2026-04-25,P2P,Credit,21330.81,United Arab Emirates,1,CASE0212
TX319262,CUST10525,2026-08-09,Wire,Debit,1882.35,Mexico,0,CASE0212
TX309311,CUST10525,2026-06-18,Cash Deposit,Credit,4884.17,United States,0,CASE0212
TX308443,CUST10525,2026-01-28,Wire,Credit,6331.63,United Kingdom,0,CASE0212
TX317261,CUST10525,2026-08-21,Card,Credit,9249.95,China,0,CASE0212
TX318128,CUST10525,2026-08-08,Cash Deposit,Debit,9097.22,Canada,0,CASE0212
TX319287,CUST10525,2026-04-25,Cash Deposit,Credit,23523.44,Canada,0,CASE0212
TX312718,CUST10525,2026-01-26,P2P,Debit,24393.35,China,0,CASE0212
TX317051,CUST10525,2026-04-21,Check,Debit,10689.01,China,0,CASE0212
TX318917,CUST10525,2026-03-07,Card,Debit,1599.67,China,0,CASE0212
TX312725,CUST10525,2026-07-01,Wire,Debit,7892.79,Canada,0,CASE0212
TX320311,CUST10071,2026-08-25,Wire,Credit,3342.75,United Arab Emirates,1,CASE0213
TX304568,CUST10071,2026-01-03,Wire,Debit,17124.2,United States,0,CASE0213
TX301668,CUST10071,2026-03-31,P2P,Debit,5661.09,Canada,0,CASE0213
TX315861,CUST10071,2026-01-09,Wire,Debit,4590.26,Mexico,0,CASE0213
TX303804,CUST10071,2026-01-15,Cash Deposit,Debit,5992.14,India,0,CASE0213
TX311227,CUST10071,2026-05-25,Wire,Credit,15022.37,Russia,1,CASE0213
TX318770,CUST10071,2026-05-19,Cash Withdrawal,Debit,16138.68,Canada,0,CASE0213
TX305922,CUST10071,2026-02-21,ACH,Credit,3346.65,Turkey,1,CASE0213
TX307368,CUST10071,2026-04-25,Card,Credit,10856.35,China,0,CASE0213
TX320069,CUST10071,2026-05-12,Cash Deposit,Credit,8065.39,Turkey,1,CASE0213
TX318915,CUST10071,2026-01-01,Wire,Credit,3870.67,United Kingdom,0,CASE0213
TX300086,CUST10071,2026-09-03,Cash Deposit,Credit,13747.18,India,0,CASE0213
TX306417,CUST10071,2026-03-29,Cash Deposit,Debit,7479.69,United States,0,CASE0213
TX303229,CUST10071,2026-07-19,Card,Credit,3035.95,Russia,1,CASE0213
TX314560,CUST10071,2026-04-02,Wire,Credit,1162.75,United Arab Emirates,1,CASE0213
TX313887,CUST10071,2026-04-29,P2P,Credit,4760.04,Russia,1,CASE0213
TX317501,CUST10071,2026-04-28,Card,Credit,4527.91,China,0,CASE0213
TX304813,CUST10071,2026-06-17,P2P,Debit,6857.29,United States,0,CASE0213
TX315557,CUST10071,2026-07-07,Wire,Credit,2617.4,Russia,1,CASE0213
TX300342,CUST10071,2026-01-16,Card,Debit,5475.02,United Arab Emirates,1,CASE0213
TX316240,CUST10071,2026-02-04,Wire,Debit,37077.82,United States,0,CASE0213
TX319031,CUST10071,2026-09-25,Check,Credit,5291.39,Canada,0,CASE0213
TX305936,CUST10071,2026-03-01,Wire,Credit,5465.13,United States,0,CASE0213
TX320009,CUST10071,2026-06-12,P2P,Credit,5147.32,Canada,0,CASE0213
TX320709,CUST10071,2026-09-08,Wire,Debit,1165.1,Turkey,1,CASE0213
TX301603,CUST10552,2026-04-18,Cash Deposit,Credit,26676.79,India,0,CASE0214
TX310957,CUST10552,2026-04-09,Card,Credit,6180.62,Mexico,0,CASE0214
TX302464,CUST10552,2026-06-05,P2P,Debit,8031.24,Russia,1,CASE0214
TX303827,CUST10552,2026-06-13,ACH,Credit,13227.39,Canada,0,CASE0214
TX304246,CUST10552,2026-07-18,ACH,Credit,2366.9,Canada,0,CASE0214
TX301222,CUST10552,2026-07-14,Wire,Debit,5879.15,Turkey,1,CASE0214
TX313936,CUST10552,2026-08-26,Cash Deposit,Credit,8533.74,China,0,CASE0214
TX311231,CUST10552,2026-02-07,Wire,Debit,20349.52,Mexico,0,CASE0214
TX307908,CUST10552,2026-02-10,P2P,Debit,6230.14,Turkey,1,CASE0214
TX302444,CUST10552,2026-02-13,Card,Credit,10577.4,Nigeria,1,CASE0214
TX300022,CUST10552,2026-03-13,Cash Deposit,Credit,705.75,United Kingdom,0,CASE0214
TX305893,CUST10552,2026-09-17,Check,Debit,4564.44,Mexico,0,CASE0214
TX303009,CUST10552,2026-07-25,Wire,Credit,11528.67,United States,0,CASE0214
TX308222,CUST10552,2026-05-28,Wire,Credit,6449.82,United Kingdom,0,CASE0214
TX303905,CUST10552,2026-03-13,Cash Deposit,Credit,33222.01,Nigeria,1,CASE0214
TX310661,CUST10552,2026-02-27,P2P,Debit,2737.74,United States,0,CASE0214
TX309476,CUST10552,2026-07-08,Wire,Debit,4599.91,Nigeria,1,CASE0214
TX318450,CUST10552,2026-08-25,Cash Deposit,Credit,4409.86,United Arab Emirates,1,CASE0214
TX316818,CUST10257,2026-07-11,ACH,Credit,2162.13,United Arab Emirates,1,CASE0215
TX310154,CUST10257,2026-05-28,Wire,Credit,6935.3,United States,0,CASE0215
TX310615,CUST10257,2026-07-23,P2P,Credit,2471.58,Turkey,1,CASE0215
TX318732,CUST10257,2026-09-15,Card,Debit,2729.97,United Kingdom,0,CASE0215
TX304045,CUST10257,2026-09-12,Card,Debit,6277.6,United Kingdom,0,CASE0215
TX318051,CUST10257,2026-07-02,ACH,Credit,8618.69,Mexico,0,CASE0215
TX309621,CUST10257,2026-02-13,P2P,Debit,13717.0,United Kingdom,0,CASE0215
TX303953,CUST10257,2026-08-10,Card,Credit,11841.09,Russia,1,CASE0215
TX319327,CUST10257,2026-09-11,Wire,Credit,2056.41,Mexico,0,CASE0215
TX310650,CUST10257,2026-08-27,P2P,Debit,8507.84,United Kingdom,0,CASE0215
TX311523,CUST10257,2026-02-21,P2P,Credit,3022.8,China,0,CASE0215
TX307455,CUST10257,2026-03-18,Wire,Debit,13659.48,Turkey,1,CASE0215
TX309388,CUST10257,2026-09-05,Wire,Credit,5853.61,United Arab Emirates,1,CASE0215
TX306747,CUST10257,2026-09-11,P2P,Debit,15063.57,China,0,CASE0215
TX303172,CUST10257,2026-07-26,Cash Deposit,Debit,791.46,United Arab Emirates,1,CASE0215
TX312160,CUST10257,2026-03-03,Wire,Debit,2699.21,United Kingdom,0,CASE0215
TX310700,CUST10257,2026-07-13,Check,Debit,1646.77,United Arab Emirates,1,CASE0215
TX300578,CUST10257,2026-03-31,ACH,Debit,25809.99,Turkey,1,CASE0215
TX318442,CUST10257,2026-06-22,Wire,Credit,8906.99,Turkey,1,CASE0215
TX306493,CUST10219,2026-07-24,Cash Deposit,Credit,11057.73,United Arab Emirates,1,CASE0216
TX309609,CUST10219,2026-09-26,P2P,Debit,3098.0,Russia,1,CASE0216
TX313326,CUST10219,2026-01-16,Wire,Credit,38534.55,Turkey,1,CASE0216
TX301485,CUST10219,2026-09-24,Check,Debit,6203.48,United States,0,CASE0216
TX321998,CUST10219,2026-06-27,Cash Deposit,Debit,3536.3,Canada,0,CASE0216
TX310959,CUST10219,2026-05-21,Wire,Debit,59331.56,India,0,CASE0216
TX318799,CUST10219,2026-04-16,Cash Withdrawal,Credit,4712.12,Canada,0,CASE0216
TX313783,CUST10219,2026-03-05,ACH,Debit,6248.25,United Kingdom,0,CASE0216
TX320556,CUST10219,2026-01-05,P2P,Credit,22101.1,United Kingdom,0,CASE0216
TX307175,CUST10219,2026-06-18,Check,Credit,6362.0,Russia,1,CASE0216
TX316458,CUST10219,2026-05-22,ACH,Credit,7198.49,Russia,1,CASE0216
TX302955,CUST10219,2026-06-13,P2P,Debit,1409.09,United Kingdom,0,CASE0216
TX304997,CUST10219,2026-06-11,Cash Withdrawal,Credit,1242.75,India,0,CASE0216
TX319056,CUST10219,2026-01-19,Check,Debit,4638.27,Nigeria,1,CASE0216
TX315451,CUST10219,2026-09-16,Cash Withdrawal,Credit,23230.11,Nigeria,1,CASE0216
TX307038,CUST10219,2026-06-13,Check,Debit,4365.65,Russia,1,CASE0216
TX309935,CUST10219,2026-07-13,ACH,Debit,2090.79,China,0,CASE0216
TX319487,CUST10219,2026-02-20,Wire,Debit,13624.62,Mexico,0,CASE0216
TX316618,CUST10219,2026-01-02,ACH,Debit,7042.32,China,0,CASE0216
TX302693,CUST10219,2026-03-21,Cash Withdrawal,Credit,1002.0,Turkey,1,CASE0216
TX303346,CUST10219,2026-01-09,Wire,Debit,22893.73,China,0,CASE0216
TX319020,CUST10219,2026-03-29,Wire,Credit,12085.16,Mexico,0,CASE0216
TX318475,CUST10219,2026-07-06,Card,Debit,10533.0,Nigeria,1,CASE0216
TX308251,CUST10219,2026-04-03,ACH,Credit,1095.63,United Kingdom,0,CASE0216
TX321739,CUST10219,2026-06-25,ACH,Debit,2763.74,Nigeria,1,CASE0216
TX315019,CUST10291,2026-02-06,ACH,Debit,4071.91,United Kingdom,0,CASE0217
TX321127,CUST10291,2026-02-23,Card,Debit,9634.18,United Kingdom,0,CASE0217
TX321341,CUST10291,2026-09-26,Card,Debit,2002.54,Russia,1,CASE0217
TX319400,CUST10291,2026-01-04,ACH,Debit,14534.3,United States,0,CASE0217
TX300946,CUST10291,2026-02-24,ACH,Debit,7564.32,India,0,CASE0217
TX300561,CUST10291,2026-07-22,ACH,Credit,16304.28,United Kingdom,0,CASE0217
TX309399,CUST10291,2026-08-27,Cash Deposit,Credit,5714.1,Russia,1,CASE0217
TX301013,CUST10291,2026-09-10,Cash Deposit,Credit,11103.13,United States,0,CASE0217
TX319689,CUST10291,2026-02-20,Cash Withdrawal,Credit,465.76,Russia,1,CASE0217
TX307235,CUST10291,2026-05-04,Check,Credit,23156.55,Turkey,1,CASE0217
TX304078,CUST10291,2026-06-19,Wire,Credit,8646.95,China,0,CASE0217
TX312243,CUST10291,2026-02-16,Wire,Debit,9186.31,Canada,0,CASE0217
TX305682,CUST10291,2026-08-27,Card,Debit,5713.27,United Arab Emirates,1,CASE0217
TX300574,CUST10291,2026-06-02,ACH,Debit,11837.22,Canada,0,CASE0217
TX302158,CUST10291,2026-08-23,P2P,Credit,11846.94,Mexico,0,CASE0217
TX317919,CUST10291,2026-04-26,Wire,Credit,3842.59,Canada,0,CASE0217
TX306882,CUST10291,2026-02-12,Card,Debit,8368.6,Russia,1,CASE0217
TX305401,CUST10291,2026-06-05,Wire,Debit,13192.27,United States,0,CASE0217
TX315315,CUST10291,2026-09-28,Wire,Debit,4234.04,United States,0,CASE0217
TX315328,CUST10291,2026-04-21,Cash Withdrawal,Debit,27635.62,India,0,CASE0217
TX318996,CUST10291,2026-09-30,Cash Deposit,Credit,7798.98,Russia,1,CASE0217
TX310917,CUST10291,2026-01-03,P2P,Credit,6981.71,China,0,CASE0217
TX315096,CUST10291,2026-08-11,Wire,Credit,9116.03,Nigeria,1,CASE0217
TX315670,CUST10291,2026-01-21,Wire,Debit,2895.57,Mexico,0,CASE0217
TX316499,CUST10291,2026-02-04,Check,Debit,3012.6,United Kingdom,0,CASE0217
TX303992,CUST10415,2026-02-13,ACH,Debit,732.61,United Kingdom,0,CASE0218
TX305927,CUST10415,2026-03-01,Check,Debit,31011.95,Nigeria,1,CASE0218
TX311633,CUST10415,2026-09-21,P2P,Credit,4395.28,United Kingdom,0,CASE0218
TX305640,CUST10415,2026-03-12,Wire,Debit,3674.6,Canada,0,CASE0218
TX314242,CUST10415,2026-04-02,Card,Credit,9363.31,Canada,0,CASE0218
TX301093,CUST10415,2026-08-02,P2P,Debit,2575.36,United States,0,CASE0218
TX306282,CUST10415,2026-08-22,Card,Credit,19070.56,Russia,1,CASE0218
TX317132,CUST10415,2026-08-15,Wire,Credit,2833.32,Russia,1,CASE0218
TX313798,CUST10415,2026-03-01,Check,Debit,31720.57,Canada,0,CASE0218
TX309013,CUST10415,2026-06-24,Wire,Debit,19237.82,India,0,CASE0218
TX304333,CUST10415,2026-01-13,P2P,Credit,15616.5,United States,0,CASE0218
TX302504,CUST10415,2026-06-15,ACH,Credit,12497.3,Turkey,1,CASE0218
TX305636,CUST10415,2026-04-04,P2P,Credit,1922.48,Turkey,1,CASE0218
TX307769,CUST10415,2026-06-01,Check,Debit,3078.02,Canada,0,CASE0218
TX307913,CUST10415,2026-03-13,P2P,Debit,4755.51,Canada,0,CASE0218
TX304258,CUST10415,2026-01-04,Cash Withdrawal,Credit,3151.42,Nigeria,1,CASE0218
TX306773,CUST10415,2026-07-04,P2P,Debit,2123.72,Russia,1,CASE0218
TX318747,CUST10415,2026-06-08,Wire,Debit,12973.7,United States,0,CASE0218
TX319468,CUST10415,2026-08-18,Check,Debit,6460.12,United Kingdom,0,CASE0218
TX307278,CUST10338,2026-08-12,ACH,Credit,256470.44,Nigeria,1,CASE0219
TX310099,CUST10338,2026-05-23,Wire,Debit,37831.35,Canada,0,CASE0219
TX306771,CUST10338,2026-08-09,Cash Deposit,Credit,7313.18,Mexico,0,CASE0219
TX317172,CUST10338,2026-07-06,ACH,Credit,4264.42,China,0,CASE0219
TX320236,CUST10338,2026-02-04,Cash Deposit,Credit,4399.54,China,0,CASE0219
TX302889,CUST10338,2026-04-09,ACH,Credit,2023.72,Turkey,1,CASE0219
TX317464,CUST10338,2026-03-29,ACH,Credit,2382.77,Mexico,0,CASE0219
TX316311,CUST10338,2026-09-05,Card,Credit,6544.58,Canada,0,CASE0219
TX303545,CUST10338,2026-03-15,Wire,Debit,4297.23,Canada,0,CASE0219
TX309765,CUST10338,2026-06-14,Wire,Debit,18093.98,Nigeria,1,CASE0219
TX304960,CUST10338,2026-07-02,ACH,Debit,7132.54,India,0,CASE0219
TX313222,CUST10338,2026-03-09,Check,Debit,5571.42,United States,0,CASE0219
TX305244,CUST10338,2026-01-27,Wire,Credit,16216.89,Turkey,1,CASE0219
TX320217,CUST10338,2026-07-30,Check,Credit,7878.41,United Kingdom,0,CASE0219
TX301937,CUST10338,2026-05-27,ACH,Credit,14357.9,Mexico,0,CASE0219
TX321130,CUST10338,2026-03-31,Wire,Credit,1858.25,Nigeria,1,CASE0219
TX303136,CUST10338,2026-06-20,Cash Deposit,Debit,6876.73,United Kingdom,0,CASE0219
TX314668,CUST10338,2026-04-05,P2P,Credit,2587.84,Nigeria,1,CASE0219
TX317284,CUST10588,2026-07-16,Wire,Credit,10451.86,China,0,CASE0220
TX309710,CUST10588,2026-07-25,Wire,Debit,31229.53,United States,0,CASE0220
TX311395,CUST10588,2026-02-05,Card,Credit,1530.13,Turkey,1,CASE0220
TX315318,CUST10588,2026-01-21,ACH,Debit,1332.0,China,0,CASE0220
TX317634,CUST10588,2026-07-20,P2P,Credit,7003.24,United States,0,CASE0220
TX312385,CUST10588,2026-08-27,P2P,Credit,2587.53,Russia,1,CASE0220
TX309610,CUST10588,2026-04-30,Check,Debit,9050.65,China,0,CASE0220
TX318411,CUST10588,2026-03-29,Cash Deposit,Debit,4471.91,China,0,CASE0220
TX310361,CUST10588,2026-09-04,Wire,Debit,6644.47,Mexico,0,CASE0220
TX318009,CUST10588,2026-09-13,P2P,Debit,19300.99,United Arab Emirates,1,CASE0220
TX315917,CUST10588,2026-09-12,Card,Debit,32728.3,Nigeria,1,CASE0220
TX304509,CUST10588,2026-07-13,ACH,Debit,7039.57,Mexico,0,CASE0220
TX312280,CUST10588,2026-08-26,Cash Deposit,Debit,1706.06,Nigeria,1,CASE0220
TX310538,CUST10588,2026-01-04,Cash Deposit,Credit,12527.88,Turkey,1,CASE0220
TX314466,CUST10588,2026-06-08,Cash Deposit,Credit,13469.9,China,0,CASE0220
TX307775,CUST10588,2026-07-05,Wire,Credit,935.45,United Arab Emirates,1,CASE0220
TX309262,CUST10588,2026-08-14,Wire,Credit,15254.85,Canada,0,CASE0220
TX320007,CUST10588,2026-03-25,P2P,Credit,2592.27,Nigeria,1,CASE0220
TX308499,CUST10588,2026-02-27,P2P,Credit,34336.68,India,0,CASE0220
TX304418,CUST10588,2026-09-03,P2P,Credit,14442.72,Russia,1,CASE0220
TX320743,CUST10588,2026-03-19,Wire,Debit,1751.4,United Arab Emirates,1,CASE0220
TX318112,CUST10588,2026-05-20,P2P,Credit,31450.06,Canada,0,CASE0220
TX314293,CUST10588,2026-01-26,Cash Withdrawal,Debit,4904.62,Russia,1,CASE0220
TX319901,CUST10588,2026-04-10,ACH,Credit,4877.71,Turkey,1,CASE0220
TX301143,CUST10588,2026-01-08,Card,Credit,3482.12,Turkey,1,CASE0220
TX316474,CUST10596,2026-02-07,ACH,Credit,1537.03,Turkey,1,CASE0221
TX306187,CUST10596,2026-09-09,Cash Deposit,Credit,1561.97,India,0,CASE0221
TX310086,CUST10596,2026-09-26,Cash Deposit,Debit,4184.22,United States,0,CASE0221
TX302267,CUST10596,2026-08-04,Wire,Credit,5165.37,Russia,1,CASE0221
TX320638,CUST10596,2026-07-03,P2P,Credit,13260.9,Russia,1,CASE0221
TX306516,CUST10596,2026-04-08,ACH,Credit,2353.71,United Kingdom,0,CASE0221
TX317470,CUST10596,2026-02-13,Wire,Debit,11415.29,Canada,0,CASE0221
TX306411,CUST10596,2026-04-27,Wire,Debit,1893.74,United Kingdom,0,CASE0221
TX320677,CUST10596,2026-02-01,P2P,Debit,21369.64,Mexico,0,CASE0221
TX302229,CUST10596,2026-08-10,ACH,Debit,13270.62,Canada,0,CASE0221
TX316448,CUST10596,2026-02-08,Wire,Credit,2498.89,Mexico,0,CASE0221
TX306314,CUST10596,2026-06-15,Cash Withdrawal,Debit,594.05,Nigeria,1,CASE0221
TX307045,CUST10596,2026-07-08,P2P,Debit,8250.46,China,0,CASE0221
TX301417,CUST10596,2026-02-10,Cash Deposit,Credit,8670.41,Nigeria,1,CASE0221
TX302105,CUST10596,2026-04-21,Cash Deposit,Credit,10472.02,Mexico,0,CASE0221
TX302212,CUST10596,2026-05-07,P2P,Credit,30012.18,United States,0,CASE0221
TX317880,CUST10596,2026-03-18,ACH,Credit,16864.71,Russia,1,CASE0221
TX306440,CUST10596,2026-07-28,ACH,Credit,4755.48,United Kingdom,0,CASE0221
TX321188,CUST10596,2026-04-19,Card,Credit,6145.67,United Kingdom,0,CASE0221
TX315865,CUST10596,2026-06-16,Wire,Credit,1571.34,United Kingdom,0,CASE0221
TX308159,CUST10596,2026-03-13,Wire,Credit,15763.71,Mexico,0,CASE0221
TX303904,CUST10666,2026-07-01,Card,Debit,1054.75,United Arab Emirates,1,CASE0222
TX320416,CUST10666,2026-02-15,Cash Deposit,Debit,1696.66,United Arab Emirates,1,CASE0222
TX304618,CUST10666,2026-09-27,Cash Withdrawal,Credit,12621.57,United States,0,CASE0222
TX306217,CUST10666,2026-08-28,Check,Credit,21572.53,Canada,0,CASE0222
TX306809,CUST10666,2026-07-12,Card,Credit,1564.87,China,0,CASE0222
TX301533,CUST10666,2026-09-14,ACH,Debit,3020.06,Canada,0,CASE0222
TX305615,CUST10666,2026-01-13,Card,Credit,3262.44,China,0,CASE0222
TX313079,CUST10666,2026-09-03,Wire,Debit,1003.36,Nigeria,1,CASE0222
TX305866,CUST10666,2026-05-16,Check,Debit,5144.93,Turkey,1,CASE0222
TX313460,CUST10666,2026-08-22,Check,Credit,13107.42,United Arab Emirates,1,CASE0222
TX317523,CUST10666,2026-08-20,P2P,Debit,5273.7,United Arab Emirates,1,CASE0222
TX304248,CUST10666,2026-08-02,Cash Deposit,Debit,13067.56,India,0,CASE0222
TX300549,CUST10666,2026-06-27,Wire,Credit,9300.3,United Kingdom,0,CASE0222
TX306446,CUST10666,2026-03-30,Wire,Debit,11335.69,Russia,1,CASE0222
TX305350,CUST10666,2026-04-10,Cash Deposit,Credit,29562.9,United Arab Emirates,1,CASE0222
TX313236,CUST10666,2026-01-24,Wire,Credit,3657.52,Russia,1,CASE0222
TX308520,CUST10666,2026-03-03,Wire,Credit,4738.93,Turkey,1,CASE0222
TX312939,CUST10666,2026-01-30,Wire,Debit,27873.46,Russia,1,CASE0222
TX311838,CUST10666,2026-07-29,Card,Debit,6876.83,Canada,0,CASE0222
TX317343,CUST10666,2026-06-13,Wire,Credit,1626.46,Mexico,0,CASE0222
TX304431,CUST10066,2026-02-13,Wire,Credit,5599.79,Mexico,0,CASE0223
TX306444,CUST10066,2026-07-15,Wire,Debit,9035.97,Nigeria,1,CASE0223
TX316168,CUST10066,2026-08-16,Wire,Debit,3997.47,United States,0,CASE0223
TX305549,CUST10066,2026-04-16,P2P,Credit,9742.77,United Arab Emirates,1,CASE0223
TX313990,CUST10066,2026-05-17,Wire,Credit,7569.09,Canada,0,CASE0223
TX302010,CUST10066,2026-07-07,P2P,Credit,2055.68,Canada,0,CASE0223
TX313479,CUST10066,2026-03-04,Cash Deposit,Debit,6216.44,United Kingdom,0,CASE0223
TX303269,CUST10066,2026-09-04,ACH,Credit,1929.22,United Kingdom,0,CASE0223
TX306923,CUST10066,2026-01-06,P2P,Credit,12623.84,Nigeria,1,CASE0223
TX304412,CUST10066,2026-06-27,Wire,Credit,5727.33,United Kingdom,0,CASE0223
TX303299,CUST10066,2026-09-07,Check,Credit,4775.61,Canada,0,CASE0223
TX307998,CUST10066,2026-09-30,Wire,Credit,7936.0,Turkey,1,CASE0223
TX303398,CUST10066,2026-08-03,Wire,Credit,6869.36,United States,0,CASE0223
TX308855,CUST10066,2026-06-22,ACH,Credit,2344.01,Mexico,0,CASE0223
TX311701,CUST10066,2026-06-01,ACH,Debit,6992.64,United Arab Emirates,1,CASE0223
TX307783,CUST10066,2026-04-22,Check,Credit,8089.92,United States,0,CASE0223
TX312026,CUST10066,2026-06-20,P2P,Credit,2672.05,Nigeria,1,CASE0223
TX308290,CUST10066,2026-06-05,Card,Credit,9180.99,China,0,CASE0223
TX314999,CUST10066,2026-08-31,Check,Credit,778.96,United States,0,CASE0223
TX315185,CUST10066,2026-09-02,Cash Deposit,Credit,9123.81,Russia,1,CASE0223
TX309928,CUST10066,2026-02-14,Cash Withdrawal,Credit,5448.43,Mexico,0,CASE0223
TX317253,CUST10066,2026-03-11,Check,Debit,10388.93,Russia,1,CASE0223
TX305758,CUST10066,2026-01-09,P2P,Credit,3715.43,Canada,0,CASE0223
TX301112,CUST10066,2026-05-17,Wire,Debit,12538.22,Turkey,1,CASE0223
TX303531,CUST10066,2026-06-20,Wire,Credit,6687.41,United States,0,CASE0223
TX320486,CUST10673,2026-09-13,Wire,Credit,2859.5,Turkey,1,CASE0224
TX313942,CUST10673,2026-07-17,ACH,Debit,3204.96,Mexico,0,CASE0224
TX314468,CUST10673,2026-07-30,Cash Deposit,Debit,20887.19,United Arab Emirates,1,CASE0224
TX318182,CUST10673,2026-05-15,ACH,Credit,11616.26,India,0,CASE0224
TX320821,CUST10673,2026-07-28,Cash Withdrawal,Debit,5148.38,United States,0,CASE0224
TX315745,CUST10673,2026-06-23,Check,Credit,2723.32,Mexico,0,CASE0224
TX313774,CUST10673,2026-08-31,Wire,Debit,15197.52,Canada,0,CASE0224
TX321088,CUST10673,2026-09-12,Card,Credit,5704.61,Nigeria,1,CASE0224
TX313982,CUST10673,2026-02-12,Check,Credit,13484.18,India,0,CASE0224
TX320956,CUST10673,2026-09-13,ACH,Debit,22448.16,Nigeria,1,CASE0224
TX319762,CUST10673,2026-07-14,P2P,Credit,32547.95,Nigeria,1,CASE0224
TX302708,CUST10673,2026-01-21,Card,Credit,1466.31,United States,0,CASE0224
TX315307,CUST10673,2026-05-11,Cash Deposit,Credit,15423.3,China,0,CASE0224
TX314328,CUST10673,2026-09-06,P2P,Credit,16268.91,United Arab Emirates,1,CASE0224
TX317514,CUST10673,2026-08-06,Wire,Credit,3258.04,Turkey,1,CASE0224
TX305423,CUST10673,2026-09-22,P2P,Credit,2054.75,United Arab Emirates,1,CASE0224
TX310875,CUST10673,2026-03-08,P2P,Debit,8247.6,United Arab Emirates,1,CASE0224
TX321545,CUST10673,2026-06-04,Cash Withdrawal,Credit,7419.26,India,0,CASE0224
TX309107,CUST10673,2026-04-26,Wire,Credit,27117.63,United States,0,CASE0224
TX301625,CUST10673,2026-09-15,Wire,Debit,10088.6,China,0,CASE0224
TX321898,CUST10673,2026-03-15,Cash Withdrawal,Credit,7927.77,United States,0,CASE0224
TX321014,CUST10673,2026-06-04,Card,Credit,17970.19,Turkey,1,CASE0224
TX317042,CUST10673,2026-06-06,Check,Credit,1254.79,Turkey,1,CASE0224
TX300164,CUST10673,2026-07-30,ACH,Credit,372.88,India,0,CASE0224
TX304602,CUST10673,2026-07-09,ACH,Debit,31901.5,Turkey,1,CASE0224
TX317741,CUST10620,2026-05-22,Wire,Debit,7523.35,Canada,0,CASE0225
TX317201,CUST10620,2026-01-06,Card,Debit,3825.82,India,0,CASE0225
TX300786,CUST10620,2026-07-17,Card,Credit,1697.72,India,0,CASE0225
TX313266,CUST10620,2026-01-31,ACH,Credit,10623.5,United States,0,CASE0225
TX308721,CUST10620,2026-04-05,Cash Withdrawal,Debit,13953.72,Russia,1,CASE0225
TX306974,CUST10620,2026-07-09,ACH,Credit,9862.39,Russia,1,CASE0225
TX300860,CUST10620,2026-05-21,P2P,Credit,2734.23,United Arab Emirates,1,CASE0225
TX315354,CUST10620,2026-04-01,Cash Deposit,Credit,6995.65,Canada,0,CASE0225
TX306693,CUST10620,2026-02-17,Wire,Credit,1804.88,United States,0,CASE0225
TX301482,CUST10620,2026-01-09,Cash Deposit,Debit,7748.58,United Arab Emirates,1,CASE0225
TX311174,CUST10620,2026-04-15,Wire,Debit,12993.05,United States,0,CASE0225
TX304329,CUST10620,2026-03-13,ACH,Debit,3900.62,Canada,0,CASE0225
TX312723,CUST10620,2026-05-13,ACH,Credit,4394.65,Mexico,0,CASE0225
TX316782,CUST10620,2026-07-28,ACH,Debit,8558.65,Canada,0,CASE0225
TX310332,CUST10620,2026-01-30,Card,Debit,2063.33,India,0,CASE0225
TX317427,CUST10620,2026-08-05,Check,Debit,3430.11,United Kingdom,0,CASE0225
TX317525,CUST10620,2026-07-05,P2P,Debit,10272.37,China,0,CASE0225
TX317117,CUST10620,2026-08-04,ACH,Debit,6002.93,India,0,CASE0225
TX318891,CUST10620,2026-03-14,Cash Deposit,Debit,3959.45,United Arab Emirates,1,CASE0225
TX308736,CUST10620,2026-05-26,Cash Deposit,Credit,5610.33,Turkey,1,CASE0225
TX300206,CUST10620,2026-07-23,ACH,Debit,21617.13,Canada,0,CASE0225
TX305105,CUST10620,2026-05-28,Check,Credit,15367.93,United Kingdom,0,CASE0225
TX302130,CUST10502,2026-04-04,Check,Debit,17298.03,Russia,1,CASE0226
TX314379,CUST10502,2026-02-05,ACH,Credit,9439.8,United States,0,CASE0226
TX316518,CUST10502,2026-01-12,Cash Deposit,Credit,5087.37,Canada,0,CASE0226
TX313666,CUST10502,2026-08-06,ACH,Debit,2445.99,Nigeria,1,CASE0226
TX314367,CUST10502,2026-02-16,Cash Withdrawal,Credit,3630.65,United Kingdom,0,CASE0226
TX313524,CUST10502,2026-01-20,Cash Deposit,Credit,4144.78,Nigeria,1,CASE0226
TX317220,CUST10502,2026-09-25,Cash Deposit,Debit,4425.02,India,0,CASE0226
TX303826,CUST10502,2026-02-17,Wire,Credit,21954.4,China,0,CASE0226
TX321329,CUST10502,2026-05-24,Wire,Debit,9811.39,China,0,CASE0226
TX318004,CUST10502,2026-08-10,Check,Debit,9058.68,Nigeria,1,CASE0226
TX313107,CUST10502,2026-07-01,Wire,Debit,7204.8,China,0,CASE0226
TX305037,CUST10502,2026-01-29,ACH,Credit,8334.57,United Arab Emirates,1,CASE0226
TX309899,CUST10502,2026-09-27,Wire,Debit,3587.93,Canada,0,CASE0226
TX314495,CUST10502,2026-08-07,Wire,Debit,2828.22,United Arab Emirates,1,CASE0226
TX319654,CUST10502,2026-07-16,Check,Credit,4169.81,Turkey,1,CASE0226
TX318641,CUST10502,2026-04-24,Wire,Debit,2706.91,Mexico,0,CASE0226
TX300913,CUST10502,2026-05-22,Cash Withdrawal,Debit,972.2,Canada,0,CASE0226
TX310479,CUST10502,2026-03-08,ACH,Debit,5681.86,Turkey,1,CASE0226
TX310989,CUST10502,2026-05-30,Wire,Debit,14959.32,Mexico,0,CASE0226
TX318777,CUST10502,2026-07-03,Cash Deposit,Credit,3596.22,China,0,CASE0226
TX320330,CUST10502,2026-09-02,Check,Debit,7377.88,United States,0,CASE0226
TX313432,CUST10502,2026-05-31,ACH,Debit,45058.26,Canada,0,CASE0226
TX300985,CUST10502,2026-08-12,Card,Debit,4403.02,Canada,0,CASE0226
TX315242,CUST10502,2026-08-21,P2P,Credit,5759.16,Nigeria,1,CASE0226
TX319003,CUST10502,2026-03-05,P2P,Debit,9027.19,United Kingdom,0,CASE0226
TX301079,CUST10403,2026-03-19,ACH,Credit,3338.49,Russia,1,CASE0227
TX302881,CUST10403,2026-02-20,Cash Withdrawal,Credit,1493.4,United States,0,CASE0227
TX303445,CUST10403,2026-04-19,Cash Withdrawal,Debit,2811.02,Canada,0,CASE0227
TX313487,CUST10403,2026-06-29,ACH,Debit,9293.13,United States,0,CASE0227
TX321869,CUST10403,2026-05-14,Cash Withdrawal,Credit,3182.78,Mexico,0,CASE0227
TX313757,CUST10403,2026-03-07,P2P,Credit,9903.22,Russia,1,CASE0227
TX318159,CUST10403,2026-01-10,Wire,Credit,5199.78,Turkey,1,CASE0227
TX314676,CUST10403,2026-02-10,Wire,Credit,1329.27,China,0,CASE0227
TX311980,CUST10403,2026-09-11,P2P,Debit,10608.2,Canada,0,CASE0227
TX313199,CUST10403,2026-05-31,P2P,Debit,7750.05,United Kingdom,0,CASE0227
TX315472,CUST10403,2026-04-24,ACH,Debit,15969.14,Canada,0,CASE0227
TX309671,CUST10403,2026-03-20,Wire,Debit,40486.32,Russia,1,CASE0227
TX309965,CUST10403,2026-03-28,P2P,Debit,6886.2,Canada,0,CASE0227
TX300787,CUST10403,2026-05-02,P2P,Debit,3301.65,Nigeria,1,CASE0227
TX320407,CUST10403,2026-01-20,Wire,Debit,2072.68,Nigeria,1,CASE0227
TX301568,CUST10403,2026-09-20,Cash Deposit,Debit,1964.43,Nigeria,1,CASE0227
TX320087,CUST10403,2026-07-20,Cash Deposit,Credit,15384.21,China,0,CASE0227
TX318094,CUST10403,2026-06-27,Check,Debit,8266.6,Russia,1,CASE0227
TX313427,CUST10403,2026-04-02,ACH,Credit,5440.95,United States,0,CASE0227
TX318275,CUST10403,2026-07-12,Wire,Debit,5112.77,China,0,CASE0227
TX318768,CUST10403,2026-05-06,Cash Withdrawal,Debit,6141.3,Russia,1,CASE0227
TX318803,CUST10403,2026-05-06,P2P,Debit,8554.59,Canada,0,CASE0227
TX310477,CUST10403,2026-03-25,Cash Deposit,Credit,7693.51,India,0,CASE0227
TX309300,CUST10403,2026-08-30,P2P,Debit,7166.53,India,0,CASE0227
TX317369,CUST10885,2026-06-01,Wire,Credit,5026.11,Turkey,1,CASE0228
TX317488,CUST10885,2026-08-03,Check,Credit,5332.19,United States,0,CASE0228
TX316373,CUST10885,2026-04-06,Wire,Debit,734.92,Mexico,0,CASE0228
TX306879,CUST10885,2026-05-14,ACH,Debit,59433.88,United Kingdom,0,CASE0228
TX319728,CUST10885,2026-03-06,Wire,Debit,30995.82,Canada,0,CASE0228
TX320399,CUST10885,2026-08-05,ACH,Debit,2576.65,Canada,0,CASE0228
TX308730,CUST10885,2026-06-27,Card,Debit,4471.91,Mexico,0,CASE0228
TX311766,CUST10885,2026-01-06,ACH,Debit,14302.3,Nigeria,1,CASE0228
TX321593,CUST10885,2026-03-06,Cash Withdrawal,Credit,3216.53,Nigeria,1,CASE0228
TX319971,CUST10885,2026-08-30,Wire,Debit,7509.55,India,0,CASE0228
TX303901,CUST10885,2026-03-02,Wire,Credit,7988.15,United Kingdom,0,CASE0228
TX303783,CUST10885,2026-03-05,Card,Debit,8725.2,Nigeria,1,CASE0228
TX306629,CUST10885,2026-08-12,Wire,Credit,31018.5,Canada,0,CASE0228
TX311805,CUST10885,2026-04-22,Cash Deposit,Credit,6833.11,Turkey,1,CASE0228
TX317886,CUST10885,2026-09-30,Card,Debit,9472.83,Turkey,1,CASE0228
TX307554,CUST10885,2026-07-31,Card,Credit,1815.16,Turkey,1,CASE0228
TX318525,CUST10885,2026-01-26,ACH,Debit,11231.01,Mexico,0,CASE0228
TX308408,CUST10745,2026-07-17,Wire,Credit,8032.73,Canada,0,CASE0229
TX303135,CUST10745,2026-07-17,ACH,Debit,3163.68,United States,0,CASE0229
TX300758,CUST10745,2026-09-14,Check,Debit,3124.41,United Kingdom,0,CASE0229
TX312794,CUST10745,2026-09-06,Check,Debit,1440.64,China,0,CASE0229
TX303701,CUST10745,2026-04-07,ACH,Credit,7307.01,Turkey,1,CASE0229
TX300292,CUST10745,2026-06-30,Cash Deposit,Credit,1705.71,Nigeria,1,CASE0229
TX308322,CUST10745,2026-02-25,Cash Deposit,Credit,3179.14,United Arab Emirates,1,CASE0229
TX316681,CUST10745,2026-09-26,Wire,Debit,54160.99,Mexico,0,CASE0229
TX309070,CUST10745,2026-02-20,ACH,Debit,9499.98,United Arab Emirates,1,CASE0229
TX315304,CUST10745,2026-09-05,Card,Credit,13331.34,Russia,1,CASE0229
TX311440,CUST10745,2026-05-27,Cash Deposit,Credit,4229.64,United States,0,CASE0229
TX313100,CUST10745,2026-07-01,ACH,Debit,7981.76,United Kingdom,0,CASE0229
TX318709,CUST10745,2026-09-09,P2P,Debit,6258.16,Nigeria,1,CASE0229
TX317559,CUST10745,2026-07-15,Cash Deposit,Credit,5905.06,United Arab Emirates,1,CASE0229
TX320163,CUST10745,2026-05-22,Wire,Credit,10303.27,India,0,CASE0229
TX319964,CUST10745,2026-06-24,Cash Withdrawal,Debit,13485.49,Mexico,0,CASE0229
TX309608,CUST10745,2026-02-03,Wire,Credit,4809.01,United Kingdom,0,CASE0229
TX321303,CUST10745,2026-01-24,P2P,Debit,6931.31,United Kingdom,0,CASE0229
TX310053,CUST10745,2026-02-14,Card,Credit,1674.67,Canada,0,CASE0229
TX301008,CUST10745,2026-09-28,Cash Deposit,Debit,10439.17,United Arab Emirates,1,CASE0229
TX311533,CUST10745,2026-06-20,ACH,Debit,9714.77,Turkey,1,CASE0229
TX300655,CUST10745,2026-07-06,ACH,Credit,6160.19,China,0,CASE0229
TX319803,CUST10745,2026-09-01,P2P,Debit,5936.31,United Arab Emirates,1,CASE0229
TX303418,CUST10745,2026-01-15,P2P,Debit,11196.0,United States,0,CASE0229
TX307972,CUST10745,2026-02-12,Card,Debit,16525.37,Turkey,1,CASE0229
TX316165,CUST10768,2026-02-01,P2P,Debit,34802.59,United Arab Emirates,1,CASE0230
TX300509,CUST10768,2026-09-10,Cash Deposit,Debit,19082.13,India,0,CASE0230
TX303529,CUST10768,2026-07-27,Wire,Credit,345.17,Canada,0,CASE0230
TX315458,CUST10768,2026-03-14,Card,Debit,15560.69,China,0,CASE0230
TX300865,CUST10768,2026-07-13,Wire,Credit,24359.81,United Arab Emirates,1,CASE0230
TX305896,CUST10768,2026-07-20,Wire,Debit,1418.03,Turkey,1,CASE0230
TX315510,CUST10768,2026-02-27,Wire,Credit,12075.3,United Kingdom,0,CASE0230
TX311571,CUST10768,2026-01-15,ACH,Credit,1444.38,United Arab Emirates,1,CASE0230
TX303737,CUST10768,2026-03-05,Check,Debit,7830.42,Nigeria,1,CASE0230
TX310981,CUST10768,2026-07-16,P2P,Debit,3511.77,Mexico,0,CASE0230
TX308378,CUST10123,2026-07-21,P2P,Credit,18526.94,United States,0,CASE0231
TX308054,CUST10123,2026-08-28,Card,Credit,3039.14,United Kingdom,0,CASE0231
TX308844,CUST10123,2026-08-02,Cash Deposit,Debit,1994.18,United Arab Emirates,1,CASE0231
TX314809,CUST10123,2026-04-16,P2P,Credit,3717.68,Mexico,0,CASE0231
TX306133,CUST10123,2026-07-13,ACH,Credit,30875.85,India,0,CASE0231
TX321208,CUST10123,2026-09-10,Cash Withdrawal,Credit,3952.42,India,0,CASE0231
TX304729,CUST10123,2026-05-19,Wire,Credit,11596.21,United States,0,CASE0231
TX319524,CUST10123,2026-07-14,P2P,Credit,2962.88,Nigeria,1,CASE0231
TX310579,CUST10123,2026-03-25,Wire,Credit,15073.57,China,0,CASE0231
TX313849,CUST10123,2026-04-21,Cash Withdrawal,Credit,1054.82,Canada,0,CASE0231
TX301319,CUST10123,2026-03-06,Cash Withdrawal,Credit,10798.75,China,0,CASE0231
TX308783,CUST10123,2026-02-13,ACH,Credit,5396.93,Nigeria,1,CASE0231
TX311187,CUST10123,2026-03-18,Cash Withdrawal,Credit,29478.75,Turkey,1,CASE0231
TX309830,CUST10123,2026-06-18,Wire,Credit,21122.01,Canada,0,CASE0231
TX319990,CUST10123,2026-06-19,Check,Debit,17018.66,United States,0,CASE0231
TX311841,CUST10123,2026-05-13,Cash Withdrawal,Credit,35439.61,China,0,CASE0231
TX303199,CUST10123,2026-06-13,ACH,Debit,10748.82,China,0,CASE0231
TX320932,CUST10123,2026-09-29,Cash Deposit,Credit,12912.09,Russia,1,CASE0231
TX311272,CUST10123,2026-08-20,ACH,Credit,13468.85,Nigeria,1,CASE0231
TX301941,CUST10123,2026-03-02,Wire,Credit,3341.81,United States,0,CASE0231
TX320763,CUST10123,2026-05-05,P2P,Credit,64633.4,United States,0,CASE0231
TX314077,CUST10123,2026-01-27,Wire,Debit,17897.6,Russia,1,CASE0231
TX313171,CUST10123,2026-05-01,P2P,Debit,3511.24,India,0,CASE0231
TX318201,CUST10123,2026-01-23,Cash Deposit,Credit,4159.72,Turkey,1,CASE0231
TX313784,CUST10123,2026-09-09,Wire,Debit,8698.46,United Kingdom,0,CASE0231
TX308925,CUST10213,2026-03-14,Card,Debit,19494.34,Mexico,0,CASE0232
TX314166,CUST10213,2026-05-04,ACH,Credit,2863.41,Turkey,1,CASE0232
TX313687,CUST10213,2026-07-10,Cash Deposit,Credit,8749.65,Russia,1,CASE0232
TX304830,CUST10213,2026-07-27,Check,Credit,15089.5,China,0,CASE0232
TX311896,CUST10213,2026-07-28,Wire,Debit,7604.43,United Arab Emirates,1,CASE0232
TX312393,CUST10213,2026-03-02,Wire,Credit,3738.32,Canada,0,CASE0232
TX302369,CUST10213,2026-01-16,ACH,Credit,7824.47,Russia,1,CASE0232
TX310496,CUST10213,2026-04-19,Check,Debit,4064.22,United Kingdom,0,CASE0232
TX305152,CUST10213,2026-08-19,Wire,Debit,2278.86,Nigeria,1,CASE0232
TX312341,CUST10213,2026-03-07,P2P,Credit,24944.73,India,0,CASE0232
TX320857,CUST10213,2026-02-19,ACH,Debit,2183.78,United States,0,CASE0232
TX312356,CUST10213,2026-02-18,ACH,Credit,5109.77,India,0,CASE0232
TX303968,CUST10213,2026-09-12,ACH,Debit,2797.16,Mexico,0,CASE0232
TX301199,CUST10213,2026-07-17,Wire,Debit,1225.67,United Arab Emirates,1,CASE0232
TX303456,CUST10213,2026-06-27,Wire,Debit,790.17,Turkey,1,CASE0232
TX300373,CUST10213,2026-05-19,Check,Debit,3019.84,Mexico,0,CASE0232
TX314568,CUST10230,2026-02-15,Cash Deposit,Debit,15185.33,Turkey,1,CASE0233
TX318515,CUST10230,2026-06-22,ACH,Debit,1654.0,United States,0,CASE0233
TX315874,CUST10230,2026-04-16,Wire,Credit,1239.24,India,0,CASE0233
TX315398,CUST10230,2026-07-18,Card,Credit,1115.55,Mexico,0,CASE0233
TX305119,CUST10230,2026-04-08,ACH,Credit,26254.84,Canada,0,CASE0233
TX317041,CUST10230,2026-02-08,Cash Withdrawal,Credit,59713.89,China,0,CASE0233
TX301616,CUST10230,2026-07-06,Card,Credit,4047.62,China,0,CASE0233
TX309087,CUST10230,2026-05-15,Card,Credit,6944.55,Russia,1,CASE0233
TX307472,CUST10230,2026-06-03,Wire,Credit,979.53,China,0,CASE0233
TX321352,CUST10230,2026-09-14,ACH,Credit,18335.37,Nigeria,1,CASE0233
TX303143,CUST10230,2026-01-30,Cash Deposit,Credit,5080.62,Mexico,0,CASE0233
TX317147,CUST10230,2026-08-02,Wire,Credit,3796.81,United Kingdom,0,CASE0233
TX320958,CUST10230,2026-07-17,Cash Deposit,Credit,1493.25,Nigeria,1,CASE0233
TX314417,CUST10230,2026-04-04,ACH,Credit,10067.25,Canada,0,CASE0233
TX309295,CUST10230,2026-03-03,ACH,Debit,4783.53,China,0,CASE0233
TX308240,CUST10230,2026-02-07,Cash Withdrawal,Credit,2937.54,Russia,1,CASE0233
TX312779,CUST10781,2026-01-06,Cash Deposit,Credit,9870.45,Turkey,1,CASE0234
TX320445,CUST10781,2026-02-14,Wire,Debit,959.99,Canada,0,CASE0234
TX317930,CUST10781,2026-04-17,ACH,Debit,9283.82,Turkey,1,CASE0234
TX303742,CUST10781,2026-01-11,Wire,Debit,4610.26,India,0,CASE0234
TX311830,CUST10781,2026-05-02,P2P,Credit,5685.15,China,0,CASE0234
TX309212,CUST10781,2026-02-26,Check,Credit,2042.98,Russia,1,CASE0234
TX321843,CUST10781,2026-04-02,ACH,Credit,3789.29,Mexico,0,CASE0234
TX306839,CUST10781,2026-02-22,Check,Credit,10282.15,United Kingdom,0,CASE0234
TX309835,CUST10781,2026-03-02,P2P,Credit,10703.23,China,0,CASE0234
TX315330,CUST10781,2026-09-06,ACH,Debit,10765.5,Russia,1,CASE0234
TX317714,CUST10781,2026-07-20,Wire,Debit,1591.23,India,0,CASE0234
TX317728,CUST10726,2026-04-02,Cash Deposit,Credit,3229.71,United Arab Emirates,1,CASE0235
TX317471,CUST10726,2026-09-27,ACH,Credit,2466.06,Canada,0,CASE0235
TX314371,CUST10726,2026-09-17,Cash Deposit,Debit,8810.49,Canada,0,CASE0235
TX309048,CUST10726,2026-08-09,P2P,Credit,8164.54,Canada,0,CASE0235
TX311385,CUST10726,2026-06-08,Card,Debit,5805.31,China,0,CASE0235
TX315204,CUST10726,2026-05-10,ACH,Credit,2217.56,Mexico,0,CASE0235
TX320119,CUST10726,2026-06-16,Wire,Credit,13020.72,Canada,0,CASE0235
TX308398,CUST10726,2026-05-20,ACH,Credit,20802.37,Turkey,1,CASE0235
TX311986,CUST10726,2026-07-21,Check,Credit,8981.22,Russia,1,CASE0235
TX315392,CUST10726,2026-08-08,ACH,Debit,9737.58,Russia,1,CASE0235
TX313186,CUST10726,2026-09-25,Cash Deposit,Credit,25836.06,India,0,CASE0235
TX313462,CUST10726,2026-05-02,Wire,Credit,5274.51,United Arab Emirates,1,CASE0235
TX314499,CUST10726,2026-08-30,Check,Debit,10533.27,United Kingdom,0,CASE0235
TX319298,CUST10726,2026-08-12,Cash Deposit,Debit,2423.79,Turkey,1,CASE0235
TX311312,CUST10726,2026-08-15,Wire,Debit,1989.02,China,0,CASE0235
TX301243,CUST10726,2026-03-13,Check,Debit,6922.06,United Arab Emirates,1,CASE0235
TX320199,CUST10726,2026-07-23,Cash Withdrawal,Debit,591.27,United Kingdom,0,CASE0235
TX316359,CUST10726,2026-04-20,Cash Deposit,Credit,1614.11,United States,0,CASE0235
TX319851,CUST10726,2026-06-17,P2P,Debit,5045.26,India,0,CASE0235
TX311124,CUST10726,2026-06-21,P2P,Credit,7895.52,Mexico,0,CASE0235
TX316344,CUST10275,2026-02-15,Wire,Debit,2797.64,Nigeria,1,CASE0236
TX301865,CUST10275,2026-07-21,P2P,Debit,19428.9,Turkey,1,CASE0236
TX309064,CUST10275,2026-07-02,ACH,Debit,3502.13,Nigeria,1,CASE0236
TX300327,CUST10275,2026-03-21,Wire,Debit,5954.24,United States,0,CASE0236
TX302001,CUST10275,2026-09-24,P2P,Credit,1856.65,Russia,1,CASE0236
TX303999,CUST10275,2026-01-01,Card,Credit,2911.89,Canada,0,CASE0236
TX314235,CUST10275,2026-03-26,Check,Credit,14069.41,United Kingdom,0,CASE0236
TX314683,CUST10275,2026-03-24,ACH,Debit,9943.75,Canada,0,CASE0236
TX309442,CUST10275,2026-01-12,ACH,Credit,8375.92,United States,0,CASE0236
TX320858,CUST10275,2026-03-01,Wire,Credit,12877.34,Turkey,1,CASE0236
TX307679,CUST10275,2026-05-23,ACH,Credit,878.24,Turkey,1,CASE0236
TX306246,CUST10275,2026-04-03,ACH,Credit,1452.19,Canada,0,CASE0236
TX321743,CUST10275,2026-05-05,Check,Debit,729.14,United Arab Emirates,1,CASE0236
TX306498,CUST10275,2026-01-08,P2P,Credit,4577.71,Canada,0,CASE0236
TX307126,CUST10275,2026-08-01,Cash Deposit,Debit,3209.44,United Kingdom,0,CASE0236
TX317345,CUST10150,2026-06-19,Wire,Credit,1660.66,Mexico,0,CASE0237
TX319780,CUST10150,2026-04-09,Cash Deposit,Debit,2865.36,China,0,CASE0237
TX314427,CUST10150,2026-03-24,Check,Credit,1068.92,United Kingdom,0,CASE0237
TX305824,CUST10150,2026-02-04,Card,Debit,11399.18,Mexico,0,CASE0237
TX302490,CUST10150,2026-08-20,Cash Withdrawal,Credit,6267.74,India,0,CASE0237
TX317083,CUST10150,2026-05-08,Cash Withdrawal,Credit,3546.78,Mexico,0,CASE0237
TX315112,CUST10150,2026-04-08,Check,Debit,4721.21,United Kingdom,0,CASE0237
TX303393,CUST10150,2026-01-21,Check,Debit,17971.45,Russia,1,CASE0237
TX319795,CUST10150,2026-03-05,Wire,Credit,55941.79,Turkey,1,CASE0237
TX304308,CUST10150,2026-02-22,Cash Deposit,Credit,9129.52,Mexico,0,CASE0237
TX307779,CUST10150,2026-01-04,P2P,Debit,25690.51,Turkey,1,CASE0237
TX304737,CUST10150,2026-05-14,Check,Credit,29765.66,Russia,1,CASE0237
TX314373,CUST10150,2026-06-17,P2P,Debit,7369.61,United States,0,CASE0237
TX306350,CUST10150,2026-08-04,Check,Debit,4100.82,China,0,CASE0237
TX300428,CUST10150,2026-05-10,Cash Withdrawal,Credit,1809.95,Canada,0,CASE0237
TX304771,CUST10150,2026-04-24,ACH,Credit,9661.66,Mexico,0,CASE0237
TX301424,CUST10150,2026-02-15,ACH,Debit,4638.69,Turkey,1,CASE0237
TX320539,CUST10150,2026-09-14,ACH,Debit,11214.34,United States,0,CASE0237
TX319131,CUST10150,2026-05-30,ACH,Credit,5712.44,United Arab Emirates,1,CASE0237
TX321285,CUST10150,2026-09-27,Check,Credit,7225.57,United States,0,CASE0237
TX307236,CUST10150,2026-09-29,Cash Deposit,Credit,3088.87,Russia,1,CASE0237
TX308877,CUST10150,2026-04-05,Cash Deposit,Debit,21140.04,Turkey,1,CASE0237
TX321801,CUST10150,2026-05-26,Card,Debit,9154.59,United Kingdom,0,CASE0237
TX306667,CUST10247,2026-09-13,Card,Debit,8663.16,India,0,CASE0238
TX319681,CUST10247,2026-04-19,Cash Deposit,Debit,2449.77,Turkey,1,CASE0238
TX306452,CUST10247,2026-03-07,Card,Credit,5443.13,Mexico,0,CASE0238
TX315273,CUST10247,2026-03-05,Card,Credit,1237.02,United States,0,CASE0238
TX300904,CUST10247,2026-07-22,ACH,Debit,5059.08,Turkey,1,CASE0238
TX308825,CUST10247,2026-01-25,Cash Withdrawal,Credit,2902.03,Turkey,1,CASE0238
TX311719,CUST10247,2026-09-04,P2P,Credit,5039.0,Nigeria,1,CASE0238
TX315933,CUST10247,2026-03-09,Card,Debit,5070.31,China,0,CASE0238
TX307780,CUST10247,2026-07-19,Wire,Credit,4373.61,Mexico,0,CASE0238
TX309462,CUST10247,2026-04-22,ACH,Credit,18568.17,United Arab Emirates,1,CASE0238
TX311477,CUST10247,2026-08-05,Wire,Debit,393.11,Nigeria,1,CASE0238
TX300915,CUST10247,2026-01-02,Wire,Debit,3918.74,United Arab Emirates,1,CASE0238
TX303047,CUST10247,2026-04-23,Wire,Credit,23019.2,United States,0,CASE0238
TX303219,CUST10247,2026-05-05,ACH,Credit,11653.03,China,0,CASE0238
TX301835,CUST10247,2026-02-14,Cash Withdrawal,Debit,3242.94,India,0,CASE0238
TX301817,CUST10260,2026-02-20,Cash Deposit,Debit,11215.3,India,0,CASE0239
TX302205,CUST10260,2026-03-01,ACH,Debit,21113.18,Russia,1,CASE0239
TX320817,CUST10260,2026-02-15,Cash Deposit,Credit,13738.49,China,0,CASE0239
TX301114,CUST10260,2026-04-16,Check,Debit,2740.81,China,0,CASE0239
TX311771,CUST10260,2026-09-19,ACH,Credit,6533.05,Turkey,1,CASE0239
TX317544,CUST10260,2026-05-02,ACH,Credit,1454.06,United States,0,CASE0239
TX312662,CUST10260,2026-04-29,Cash Withdrawal,Debit,2925.52,United Arab Emirates,1,CASE0239
TX304792,CUST10260,2026-07-15,P2P,Debit,3025.8,Mexico,0,CASE0239
TX314894,CUST10260,2026-09-13,Card,Debit,5378.38,China,0,CASE0239
TX305282,CUST10260,2026-08-18,Wire,Debit,13061.91,Russia,1,CASE0239
TX315977,CUST10260,2026-09-19,ACH,Credit,3620.62,United Arab Emirates,1,CASE0239
TX318157,CUST10260,2026-07-25,Wire,Debit,37358.87,Turkey,1,CASE0239
TX310376,CUST10260,2026-05-17,ACH,Debit,20185.87,Russia,1,CASE0239
TX309976,CUST10260,2026-08-17,ACH,Credit,12759.78,Canada,0,CASE0239
TX309651,CUST10260,2026-05-22,ACH,Credit,8345.65,Russia,1,CASE0239
TX306991,CUST10260,2026-03-18,Card,Debit,9917.13,United Kingdom,0,CASE0239
TX306017,CUST10260,2026-08-07,Wire,Debit,20877.55,Mexico,0,CASE0239
TX309425,CUST10635,2026-08-24,ACH,Credit,1030.87,United Kingdom,0,CASE0240
TX312943,CUST10635,2026-01-18,Wire,Debit,14956.11,United Kingdom,0,CASE0240
TX314511,CUST10635,2026-06-16,P2P,Credit,7451.38,Canada,0,CASE0240
TX314011,CUST10635,2026-06-23,P2P,Credit,5614.15,Nigeria,1,CASE0240
TX319908,CUST10635,2026-07-20,Cash Deposit,Debit,581.32,United Kingdom,0,CASE0240
TX317822,CUST10635,2026-08-11,Cash Withdrawal,Credit,3415.18,Turkey,1,CASE0240
TX319878,CUST10635,2026-08-05,Cash Withdrawal,Debit,6129.43,Russia,1,CASE0240
TX308906,CUST10635,2026-06-01,Cash Deposit,Credit,6113.32,United Arab Emirates,1,CASE0240
TX304150,CUST10635,2026-06-11,ACH,Credit,7276.03,China,0,CASE0240
TX318143,CUST10635,2026-07-04,Card,Debit,1529.01,United Arab Emirates,1,CASE0240
TX310884,CUST10635,2026-08-15,Wire,Debit,10250.08,United Kingdom,0,CASE0240
