case_id,customer_id,case_type,created_date,lookback_days,case_age_days,reviewed_txn_count,reviewed_amount,high_risk_txn_count,red_flag_count,primary_red_flag,case_risk_score,priority,disposition,sar_flag,customer_name,customer_type,country,kyc_risk,pep_flag,expected_monthly_volume,investigation_summary,sar_decision_reason
CASE0001,CUST10180,Unusual Volume Increase,2026-03-27,90,1,99,148832.22,4,2,Unusual Volume,60,Moderate,SAR Filed,1,Customer 0181,Individual,Turkey,Low,0,7827.87,Reviewed 99 transactions over a 90-day lookback. Observed unusual volume indicators and 4 high-risk transactions. Customer KYC risk is low with case risk score 60.,Activity showed multiple unexplained red flags inconsistent with expected customer behavior.
CASE0002,CUST10882,Rapid Movement of Funds,2026-09-11,60,26,52,192781.88,2,4,Structuring,51,High,SAR Filed,1,Customer 0883,Individual,United States,Low,0,3655.06,Reviewed 52 transactions over a 60-day lookback. Observed structuring indicators and 2 high-risk transactions. Customer KYC risk is low with case risk score 51.,Activity showed multiple unexplained red flags inconsistent with expected customer behavior.
CASE0003,CUST10453,Unusual Volume Increase,2026-09-10,60,42,97,55116.59,20,3,Activity Inconsistent with Profile,42,Low,Close - No Suspicion,0,Customer 0454,Individual,India,Low,0,14329.16,Reviewed 97 transactions over a 60-day lookback. Observed activity inconsistent with profile indicators and 20 high-risk transactions. Customer KYC risk is low with case risk score 42.,Reviewed activity was reasonably explained or insufficiently suspicious for SAR filing.
CASE0004,CUST10251,Structuring / Cash Activity,2026-06-10,60,21,119,181072.68,8,3,Funnel Activity,50,Moderate,Escalate for Additional Review,0,Customer 0252,Individual,United States,Low,0,7674.87,Reviewed 119 transactions over a 60-day lookback. Observed funnel activity indicators and 8 high-risk transactions. Customer KYC risk is low with case risk score 50.,Reviewed activity was reasonably explained or insufficiently suspicious for SAR filing.
CASE0005,CUST10433,Unusual Volume Increase,2026-04-21,30,4,51,80237.59,6,4,Rapid Movement,73,High,SAR Filed,1,Customer 0434,Individual,Mexico,Low,0,46136.8,Reviewed 51 transactions over a 30-day lookback. Observed rapid movement indicators and 6 high-risk transactions. Customer KYC risk is low with case risk score 73.,Activity showed multiple unexplained red flags inconsistent with expected customer behavior.
CASE0006,CUST10261,High-Risk Wires,2026-04-30,90,4,81,507598.33,12,2,Funnel Activity,64,Moderate,Close - No Suspicion,0,Customer 0262,Individual,United Kingdom,Low,0,6528.16,Reviewed 81 transactions over a 90-day lookback. Observed funnel activity indicators and 12 high-risk transactions. Customer KYC risk is low with case risk score 64.,Reviewed activity was reasonably explained or insufficiently suspicious for SAR filing.
CASE0007,CUST10676,P2P / Funnel Activity,2026-08-18,90,45,27,118813.51,4,2,Rapid Movement,46,Low,Close - No Suspicion,0,Customer 0677,Individual,United States,Low,0,3332.0,Reviewed 27 transactions over a 90-day lookback. Observed rapid movement indicators and 4 high-risk transactions. Customer KYC risk is low with case risk score 46.,Reviewed activity was reasonably explained or insufficiently suspicious for SAR filing.
CASE0008,CUST10229,Unusual Volume Increase,2026-07-25,60,25,119,15355.69,21,3,Unusual Volume,51,Moderate,SAR Filed,1,Customer 0230,Individual,United States,Moderate,0,10478.39,Reviewed 119 transactions over a 60-day lookback. Observed unusual volume indicators and 21 high-risk transactions. Customer KYC risk is moderate with case risk score 51.,Activity showed multiple unexplained red flags inconsistent with expected customer behavior.
CASE0009,CUST10184,High-Risk Wires,2026-05-18,30,32,32,165466.63,4,3,High-Risk Jurisdiction,76,High,Escalate for Additional Review,0,Customer 0185,Business,Turkey,Moderate,0,27136.99,Reviewed 32 transactions over a 30-day lookback. Observed high-risk jurisdiction indicators and 4 high-risk transactions. Customer KYC risk is moderate with case risk score 76.,Reviewed activity was reasonably explained or insufficiently suspicious for SAR filing.
CASE0010,CUST10822,P2P / Funnel Activity,2026-05-01,60,13,50,8038.45,7,5,Structuring,58,High,Escalate for Additional Review,0,Customer 0823,Individual,United Arab Emirates,Moderate,0,15398.32,Reviewed 50 transactions over a 60-day lookback. Observed structuring indicators and 7 high-risk transactions. Customer KYC risk is moderate with case risk score 58.,Reviewed activity was reasonably explained or insufficiently suspicious for SAR filing.
CASE0011,CUST10352,Business Activity Inconsistent with Profile,2026-01-10,90,36,79,15237.27,3,3,Unusual Volume,74,High,Close - No Suspicion,0,Customer 0353,Individual,United States,Low,0,12927.1,Reviewed 79 transactions over a 90-day lookback. Observed unusual volume indicators and 3 high-risk transactions. Customer KYC risk is low with case risk score 74.,Reviewed activity was reasonably explained or insufficiently suspicious for SAR filing.
CASE0012,CUST10490,High-Risk Wires,2026-04-26,180,2,96,148706.59,11,4,Unusual Volume,50,High,Close - No Suspicion,0,Customer 0491,Individual,India,Moderate,0,11070.32,Reviewed 96 transactions over a 180-day lookback. Observed unusual volume indicators and 11 high-risk transactions. Customer KYC risk is moderate with case risk score 50.,Reviewed activity was reasonably explained or insufficiently suspicious for SAR filing.
CASE0013,CUST10527,Unusual Volume Increase,2026-05-14,60,16,23,22156.69,0,0,High-Risk Jurisdiction,67,High,Close - No Suspicion,0,Customer 0528,Business,United States,Low,0,10250.88,Reviewed 23 transactions over a 60-day lookback. Observed high-risk jurisdiction indicators and 0 high-risk transactions. Customer KYC risk is low with case risk score 67.,Reviewed activity was reasonably explained or insufficiently suspicious for SAR filing.
CASE0014,CUST10081,Unusual Volume Increase,2026-08-08,60,43,78,30404.68,6,0,Activity Inconsistent with Profile,58,Moderate,Escalate for Additional Review,0,Customer 0082,Individual,United States,Moderate,0,3327.93,Reviewed 78 transactions over a 60-day lookback. Observed activity inconsistent with profile indicators and 6 high-risk transactions. Customer KYC risk is moderate with case risk score 58.,Reviewed activity was reasonably explained or insufficiently suspicious for SAR filing.
CASE0015,CUST10062,Rapid Movement of Funds,2026-01-30,60,13,86,52701.17,6,2,Rapid Movement,57,Moderate,Close - No Suspicion,0,Customer 0063,Individual,Turkey,Low,0,10436.74,Reviewed 86 transactions over a 60-day lookback. Observed rapid movement indicators and 6 high-risk transactions. Customer KYC risk is low with case risk score 57.,Reviewed activity was reasonably explained or insufficiently suspicious for SAR filing.
CASE0016,CUST10736,P2P / Funnel Activity,2026-07-16,180,45,98,157161.23,20,4,High-Risk Jurisdiction,67,High,SAR Recommended,1,Customer 0737,Individual,India,Low,0,14628.21,Reviewed 98 transactions over a 180-day lookback. Observed high-risk jurisdiction indicators and 20 high-risk transactions. Customer KYC risk is low with case risk score 67.,Activity showed multiple unexplained red flags inconsistent with expected customer behavior.
CASE0017,CUST10109,Rapid Movement of Funds,2026-05-25,90,12,101,98173.41,18,0,Structuring,36,Low,Close - No Suspicion,0,Customer 0110,Individual,United States,Low,0,3387.36,Reviewed 101 transactions over a 90-day lookback. Observed structuring indicators and 18 high-risk transactions. Customer KYC risk is low with case risk score 36.,Reviewed activity was reasonably explained or insufficiently suspicious for SAR filing.
CASE0018,CUST10271,Rapid Movement of Funds,2026-08-26,180,38,100,11153.12,17,1,Unusual Volume,62,Moderate,Close - No Suspicion,0,Customer 0272,Individual,China,Moderate,0,4597.6,Reviewed 100 transactions over a 180-day lookback. Observed unusual volume indicators and 17 high-risk transactions. Customer KYC risk is moderate with case risk score 62.,Reviewed activity was reasonably explained or insufficiently suspicious for SAR filing.
CASE0019,CUST10205,Rapid Movement of Funds,2026-01-17,30,25,66,156399.56,12,1,Unusual Volume,53,Moderate,Close - No Suspicion,0,Customer 0206,Individual,United States,Low,0,30132.72,Reviewed 66 transactions over a 30-day lookback. Observed unusual volume indicators and 12 high-risk transactions. Customer KYC risk is low with case risk score 53.,Reviewed activity was reasonably explained or insufficiently suspicious for SAR filing.
CASE0020,CUST10670,Business Activity Inconsistent with Profile,2026-08-18,60,19,64,56201.79,5,3,High-Risk Jurisdiction,66,High,Close - No Suspicion,0,Customer 0671,Individual,China,Low,0,2979.7,Reviewed 64 transactions over a 60-day lookback. Observed high-risk jurisdiction indicators and 5 high-risk transactions. Customer KYC risk is low with case risk score 66.,Reviewed activity was reasonably explained or insufficiently suspicious for SAR filing.
CASE0021,CUST10072,P2P / Funnel Activity,2026-08-23,90,30,17,142982.63,2,1,Rapid Movement,66,High,Close - No Suspicion,0,Customer 0073,Individual,India,Low,0,6501.14,Reviewed 17 transactions over a 90-day lookback. Observed rapid movement indicators and 2 high-risk transactions. Customer KYC risk is low with case risk score 66.,Reviewed activity was reasonably explained or insufficiently suspicious for SAR filing.
CASE0022,CUST10106,Business Activity Inconsistent with Profile,2026-06-02,90,44,88,190008.56,7,3,Funnel Activity,53,Moderate,Close - No Suspicion,0,Customer 0107,Individual,United States,Low,0,9061.31,Reviewed 88 transactions over a 90-day lookback. Observed funnel activity indicators and 7 high-risk transactions. Customer KYC risk is low with case risk score 53.,Reviewed activity was reasonably explained or insufficiently suspicious for SAR filing.
CASE0023,CUST10264,Structuring / Cash Activity,2026-03-21,60,42,118,21359.03,24,3,Unusual Volume,50,Moderate,Escalate for Additional Review,0,Customer 0265,Individual,United States,Low,0,12269.56,Reviewed 118 transactions over a 60-day lookback. Observed unusual volume indicators and 24 high-risk transactions. Customer KYC risk is low with case risk score 50.,Reviewed activity was reasonably explained or insufficiently suspicious for SAR filing.
CASE0024,CUST10790,Unusual Volume Increase,2026-05-05,90,24,15,140818.94,5,3,Unusual Volume,72,High,SAR Filed,1,Customer 0791,Individual,Nigeria,Low,0,25241.54,Reviewed 15 transactions over a 90-day lookback. Observed unusual volume indicators and 5 high-risk transactions. Customer KYC risk is low with case risk score 72.,Activity showed multiple unexplained red flags inconsistent with expected customer behavior.
CASE0025,CUST10319,Unusual Volume Increase,2026-01-06,180,23,97,25057.42,5,3,Activity Inconsistent with Profile,64,Moderate,Close - No Suspicion,0,Customer 0320,Business,India,Low,0,6653.86,Reviewed 97 transactions over a 180-day lookback. Observed activity inconsistent with profile indicators and 5 high-risk transactions. Customer KYC risk is low with case risk score 64.,Reviewed activity was reasonably explained or insufficiently suspicious for SAR filing.
CASE0026,CUST10469,Business Activity Inconsistent with Profile,2026-07-26,30,41,100,69201.42,20,2,Funnel Activity,58,Moderate,SAR Filed,1,Customer 0470,Individual,Turkey,Moderate,0,27923.38,Reviewed 100 transactions over a 30-day lookback. Observed funnel activity indicators and 20 high-risk transactions. Customer KYC risk is moderate with case risk score 58.,Activity showed multiple unexplained red flags inconsistent with expected customer behavior.
CASE0027,CUST10484,High-Risk Wires,2026-06-01,90,31,98,43832.5,6,3,Structuring,49,Low,SAR Recommended,1,Customer 0485,Business,United States,Moderate,0,25292.32,Reviewed 98 transactions over a 90-day lookback. Observed structuring indicators and 6 high-risk transactions. Customer KYC risk is moderate with case risk score 49.,Activity showed multiple unexplained red flags inconsistent with expected customer behavior.
CASE0028,CUST10103,Rapid Movement of Funds,2026-07-07,60,11,112,45029.5,3,2,Funnel Activity,58,Moderate,Escalate for Additional Review,0,Customer 0104,Individual,United States,High,0,8583.98,Reviewed 112 transactions over a 60-day lookback. Observed funnel activity indicators and 3 high-risk transactions. Customer KYC risk is high with case risk score 58.,Reviewed activity was reasonably explained or insufficiently suspicious for SAR filing.
CASE0029,CUST10661,High-Risk Wires,2026-06-10,90,32,84,12465.21,14,4,Unusual Volume,67,High,Close - No Suspicion,0,Customer 0662,Individual,Mexico,High,0,8524.56,Reviewed 84 transactions over a 90-day lookback. Observed unusual volume indicators and 14 high-risk transactions. Customer KYC risk is high with case risk score 67.,Reviewed activity was reasonably explained or insufficiently suspicious for SAR filing.
CASE0030,CUST10350,Unusual Volume Increase,2026-08-23,90,22,116,40659.93,10,6,High-Risk Jurisdiction,52,Critical,Escalate for Additional Review,0,Customer 0351,Individual,United Kingdom,Low,0,16246.68,Reviewed 116 transactions over a 90-day lookback. Observed high-risk jurisdiction indicators and 10 high-risk transactions. Customer KYC risk is low with case risk score 52.,Reviewed activity was reasonably explained or insufficiently suspicious for SAR filing.
CASE0031,CUST10471,Unusual Volume Increase,2026-07-02,180,15,79,332500.79,5,1,Funnel Activity,68,High,SAR Recommended,1,Customer 0472,Individual,Turkey,Low,0,4173.46,Reviewed 79 transactions over a 180-day lookback. Observed funnel activity indicators and 5 high-risk transactions. Customer KYC risk is low with case risk score 68.,Activity showed multiple unexplained red flags inconsistent with expected customer behavior.
CASE0032,CUST10289,P2P / Funnel Activity,2026-05-23,30,15,30,7989.82,2,0,Unusual Volume,67,High,Close - No Suspicion,0,Customer 0290,Business,United States,Low,1,8274.99,Reviewed 30 transactions over a 30-day lookback. Observed unusual volume indicators and 2 high-risk transactions. Customer KYC risk is low with case risk score 67.,Reviewed activity was reasonably explained or insufficiently suspicious for SAR filing.
CASE0033,CUST10277,Structuring / Cash Activity,2026-06-02,60,31,43,9686.62,2,3,High-Risk Jurisdiction,71,High,Close - No Suspicion,0,Customer 0278,Individual,Russia,Low,0,41700.5,Reviewed 43 transactions over a 60-day lookback. Observed high-risk jurisdiction indicators and 2 high-risk transactions. Customer KYC risk is low with case risk score 71.,Reviewed activity was reasonably explained or insufficiently suspicious for SAR filing.
CASE0034,CUST10222,High-Risk Wires,2026-01-09,90,23,19,45774.83,2,6,Rapid Movement,77,Critical,Close - No Suspicion,0,Customer 0223,Business,United States,Moderate,0,1369.15,Reviewed 19 transactions over a 90-day lookback. Observed rapid movement indicators and 2 high-risk transactions. Customer KYC risk is moderate with case risk score 77.,Reviewed activity was reasonably explained or insufficiently suspicious for SAR filing.
CASE0035,CUST10043,Structuring / Cash Activity,2026-08-12,60,32,33,14590.39,6,2,Activity Inconsistent with Profile,77,High,SAR Recommended,1,Customer 0044,Individual,United Arab Emirates,Moderate,0,4445.3,Reviewed 33 transactions over a 60-day lookback. Observed activity inconsistent with profile indicators and 6 high-risk transactions. Customer KYC risk is moderate with case risk score 77.,Activity showed multiple unexplained red flags inconsistent with expected customer behavior.
CASE0036,CUST10732,Business Activity Inconsistent with Profile,2026-09-04,30,24,80,131880.2,16,4,Activity Inconsistent with Profile,77,High,Escalate for Additional Review,0,Customer 0733,Individual,United Kingdom,Moderate,0,20915.88,Reviewed 80 transactions over a 30-day lookback. Observed activity inconsistent with profile indicators and 16 high-risk transactions. Customer KYC risk is moderate with case risk score 77.,Reviewed activity was reasonably explained or insufficiently suspicious for SAR filing.
CASE0037,CUST10801,Business Activity Inconsistent with Profile,2026-08-10,180,22,52,96884.83,9,5,Structuring,47,High,Close - No Suspicion,0,Customer 0802,Individual,United States,High,0,21615.98,Reviewed 52 transactions over a 180-day lookback. Observed structuring indicators and 9 high-risk transactions. Customer KYC risk is high with case risk score 47.,Reviewed activity was reasonably explained or insufficiently suspicious for SAR filing.
CASE0038,CUST10742,High-Risk Wires,2026-03-09,90,14,81,142314.75,3,3,Unusual Volume,57,Moderate,Close - No Suspicion,0,Customer 0743,Business,United States,Moderate,0,10127.8,Reviewed 81 transactions over a 90-day lookback. Observed unusual volume indicators and 3 high-risk transactions. Customer KYC risk is moderate with case risk score 57.,Reviewed activity was reasonably explained or insufficiently suspicious for SAR filing.
CASE0039,CUST10215,High-Risk Wires,2026-07-01,90,44,74,17450.7,13,2,Funnel Activity,65,High,Close - No Suspicion,0,Customer 0216,Individual,United States,Low,1,19418.66,Reviewed 74 transactions over a 90-day lookback. Observed funnel activity indicators and 13 high-risk transactions. Customer KYC risk is low with case risk score 65.,Reviewed activity was reasonably explained or insufficiently suspicious for SAR filing.
CASE0040,CUST10378,Rapid Movement of Funds,2026-04-01,30,14,58,111889.91,7,3,High-Risk Jurisdiction,42,Low,Close - No Suspicion,0,Customer 0379,Business,China,Low,0,26361.33,Reviewed 58 transactions over a 30-day lookback. Observed high-risk jurisdiction indicators and 7 high-risk transactions. Customer KYC risk is low with case risk score 42.,Reviewed activity was reasonably explained or insufficiently suspicious for SAR filing.
CASE0041,CUST10719,Rapid Movement of Funds,2026-03-09,30,2,28,76160.11,8,1,Unusual Volume,64,Moderate,SAR Filed,1,Customer 0720,Individual,United States,High,0,23204.47,Reviewed 28 transactions over a 30-day lookback. Observed unusual volume indicators and 8 high-risk transactions. Customer KYC risk is high with case risk score 64.,Activity showed multiple unexplained red flags inconsistent with expected customer behavior.
CASE0042,CUST10580,Structuring / Cash Activity,2026-05-19,90,5,117,7708.99,16,1,Activity Inconsistent with Profile,84,Critical,SAR Filed,1,Customer 0581,Individual,United States,High,0,12884.11,Reviewed 117 transactions over a 90-day lookback. Observed activity inconsistent with profile indicators and 16 high-risk transactions. Customer KYC risk is high with case risk score 84.,Activity showed multiple unexplained red flags inconsistent with expected customer behavior.
CASE0043,CUST10364,High-Risk Wires,2026-03-24,60,23,34,82758.85,2,2,Funnel Activity,36,Low,Close - No Suspicion,0,Customer 0365,Individual,United Kingdom,Low,0,15927.66,Reviewed 34 transactions over a 60-day lookback. Observed funnel activity indicators and 2 high-risk transactions. Customer KYC risk is low with case risk score 36.,Reviewed activity was reasonably explained or insufficiently suspicious for SAR filing.
CASE0044,CUST10684,Rapid Movement of Funds,2026-07-29,60,12,91,427557.92,13,0,Unusual Volume,83,Critical,SAR Filed,1,Customer 0685,Individual,Canada,High,0,3220.9,Reviewed 91 transactions over a 60-day lookback. Observed unusual volume indicators and 13 high-risk transactions. Customer KYC risk is high with case risk score 83.,Activity showed multiple unexplained red flags inconsistent with expected customer behavior.
CASE0045,CUST10671,Rapid Movement of Funds,2026-03-16,90,5,86,12175.73,5,4,Unusual Volume,42,High,Close - No Suspicion,0,Customer 0672,Individual,United States,Moderate,0,13338.16,Reviewed 86 transactions over a 90-day lookback. Observed unusual volume indicators and 5 high-risk transactions. Customer KYC risk is moderate with case risk score 42.,Reviewed activity was reasonably explained or insufficiently suspicious for SAR filing.
CASE0046,CUST10034,Structuring / Cash Activity,2026-02-15,30,4,109,127043.59,9,5,High-Risk Jurisdiction,65,High,Escalate for Additional Review,0,Customer 0035,Individual,United States,Low,0,7399.14,Reviewed 109 transactions over a 30-day lookback. Observed high-risk jurisdiction indicators and 9 high-risk transactions. Customer KYC risk is low with case risk score 65.,Reviewed activity was reasonably explained or insufficiently suspicious for SAR filing.
CASE0047,CUST10586,High-Risk Wires,2026-08-13,90,29,15,25470.23,0,3,Activity Inconsistent with Profile,54,Moderate,SAR Recommended,1,Customer 0587,Individual,United Kingdom,Low,0,11550.37,Reviewed 15 transactions over a 90-day lookback. Observed activity inconsistent with profile indicators and 0 high-risk transactions. Customer KYC risk is low with case risk score 54.,Activity showed multiple unexplained red flags inconsistent with expected customer behavior.
CASE0048,CUST10157,Rapid Movement of Funds,2026-05-20,180,23,81,73316.03,15,3,Activity Inconsistent with Profile,40,Low,Close - No Suspicion,0,Customer 0158,Individual,United Kingdom,Low,0,5528.87,Reviewed 81 transactions over a 180-day lookback. Observed activity inconsistent with profile indicators and 15 high-risk transactions. Customer KYC risk is low with case risk score 40.,Reviewed activity was reasonably explained or insufficiently suspicious for SAR filing.
CASE0049,CUST10704,High-Risk Wires,2026-06-22,90,4,67,15135.53,13,2,High-Risk Jurisdiction,37,Low,Close - No Suspicion,0,Customer 0705,Individual,United Kingdom,Low,0,152510.98,Reviewed 67 transactions over a 90-day lookback. Observed high-risk jurisdiction indicators and 13 high-risk transactions. Customer KYC risk is low with case risk score 37.,Reviewed activity was reasonably explained or insufficiently suspicious for SAR filing.
CASE0050,CUST10645,Structuring / Cash Activity,2026-06-16,180,5,10,6051.48,1,3,High-Risk Jurisdiction,51,Moderate,SAR Recommended,1,Customer 0646,Business,United Kingdom,Low,0,24634.18,Reviewed 10 transactions over a 180-day lookback. Observed high-risk jurisdiction indicators and 1 high-risk transactions. Customer KYC risk is low with case risk score 51.,Activity showed multiple unexplained red flags inconsistent with expected customer behavior.
CASE0051,CUST10836,Rapid Movement of Funds,2026-04-10,60,38,61,27215.34,13,2,Activity Inconsistent with Profile,69,High,SAR Filed,1,Customer 0837,Individual,United States,Moderate,0,1929.11,Reviewed 61 transactions over a 60-day lookback. Observed activity inconsistent with profile indicators and 13 high-risk transactions. Customer KYC risk is moderate with case risk score 69.,Activity showed multiple unexplained red flags inconsistent with expected customer behavior.
CASE0052,CUST10220,Structuring / Cash Activity,2026-06-06,60,2,39,17229.25,3,4,Rapid Movement,75,High,Escalate for Additional Review,0,Customer 0221,Individual,United Arab Emirates,Moderate,0,38806.17,Reviewed 39 transactions over a 60-day lookback. Observed rapid movement indicators and 3 high-risk transactions. Customer KYC risk is moderate with case risk score 75.,Reviewed activity was reasonably explained or insufficiently suspicious for SAR filing.
CASE0053,CUST10265,Unusual Volume Increase,2026-03-16,60,33,73,38136.48,6,2,High-Risk Jurisdiction,54,Moderate,Escalate for Additional Review,0,Customer 0266,Business,United States,Low,0,37567.79,Reviewed 73 transactions over a 60-day lookback. Observed high-risk jurisdiction indicators and 6 high-risk transactions. Customer KYC risk is low with case risk score 54.,Reviewed activity was reasonably explained or insufficiently suspicious for SAR filing.
CASE0054,CUST10279,High-Risk Wires,2026-05-01,90,6,29,49028.11,12,3,Structuring,46,Low,Close - No Suspicion,0,Customer 0280,Business,India,Low,0,7873.3,Reviewed 29 transactions over a 90-day lookback. Observed structuring indicators and 12 high-risk transactions. Customer KYC risk is low with case risk score 46.,Reviewed activity was reasonably explained or insufficiently suspicious for SAR filing.
CASE0055,CUST10488,High-Risk Wires,2026-01-30,90,12,85,40834.01,14,1,Funnel Activity,69,High,SAR Filed,1,Customer 0489,Business,United States,Moderate,0,10828.05,Reviewed 85 transactions over a 90-day lookback. Observed funnel activity indicators and 14 high-risk transactions. Customer KYC risk is moderate with case risk score 69.,Activity showed multiple unexplained red flags inconsistent with expected customer behavior.
CASE0056,CUST10498,High-Risk Wires,2026-06-14,90,42,91,48771.99,11,4,Structuring,56,High,SAR Recommended,1,Customer 0499,Individual,Nigeria,Moderate,0,6969.2,Reviewed 91 transactions over a 90-day lookback. Observed structuring indicators and 11 high-risk transactions. Customer KYC risk is moderate with case risk score 56.,Activity showed multiple unexplained red flags inconsistent with expected customer behavior.
CASE0057,CUST10667,Unusual Volume Increase,2026-07-07,90,15,65,102520.65,10,3,High-Risk Jurisdiction,52,Moderate,Close - No Suspicion,0,Customer 0668,Individual,United States,Low,0,6107.6,Reviewed 65 transactions over a 90-day lookback. Observed high-risk jurisdiction indicators and 10 high-risk transactions. Customer KYC risk is low with case risk score 52.,Reviewed activity was reasonably explained or insufficiently suspicious for SAR filing.
CASE0058,CUST10191,Business Activity Inconsistent with Profile,2026-05-29,30,39,91,58266.4,15,3,Structuring,56,Moderate,Close - No Suspicion,0,Customer 0192,Individual,India,Moderate,0,4565.98,Reviewed 91 transactions over a 30-day lookback. Observed structuring indicators and 15 high-risk transactions. Customer KYC risk is moderate with case risk score 56.,Reviewed activity was reasonably explained or insufficiently suspicious for SAR filing.
CASE0059,CUST10255,High-Risk Wires,2026-08-22,90,32,87,12236.06,3,4,High-Risk Jurisdiction,68,High,Close - No Suspicion,0,Customer 0256,Individual,Nigeria,Low,0,12829.6,Reviewed 87 transactions over a 90-day lookback. Observed high-risk jurisdiction indicators and 3 high-risk transactions. Customer KYC risk is low with case risk score 68.,Reviewed activity was reasonably explained or insufficiently suspicious for SAR filing.
CASE0060,CUST10557,Unusual Volume Increase,2026-04-15,30,41,25,35653.12,6,0,Structuring,75,High,SAR Filed,1,Customer 0558,Individual,United Kingdom,High,0,9496.46,Reviewed 25 transactions over a 30-day lookback. Observed structuring indicators and 6 high-risk transactions. Customer KYC risk is high with case risk score 75.,Activity showed multiple unexplained red flags inconsistent with expected customer behavior.
CASE0061,CUST10194,Rapid Movement of Funds,2026-02-16,60,26,28,48452.7,2,4,Funnel Activity,57,High,Close - No Suspicion,0,Customer 0195,Business,Mexico,Low,0,4363.16,Reviewed 28 transactions over a 60-day lookback. Observed funnel activity indicators and 2 high-risk transactions. Customer KYC risk is low with case risk score 57.,Reviewed activity was reasonably explained or insufficiently suspicious for SAR filing.
CASE0062,CUST10143,P2P / Funnel Activity,2026-06-04,180,41,84,184603.41,10,4,Structuring,44,High,SAR Recommended,1,Customer 0144,Individual,Canada,Low,0,5641.69,Reviewed 84 transactions over a 180-day lookback. Observed structuring indicators and 10 high-risk transactions. Customer KYC risk is low with case risk score 44.,Activity showed multiple unexplained red flags inconsistent with expected customer behavior.
CASE0063,CUST10854,P2P / Funnel Activity,2026-06-25,180,6,69,96200.82,6,1,Structuring,69,High,Close - No Suspicion,0,Customer 0855,Individual,United Kingdom,Low,0,19915.29,Reviewed 69 transactions over a 180-day lookback. Observed structuring indicators and 6 high-risk transactions. Customer KYC risk is low with case risk score 69.,Reviewed activity was reasonably explained or insufficiently suspicious for SAR filing.
CASE0064,CUST10838,Structuring / Cash Activity,2026-02-18,90,45,42,71121.46,2,0,Rapid Movement,82,Critical,Escalate for Additional Review,0,Customer 0839,Individual,United Arab Emirates,High,0,16662.95,Reviewed 42 transactions over a 90-day lookback. Observed rapid movement indicators and 2 high-risk transactions. Customer KYC risk is high with case risk score 82.,Reviewed activity was reasonably explained or insufficiently suspicious for SAR filing.
CASE0065,CUST10839,Rapid Movement of Funds,2026-03-14,60,27,50,44978.13,8,3,Activity Inconsistent with Profile,63,Moderate,SAR Filed,1,Customer 0840,Individual,United Arab Emirates,Low,0,6840.27,Reviewed 50 transactions over a 60-day lookback. Observed activity inconsistent with profile indicators and 8 high-risk transactions. Customer KYC risk is low with case risk score 63.,Activity showed multiple unexplained red flags inconsistent with expected customer behavior.
CASE0066,CUST10164,P2P / Funnel Activity,2026-05-13,180,36,23,11447.66,2,1,Unusual Volume,50,Moderate,Escalate for Additional Review,0,Customer 0165,Individual,Mexico,Low,0,3933.49,Reviewed 23 transactions over a 180-day lookback. Observed unusual volume indicators and 2 high-risk transactions. Customer KYC risk is low with case risk score 50.,Reviewed activity was reasonably explained or insufficiently suspicious for SAR filing.
CASE0067,CUST10358,Structuring / Cash Activity,2026-05-27,30,35,58,58275.9,5,5,Structuring,61,High,Close - No Suspicion,0,Customer 0359,Business,United States,Low,0,6364.83,Reviewed 58 transactions over a 30-day lookback. Observed structuring indicators and 5 high-risk transactions. Customer KYC risk is low with case risk score 61.,Reviewed activity was reasonably explained or insufficiently suspicious for SAR filing.
CASE0068,CUST10465,Structuring / Cash Activity,2026-08-22,30,4,71,85942.37,0,2,Funnel Activity,47,Low,Close - No Suspicion,0,Customer 0466,Individual,United States,High,0,9932.56,Reviewed 71 transactions over a 30-day lookback. Observed funnel activity indicators and 0 high-risk transactions. Customer KYC risk is high with case risk score 47.,Reviewed activity was reasonably explained or insufficiently suspicious for SAR filing.
CASE0069,CUST10705,Structuring / Cash Activity,2026-05-01,30,43,95,6203.49,15,5,High-Risk Jurisdiction,45,High,Close - No Suspicion,0,Customer 0706,Individual,China,Low,0,7285.75,Reviewed 95 transactions over a 30-day lookback. Observed high-risk jurisdiction indicators and 15 high-risk transactions. Customer KYC risk is low with case risk score 45.,Reviewed activity was reasonably explained or insufficiently suspicious for SAR filing.
CASE0070,CUST10553,P2P / Funnel Activity,2026-03-06,90,28,9,128653.66,0,2,Activity Inconsistent with Profile,78,High,Escalate for Additional Review,0,Customer 0554,Business,United States,High,0,8113.44,Reviewed 9 transactions over a 90-day lookback. Observed activity inconsistent with profile indicators and 0 high-risk transactions. Customer KYC risk is high with case risk score 78.,Reviewed activity was reasonably explained or insufficiently suspicious for SAR filing.
CASE0071,CUST10398,Structuring / Cash Activity,2026-08-21,90,14,10,45192.73,0,4,Funnel Activity,74,High,Escalate for Additional Review,0,Customer 0399,Individual,United States,Low,0,21147.34,Reviewed 10 transactions over a 90-day lookback. Observed funnel activity indicators and 0 high-risk transactions. Customer KYC risk is low with case risk score 74.,Reviewed activity was reasonably explained or insufficiently suspicious for SAR filing.
CASE0072,CUST10823,P2P / Funnel Activity,2026-04-18,30,36,30,207715.25,8,0,Activity Inconsistent with Profile,51,Moderate,Close - No Suspicion,0,Customer 0824,Individual,United States,Low,0,2105.08,Reviewed 30 transactions over a 30-day lookback. Observed activity inconsistent with profile indicators and 8 high-risk transactions. Customer KYC risk is low with case risk score 51.,Reviewed activity was reasonably explained or insufficiently suspicious for SAR filing.
CASE0073,CUST10016,Business Activity Inconsistent with Profile,2026-04-01,30,23,114,83522.41,6,3,Activity Inconsistent with Profile,42,Low,Escalate for Additional Review,0,Customer 0017,Business,United States,Moderate,0,26898.99,Reviewed 114 transactions over a 30-day lookback. Observed activity inconsistent with profile indicators and 6 high-risk transactions. Customer KYC risk is moderate with case risk score 42.,Reviewed activity was reasonably explained or insufficiently suspicious for SAR filing.
CASE0074,CUST10046,Business Activity Inconsistent with Profile,2026-01-16,60,8,27,11085.13,5,4,Activity Inconsistent with Profile,36,High,Close - No Suspicion,0,Customer 0047,Business,Russia,Low,0,6916.76,Reviewed 27 transactions over a 60-day lookback. Observed activity inconsistent with profile indicators and 5 high-risk transactions. Customer KYC risk is low with case risk score 36.,Reviewed activity was reasonably explained or insufficiently suspicious for SAR filing.
CASE0075,CUST10145,High-Risk Wires,2026-08-19,90,42,90,50510.47,5,1,Unusual Volume,64,Moderate,Escalate for Additional Review,0,Customer 0146,Individual,Mexico,Low,0,14414.09,Reviewed 90 transactions over a 90-day lookback. Observed unusual volume indicators and 5 high-risk transactions. Customer KYC risk is low with case risk score 64.,Reviewed activity was reasonably explained or insufficiently suspicious for SAR filing.
CASE0076,CUST10444,Rapid Movement of Funds,2026-03-29,90,32,60,94731.24,6,5,Funnel Activity,43,High,Close - No Suspicion,0,Customer 0445,Individual,Mexico,Low,0,3140.61,Reviewed 60 transactions over a 90-day lookback. Observed funnel activity indicators and 6 high-risk transactions. Customer KYC risk is low with case risk score 43.,Reviewed activity was reasonably explained or insufficiently suspicious for SAR filing.
CASE0077,CUST10015,Unusual Volume Increase,2026-08-10,180,36,13,17794.81,4,8,Rapid Movement,62,Critical,SAR Filed,1,Customer 0016,Business,United Kingdom,High,0,6754.45,Reviewed 13 transactions over a 180-day lookback. Observed rapid movement indicators and 4 high-risk transactions. Customer KYC risk is high with case risk score 62.,Activity showed multiple unexplained red flags inconsistent with expected customer behavior.
CASE0078,CUST10611,Structuring / Cash Activity,2026-06-01,90,10,71,22041.76,17,1,Funnel Activity,36,Low,Close - No Suspicion,0,Customer 0612,Individual,United States,Low,0,2812.37,Reviewed 71 transactions over a 90-day lookback. Observed funnel activity indicators and 17 high-risk transactions. Customer KYC risk is low with case risk score 36.,Reviewed activity was reasonably explained or insufficiently suspicious for SAR filing.
CASE0079,CUST10570,Rapid Movement of Funds,2026-09-03,60,31,53,37612.54,12,2,High-Risk Jurisdiction,70,High,Close - No Suspicion,0,Customer 0571,Individual,United States,High,0,21302.14,Reviewed 53 transactions over a 60-day lookback. Observed high-risk jurisdiction indicators and 12 high-risk transactions. Customer KYC risk is high with case risk score 70.,Reviewed activity was reasonably explained or insufficiently suspicious for SAR filing.
CASE0080,CUST10408,Unusual Volume Increase,2026-08-03,60,3,77,34226.48,14,1,Funnel Activity,57,Moderate,Close - No Suspicion,0,Customer 0409,Individual,United States,High,0,14395.43,Reviewed 77 transactions over a 60-day lookback. Observed funnel activity indicators and 14 high-risk transactions. Customer KYC risk is high with case risk score 57.,Reviewed activity was reasonably explained or insufficiently suspicious for SAR filing.
CASE0081,CUST10770,Structuring / Cash Activity,2026-01-10,60,29,24,30987.01,0,1,High-Risk Jurisdiction,64,Moderate,Escalate for Additional Review,0,Customer 0771,Individual,United States,Low,0,6749.84,Reviewed 24 transactions over a 60-day lookback. Observed high-risk jurisdiction indicators and 0 high-risk transactions. Customer KYC risk is low with case risk score 64.,Reviewed activity was reasonably explained or insufficiently suspicious for SAR filing.
CASE0082,CUST10195,P2P / Funnel Activity,2026-03-03,90,15,83,21967.1,24,5,Funnel Activity,40,High,Close - No Suspicion,0,Customer 0196,Individual,Turkey,Moderate,0,1262.97,Reviewed 83 transactions over a 90-day lookback. Observed funnel activity indicators and 24 high-risk transactions. Customer KYC risk is moderate with case risk score 40.,Reviewed activity was reasonably explained or insufficiently suspicious for SAR filing.
CASE0083,CUST10558,Structuring / Cash Activity,2026-01-28,30,15,66,464638.01,14,0,Structuring,57,Moderate,Close - No Suspicion,0,Customer 0559,Business,United States,High,0,8594.17,Reviewed 66 transactions over a 30-day lookback. Observed structuring indicators and 14 high-risk transactions. Customer KYC risk is high with case risk score 57.,Reviewed activity was reasonably explained or insufficiently suspicious for SAR filing.
CASE0084,CUST10114,High-Risk Wires,2026-02-25,90,35,66,44445.46,8,4,High-Risk Jurisdiction,72,High,Escalate for Additional Review,0,Customer 0115,Individual,United Kingdom,Moderate,0,41632.81,Reviewed 66 transactions over a 90-day lookback. Observed high-risk jurisdiction indicators and 8 high-risk transactions. Customer KYC risk is moderate with case risk score 72.,Reviewed activity was reasonably explained or insufficiently suspicious for SAR filing.
CASE0085,CUST10005,High-Risk Wires,2026-05-17,60,20,30,67599.45,4,3,Structuring,39,Low,Escalate for Additional Review,0,Customer 0006,Individual,Mexico,Low,0,12406.14,Reviewed 30 transactions over a 60-day lookback. Observed structuring indicators and 4 high-risk transactions. Customer KYC risk is low with case risk score 39.,Reviewed activity was reasonably explained or insufficiently suspicious for SAR filing.
CASE0086,CUST10650,Business Activity Inconsistent with Profile,2026-04-23,60,32,50,21358.51,7,0,Funnel Activity,44,Low,Close - No Suspicion,0,Customer 0651,Individual,Canada,Low,0,14572.58,Reviewed 50 transactions over a 60-day lookback. Observed funnel activity indicators and 7 high-risk transactions. Customer KYC risk is low with case risk score 44.,Reviewed activity was reasonably explained or insufficiently suspicious for SAR filing.
CASE0087,CUST10303,Unusual Volume Increase,2026-05-01,60,11,37,43124.18,6,0,Unusual Volume,43,Low,Close - No Suspicion,0,Customer 0304,Business,United States,Low,0,6884.64,Reviewed 37 transactions over a 60-day lookback. Observed unusual volume indicators and 6 high-risk transactions. Customer KYC risk is low with case risk score 43.,Reviewed activity was reasonably explained or insufficiently suspicious for SAR filing.
CASE0088,CUST10137,Structuring / Cash Activity,2026-08-18,30,41,76,65146.59,6,4,High-Risk Jurisdiction,39,High,Close - No Suspicion,0,Customer 0138,Individual,United States,Low,0,15937.72,Reviewed 76 transactions over a 30-day lookback. Observed high-risk jurisdiction indicators and 6 high-risk transactions. Customer KYC risk is low with case risk score 39.,Reviewed activity was reasonably explained or insufficiently suspicious for SAR filing.
CASE0089,CUST10169,Unusual Volume Increase,2026-05-31,90,9,55,66614.86,8,4,Funnel Activity,73,High,Escalate for Additional Review,0,Customer 0170,Business,India,Moderate,0,74478.25,Reviewed 55 transactions over a 90-day lookback. Observed funnel activity indicators and 8 high-risk transactions. Customer KYC risk is moderate with case risk score 73.,Reviewed activity was reasonably explained or insufficiently suspicious for SAR filing.
CASE0090,CUST10198,Structuring / Cash Activity,2026-06-11,90,37,8,15691.59,2,1,Funnel Activity,55,Moderate,Close - No Suspicion,0,Customer 0199,Individual,United Arab Emirates,Low,0,3302.67,Reviewed 8 transactions over a 90-day lookback. Observed funnel activity indicators and 2 high-risk transactions. Customer KYC risk is low with case risk score 55.,Reviewed activity was reasonably explained or insufficiently suspicious for SAR filing.
CASE0091,CUST10300,Structuring / Cash Activity,2026-05-19,60,20,50,102333.69,5,2,Unusual Volume,44,Low,Close - No Suspicion,0,Customer 0301,Business,United Arab Emirates,Low,0,4107.43,Reviewed 50 transactions over a 60-day lookback. Observed unusual volume indicators and 5 high-risk transactions. Customer KYC risk is low with case risk score 44.,Reviewed activity was reasonably explained or insufficiently suspicious for SAR filing.
CASE0092,CUST10099,P2P / Funnel Activity,2026-07-09,60,2,10,45527.6,4,3,Funnel Activity,48,Low,Close - No Suspicion,0,Customer 0100,Individual,China,Moderate,0,10632.02,Reviewed 10 transactions over a 60-day lookback. Observed funnel activity indicators and 4 high-risk transactions. Customer KYC risk is moderate with case risk score 48.,Reviewed activity was reasonably explained or insufficiently suspicious for SAR filing.
CASE0093,CUST10329,Rapid Movement of Funds,2026-01-12,30,8,16,125092.43,0,2,Structuring,47,Low,Close - No Suspicion,0,Customer 0330,Individual,United States,Low,0,16089.92,Reviewed 16 transactions over a 30-day lookback. Observed structuring indicators and 0 high-risk transactions. Customer KYC risk is low with case risk score 47.,Reviewed activity was reasonably explained or insufficiently suspicious for SAR filing.
CASE0094,CUST10367,P2P / Funnel Activity,2026-03-06,30,14,115,15823.16,28,4,Activity Inconsistent with Profile,79,High,Escalate for Additional Review,0,Customer 0368,Individual,United States,High,0,1828.18,Reviewed 115 transactions over a 30-day lookback. Observed activity inconsistent with profile indicators and 28 high-risk transactions. Customer KYC risk is high with case risk score 79.,Reviewed activity was reasonably explained or insufficiently suspicious for SAR filing.
CASE0095,CUST10447,Structuring / Cash Activity,2026-08-03,90,11,23,137432.7,3,6,Unusual Volume,46,Critical,Close - No Suspicion,0,Customer 0448,Individual,United States,Low,0,9275.09,Reviewed 23 transactions over a 90-day lookback. Observed unusual volume indicators and 3 high-risk transactions. Customer KYC risk is low with case risk score 46.,Reviewed activity was reasonably explained or insufficiently suspicious for SAR filing.
CASE0096,CUST10455,High-Risk Wires,2026-02-20,60,16,31,235807.73,2,3,Structuring,43,Low,Escalate for Additional Review,0,Customer 0456,Business,United States,Moderate,0,18666.64,Reviewed 31 transactions over a 60-day lookback. Observed structuring indicators and 2 high-risk transactions. Customer KYC risk is moderate with case risk score 43.,Reviewed activity was reasonably explained or insufficiently suspicious for SAR filing.
CASE0097,CUST10203,High-Risk Wires,2026-02-02,30,31,59,123650.75,1,1,High-Risk Jurisdiction,51,Moderate,Close - No Suspicion,0,Customer 0204,Individual,Mexico,Low,0,14744.87,Reviewed 59 transactions over a 30-day lookback. Observed high-risk jurisdiction indicators and 1 high-risk transactions. Customer KYC risk is low with case risk score 51.,Reviewed activity was reasonably explained or insufficiently suspicious for SAR filing.
CASE0098,CUST10875,Structuring / Cash Activity,2026-05-21,180,21,8,146556.51,1,2,Activity Inconsistent with Profile,69,High,Close - No Suspicion,0,Customer 0876,Individual,Mexico,Low,0,17883.07,Reviewed 8 transactions over a 180-day lookback. Observed activity inconsistent with profile indicators and 1 high-risk transactions. Customer KYC risk is low with case risk score 69.,Reviewed activity was reasonably explained or insufficiently suspicious for SAR filing.
CASE0099,CUST10104,Rapid Movement of Funds,2026-02-01,90,27,113,33505.74,18,4,Activity Inconsistent with Profile,41,High,Escalate for Additional Review,0,Customer 0105,Individual,Mexico,Low,0,16362.88,Reviewed 113 transactions over a 90-day lookback. Observed activity inconsistent with profile indicators and 18 high-risk transactions. Customer KYC risk is low with case risk score 41.,Reviewed activity was reasonably explained or insufficiently suspicious for SAR filing.
CASE0100,CUST10746,Structuring / Cash Activity,2026-06-13,60,21,9,32110.11,3,1,Activity Inconsistent with Profile,38,Low,Escalate for Additional Review,0,Customer 0747,Business,Nigeria,Low,0,7509.61,Reviewed 9 transactions over a 60-day lookback. Observed activity inconsistent with profile indicators and 3 high-risk transactions. Customer KYC risk is low with case risk score 38.,Reviewed activity was reasonably explained or insufficiently suspicious for SAR filing.
CASE0101,CUST10281,Unusual Volume Increase,2026-03-02,60,9,104,24196.29,7,7,Structuring,62,Critical,SAR Filed,1,Customer 0282,Individual,United States,Moderate,0,2638.96,Reviewed 104 transactions over a 60-day lookback. Observed structuring indicators and 7 high-risk transactions. Customer KYC risk is moderate with case risk score 62.,Activity showed multiple unexplained red flags inconsistent with expected customer behavior.
CASE0102,CUST10473,P2P / Funnel Activity,2026-09-10,60,27,95,65407.43,14,0,Activity Inconsistent with Profile,50,Moderate,Close - No Suspicion,0,Customer 0474,Individual,Canada,Low,0,10092.67,Reviewed 95 transactions over a 60-day lookback. Observed activity inconsistent with profile indicators and 14 high-risk transactions. Customer KYC risk is low with case risk score 50.,Reviewed activity was reasonably explained or insufficiently suspicious for SAR filing.
CASE0103,CUST10709,Structuring / Cash Activity,2026-02-01,90,1,64,120758.38,2,2,Structuring,56,Moderate,Escalate for Additional Review,0,Customer 0710,Individual,United States,Low,0,4403.45,Reviewed 64 transactions over a 90-day lookback. Observed structuring indicators and 2 high-risk transactions. Customer KYC risk is low with case risk score 56.,Reviewed activity was reasonably explained or insufficiently suspicious for SAR filing.
CASE0104,CUST10336,Rapid Movement of Funds,2026-01-12,60,29,35,69262.27,5,6,High-Risk Jurisdiction,47,Critical,SAR Recommended,1,Customer 0337,Business,United Arab Emirates,Low,0,20887.79,Reviewed 35 transactions over a 60-day lookback. Observed high-risk jurisdiction indicators and 5 high-risk transactions. Customer KYC risk is low with case risk score 47.,Activity showed multiple unexplained red flags inconsistent with expected customer behavior.
CASE0105,CUST10199,Rapid Movement of Funds,2026-05-23,180,39,27,191227.21,4,1,Unusual Volume,73,High,SAR Filed,1,Customer 0200,Individual,Mexico,Low,0,3137.13,Reviewed 27 transactions over a 180-day lookback. Observed unusual volume indicators and 4 high-risk transactions. Customer KYC risk is low with case risk score 73.,Activity showed multiple unexplained red flags inconsistent with expected customer behavior.
CASE0106,CUST10131,High-Risk Wires,2026-05-15,90,16,69,25169.51,6,1,Structuring,74,High,Escalate for Additional Review,0,Customer 0132,Individual,United States,Moderate,0,5068.94,Reviewed 69 transactions over a 90-day lookback. Observed structuring indicators and 6 high-risk transactions. Customer KYC risk is moderate with case risk score 74.,Reviewed activity was reasonably explained or insufficiently suspicious for SAR filing.
CASE0107,CUST10218,Unusual Volume Increase,2026-06-30,90,14,103,25154.85,12,2,Unusual Volume,41,Low,Close - No Suspicion,0,Customer 0219,Individual,United Arab Emirates,Low,0,9466.63,Reviewed 103 transactions over a 90-day lookback. Observed unusual volume indicators and 12 high-risk transactions. Customer KYC risk is low with case risk score 41.,Reviewed activity was reasonably explained or insufficiently suspicious for SAR filing.
CASE0108,CUST10653,High-Risk Wires,2026-07-28,60,7,98,85498.98,5,1,Unusual Volume,69,High,Escalate for Additional Review,0,Customer 0654,Individual,United States,Low,0,110733.16,Reviewed 98 transactions over a 60-day lookback. Observed unusual volume indicators and 5 high-risk transactions. Customer KYC risk is low with case risk score 69.,Reviewed activity was reasonably explained or insufficiently suspicious for SAR filing.
CASE0109,CUST10774,Rapid Movement of Funds,2026-02-12,180,2,14,134327.3,4,4,Activity Inconsistent with Profile,76,High,SAR Filed,1,Customer 0775,Individual,United States,High,0,19612.67,Reviewed 14 transactions over a 180-day lookback. Observed activity inconsistent with profile indicators and 4 high-risk transactions. Customer KYC risk is high with case risk score 76.,Activity showed multiple unexplained red flags inconsistent with expected customer behavior.
CASE0110,CUST10487,Rapid Movement of Funds,2026-08-19,60,4,37,7526.39,3,1,High-Risk Jurisdiction,75,High,Close - No Suspicion,0,Customer 0488,Business,India,Moderate,0,18617.86,Reviewed 37 transactions over a 60-day lookback. Observed high-risk jurisdiction indicators and 3 high-risk transactions. Customer KYC risk is moderate with case risk score 75.,Reviewed activity was reasonably explained or insufficiently suspicious for SAR filing.
CASE0111,CUST10449,Structuring / Cash Activity,2026-01-17,180,21,42,126197.47,5,4,Rapid Movement,71,High,Escalate for Additional Review,0,Customer 0450,Individual,United States,Moderate,0,58794.89,Reviewed 42 transactions over a 180-day lookback. Observed rapid movement indicators and 5 high-risk transactions. Customer KYC risk is moderate with case risk score 71.,Reviewed activity was reasonably explained or insufficiently suspicious for SAR filing.
CASE0112,CUST10047,Structuring / Cash Activity,2026-05-21,90,20,51,78487.86,8,2,Rapid Movement,45,Low,Close - No Suspicion,0,Customer 0048,Individual,United States,Low,0,2420.64,Reviewed 51 transactions over a 90-day lookback. Observed rapid movement indicators and 8 high-risk transactions. Customer KYC risk is low with case risk score 45.,Reviewed activity was reasonably explained or insufficiently suspicious for SAR filing.
CASE0113,CUST10242,Unusual Volume Increase,2026-03-16,180,36,119,20333.82,8,1,Unusual Volume,73,High,Close - No Suspicion,0,Customer 0243,Individual,United Kingdom,Moderate,0,11509.57,Reviewed 119 transactions over a 180-day lookback. Observed unusual volume indicators and 8 high-risk transactions. Customer KYC risk is moderate with case risk score 73.,Reviewed activity was reasonably explained or insufficiently suspicious for SAR filing.
CASE0114,CUST10105,Business Activity Inconsistent with Profile,2026-07-08,180,9,29,19298.39,7,4,Structuring,69,High,Close - No Suspicion,0,Customer 0106,Business,Russia,High,0,5303.23,Reviewed 29 transactions over a 180-day lookback. Observed structuring indicators and 7 high-risk transactions. Customer KYC risk is high with case risk score 69.,Reviewed activity was reasonably explained or insufficiently suspicious for SAR filing.
CASE0115,CUST10345,Structuring / Cash Activity,2026-06-08,180,33,41,60697.95,2,2,Funnel Activity,65,High,SAR Filed,1,Customer 0346,Business,Turkey,High,0,30267.6,Reviewed 41 transactions over a 180-day lookback. Observed funnel activity indicators and 2 high-risk transactions. Customer KYC risk is high with case risk score 65.,Activity showed multiple unexplained red flags inconsistent with expected customer behavior.
CASE0116,CUST10170,Rapid Movement of Funds,2026-01-28,30,23,33,172248.93,8,1,Unusual Volume,53,Moderate,SAR Filed,1,Customer 0171,Individual,United Arab Emirates,Moderate,0,10953.99,Reviewed 33 transactions over a 30-day lookback. Observed unusual volume indicators and 8 high-risk transactions. Customer KYC risk is moderate with case risk score 53.,Activity showed multiple unexplained red flags inconsistent with expected customer behavior.
CASE0117,CUST10146,High-Risk Wires,2026-06-02,90,41,51,148415.7,9,0,Unusual Volume,70,High,Close - No Suspicion,0,Customer 0147,Individual,Canada,High,0,6624.72,Reviewed 51 transactions over a 90-day lookback. Observed unusual volume indicators and 9 high-risk transactions. Customer KYC risk is high with case risk score 70.,Reviewed activity was reasonably explained or insufficiently suspicious for SAR filing.
CASE0118,CUST10014,Business Activity Inconsistent with Profile,2026-06-16,90,15,43,41529.65,7,0,High-Risk Jurisdiction,51,Moderate,Close - No Suspicion,0,Customer 0015,Business,Nigeria,Moderate,0,21938.9,Reviewed 43 transactions over a 90-day lookback. Observed high-risk jurisdiction indicators and 7 high-risk transactions. Customer KYC risk is moderate with case risk score 51.,Reviewed activity was reasonably explained or insufficiently suspicious for SAR filing.
CASE0119,CUST10825,Unusual Volume Increase,2026-06-15,90,12,33,13102.83,1,2,High-Risk Jurisdiction,45,Low,Close - No Suspicion,0,Customer 0826,Individual,United States,Low,0,53175.34,Reviewed 33 transactions over a 90-day lookback. Observed high-risk jurisdiction indicators and 1 high-risk transactions. Customer KYC risk is low with case risk score 45.,Reviewed activity was reasonably explained or insufficiently suspicious for SAR filing.
CASE0120,CUST10529,Unusual Volume Increase,2026-09-04,60,44,13,60133.03,1,2,High-Risk Jurisdiction,45,Low,Close - No Suspicion,0,Customer 0530,Individual,India,Low,0,2409.88,Reviewed 13 transactions over a 60-day lookback. Observed high-risk jurisdiction indicators and 1 high-risk transactions. Customer KYC risk is low with case risk score 45.,Reviewed activity was reasonably explained or insufficiently suspicious for SAR filing.
CASE0121,CUST10614,Business Activity Inconsistent with Profile,2026-02-04,180,3,35,24432.89,7,1,Unusual Volume,73,High,Close - No Suspicion,0,Customer 0615,Individual,United States,Low,0,4830.87,Reviewed 35 transactions over a 180-day lookback. Observed unusual volume indicators and 7 high-risk transactions. Customer KYC risk is low with case risk score 73.,Reviewed activity was reasonably explained or insufficiently suspicious for SAR filing.
CASE0122,CUST10142,Unusual Volume Increase,2026-05-09,180,27,68,13918.45,5,2,Funnel Activity,57,Moderate,Escalate for Additional Review,0,Customer 0143,Individual,Canada,Low,0,27306.02,Reviewed 68 transactions over a 180-day lookback. Observed funnel activity indicators and 5 high-risk transactions. Customer KYC risk is low with case risk score 57.,Reviewed activity was reasonably explained or insufficiently suspicious for SAR filing.
CASE0123,CUST10110,Business Activity Inconsistent with Profile,2026-04-29,30,7,114,215150.43,6,5,Unusual Volume,67,High,SAR Filed,1,Customer 0111,Business,United States,Low,0,42814.74,Reviewed 114 transactions over a 30-day lookback. Observed unusual volume indicators and 6 high-risk transactions. Customer KYC risk is low with case risk score 67.,Activity showed multiple unexplained red flags inconsistent with expected customer behavior.
CASE0124,CUST10896,High-Risk Wires,2026-03-27,90,43,19,79853.51,5,2,High-Risk Jurisdiction,68,High,Close - No Suspicion,0,Customer 0897,Individual,United States,Low,0,8309.22,Reviewed 19 transactions over a 90-day lookback. Observed high-risk jurisdiction indicators and 5 high-risk transactions. Customer KYC risk is low with case risk score 68.,Reviewed activity was reasonably explained or insufficiently suspicious for SAR filing.
CASE0125,CUST10141,High-Risk Wires,2026-07-08,60,41,81,8792.05,6,3,Structuring,77,High,SAR Filed,1,Customer 0142,Individual,Canada,Moderate,0,27963.07,Reviewed 81 transactions over a 60-day lookback. Observed structuring indicators and 6 high-risk transactions. Customer KYC risk is moderate with case risk score 77.,Activity showed multiple unexplained red flags inconsistent with expected customer behavior.
CASE0126,CUST10008,High-Risk Wires,2026-01-05,90,15,118,22627.75,13,6,High-Risk Jurisdiction,53,Critical,Escalate for Additional Review,0,Customer 0009,Individual,United Arab Emirates,Low,0,12283.47,Reviewed 118 transactions over a 90-day lookback. Observed high-risk jurisdiction indicators and 13 high-risk transactions. Customer KYC risk is low with case risk score 53.,Reviewed activity was reasonably explained or insufficiently suspicious for SAR filing.
CASE0127,CUST10891,P2P / Funnel Activity,2026-08-13,90,42,34,133101.98,4,4,Unusual Volume,49,High,Escalate for Additional Review,0,Customer 0892,Individual,United States,Moderate,0,4572.78,Reviewed 34 transactions over a 90-day lookback. Observed unusual volume indicators and 4 high-risk transactions. Customer KYC risk is moderate with case risk score 49.,Reviewed activity was reasonably explained or insufficiently suspicious for SAR filing.
CASE0128,CUST10035,P2P / Funnel Activity,2026-04-01,90,11,36,58683.28,3,5,High-Risk Jurisdiction,59,High,SAR Filed,1,Customer 0036,Individual,United States,High,0,32998.71,Reviewed 36 transactions over a 90-day lookback. Observed high-risk jurisdiction indicators and 3 high-risk transactions. Customer KYC risk is high with case risk score 59.,Activity showed multiple unexplained red flags inconsistent with expected customer behavior.
CASE0129,CUST10569,Business Activity Inconsistent with Profile,2026-09-09,90,27,85,384717.88,5,5,Activity Inconsistent with Profile,49,High,Close - No Suspicion,0,Customer 0570,Individual,Turkey,Moderate,0,1652.23,Reviewed 85 transactions over a 90-day lookback. Observed activity inconsistent with profile indicators and 5 high-risk transactions. Customer KYC risk is moderate with case risk score 49.,Reviewed activity was reasonably explained or insufficiently suspicious for SAR filing.
CASE0130,CUST10756,Business Activity Inconsistent with Profile,2026-02-22,30,24,62,44547.03,6,7,Activity Inconsistent with Profile,70,Critical,Escalate for Additional Review,0,Customer 0757,Business,United States,Low,0,7139.27,Reviewed 62 transactions over a 30-day lookback. Observed activity inconsistent with profile indicators and 6 high-risk transactions. Customer KYC risk is low with case risk score 70.,Reviewed activity was reasonably explained or insufficiently suspicious for SAR filing.
CASE0131,CUST10233,Rapid Movement of Funds,2026-07-25,90,30,37,50988.45,5,1,Unusual Volume,38,Low,Close - No Suspicion,0,Customer 0234,Individual,United States,Low,0,3980.74,Reviewed 37 transactions over a 90-day lookback. Observed unusual volume indicators and 5 high-risk transactions. Customer KYC risk is low with case risk score 38.,Reviewed activity was reasonably explained or insufficiently suspicious for SAR filing.
CASE0132,CUST10494,Unusual Volume Increase,2026-07-26,60,23,31,240470.73,9,3,High-Risk Jurisdiction,64,Moderate,SAR Recommended,1,Customer 0495,Individual,United States,High,0,3553.81,Reviewed 31 transactions over a 60-day lookback. Observed high-risk jurisdiction indicators and 9 high-risk transactions. Customer KYC risk is high with case risk score 64.,Activity showed multiple unexplained red flags inconsistent with expected customer behavior.
CASE0133,CUST10572,P2P / Funnel Activity,2026-07-29,60,7,8,198584.18,0,2,Funnel Activity,45,Low,Close - No Suspicion,0,Customer 0573,Individual,United States,Low,0,40789.61,Reviewed 8 transactions over a 60-day lookback. Observed funnel activity indicators and 0 high-risk transactions. Customer KYC risk is low with case risk score 45.,Reviewed activity was reasonably explained or insufficiently suspicious for SAR filing.
CASE0134,CUST10759,Structuring / Cash Activity,2026-01-15,90,20,55,165987.04,3,3,High-Risk Jurisdiction,74,High,SAR Filed,1,Customer 0760,Individual,Mexico,Moderate,0,30891.42,Reviewed 55 transactions over a 90-day lookback. Observed high-risk jurisdiction indicators and 3 high-risk transactions. Customer KYC risk is moderate with case risk score 74.,Activity showed multiple unexplained red flags inconsistent with expected customer behavior.
CASE0135,CUST10788,Business Activity Inconsistent with Profile,2026-09-05,90,14,46,469360.43,1,1,Funnel Activity,44,Low,Close - No Suspicion,0,Customer 0789,Individual,Russia,Moderate,0,16611.02,Reviewed 46 transactions over a 90-day lookback. Observed funnel activity indicators and 1 high-risk transactions. Customer KYC risk is moderate with case risk score 44.,Reviewed activity was reasonably explained or insufficiently suspicious for SAR filing.
CASE0136,CUST10171,Unusual Volume Increase,2026-05-06,180,41,50,25227.95,11,5,Funnel Activity,58,High,SAR Recommended,1,Customer 0172,Business,China,Low,0,7775.81,Reviewed 50 transactions over a 180-day lookback. Observed funnel activity indicators and 11 high-risk transactions. Customer KYC risk is low with case risk score 58.,Activity showed multiple unexplained red flags inconsistent with expected customer behavior.
CASE0137,CUST10075,Unusual Volume Increase,2026-03-31,180,30,91,30046.04,7,1,Unusual Volume,78,High,Close - No Suspicion,0,Customer 0076,Individual,United States,High,0,5649.92,Reviewed 91 transactions over a 180-day lookback. Observed unusual volume indicators and 7 high-risk transactions. Customer KYC risk is high with case risk score 78.,Reviewed activity was reasonably explained or insufficiently suspicious for SAR filing.
CASE0138,CUST10496,High-Risk Wires,2026-02-10,60,44,103,48123.42,25,3,Rapid Movement,49,Low,SAR Filed,1,Customer 0497,Individual,United States,Moderate,0,12801.1,Reviewed 103 transactions over a 60-day lookback. Observed rapid movement indicators and 25 high-risk transactions. Customer KYC risk is moderate with case risk score 49.,Activity showed multiple unexplained red flags inconsistent with expected customer behavior.
CASE0139,CUST10370,Unusual Volume Increase,2026-08-06,60,19,14,17408.08,2,5,Structuring,45,High,Close - No Suspicion,0,Customer 0371,Individual,United States,Low,0,27500.79,Reviewed 14 transactions over a 60-day lookback. Observed structuring indicators and 2 high-risk transactions. Customer KYC risk is low with case risk score 45.,Reviewed activity was reasonably explained or insufficiently suspicious for SAR filing.
CASE0140,CUST10060,High-Risk Wires,2026-08-10,90,2,113,238344.2,23,2,Activity Inconsistent with Profile,67,High,Close - No Suspicion,0,Customer 0061,Business,Russia,Low,0,12451.23,Reviewed 113 transactions over a 90-day lookback. Observed activity inconsistent with profile indicators and 23 high-risk transactions. Customer KYC risk is low with case risk score 67.,Reviewed activity was reasonably explained or insufficiently suspicious for SAR filing.
CASE0141,CUST10638,Rapid Movement of Funds,2026-05-29,30,35,49,221995.06,5,3,Structuring,56,Moderate,SAR Recommended,1,Customer 0639,Individual,United States,Low,0,8134.23,Reviewed 49 transactions over a 30-day lookback. Observed structuring indicators and 5 high-risk transactions. Customer KYC risk is low with case risk score 56.,Activity showed multiple unexplained red flags inconsistent with expected customer behavior.
CASE0142,CUST10454,Structuring / Cash Activity,2026-08-17,90,8,40,90979.89,7,4,Unusual Volume,61,High,Close - No Suspicion,0,Customer 0455,Individual,United States,Low,0,20520.57,Reviewed 40 transactions over a 90-day lookback. Observed unusual volume indicators and 7 high-risk transactions. Customer KYC risk is low with case risk score 61.,Reviewed activity was reasonably explained or insufficiently suspicious for SAR filing.
CASE0143,CUST10618,Structuring / Cash Activity,2026-09-04,30,37,11,18838.2,1,2,Funnel Activity,51,Moderate,Close - No Suspicion,0,Customer 0619,Individual,United States,Low,0,41283.82,Reviewed 11 transactions over a 30-day lookback. Observed funnel activity indicators and 1 high-risk transactions. Customer KYC risk is low with case risk score 51.,Reviewed activity was reasonably explained or insufficiently suspicious for SAR filing.
CASE0144,CUST10292,Unusual Volume Increase,2026-01-22,30,20,48,65771.35,8,7,Structuring,71,Critical,SAR Recommended,1,Customer 0293,Individual,United States,Moderate,0,1334.69,Reviewed 48 transactions over a 30-day lookback. Observed structuring indicators and 8 high-risk transactions. Customer KYC risk is moderate with case risk score 71.,Activity showed multiple unexplained red flags inconsistent with expected customer behavior.
CASE0145,CUST10093,Structuring / Cash Activity,2026-06-20,30,31,12,91848.32,3,1,Rapid Movement,61,Moderate,Escalate for Additional Review,0,Customer 0094,Individual,Turkey,Moderate,0,6308.21,Reviewed 12 transactions over a 30-day lookback. Observed rapid movement indicators and 3 high-risk transactions. Customer KYC risk is moderate with case risk score 61.,Reviewed activity was reasonably explained or insufficiently suspicious for SAR filing.
CASE0146,CUST10744,Business Activity Inconsistent with Profile,2026-08-30,60,45,11,58382.31,1,0,Unusual Volume,41,Low,Close - No Suspicion,0,Customer 0745,Individual,United States,Low,0,20411.85,Reviewed 11 transactions over a 60-day lookback. Observed unusual volume indicators and 1 high-risk transactions. Customer KYC risk is low with case risk score 41.,Reviewed activity was reasonably explained or insufficiently suspicious for SAR filing.
CASE0147,CUST10088,Structuring / Cash Activity,2026-06-29,60,28,19,125942.05,4,3,Structuring,43,Low,SAR Recommended,1,Customer 0089,Individual,United States,Low,0,23061.42,Reviewed 19 transactions over a 60-day lookback. Observed structuring indicators and 4 high-risk transactions. Customer KYC risk is low with case risk score 43.,Activity showed multiple unexplained red flags inconsistent with expected customer behavior.
CASE0148,CUST10617,Rapid Movement of Funds,2026-05-27,180,17,68,27748.41,14,2,Structuring,56,Moderate,SAR Filed,1,Customer 0618,Individual,Canada,Low,0,6585.59,Reviewed 68 transactions over a 180-day lookback. Observed structuring indicators and 14 high-risk transactions. Customer KYC risk is low with case risk score 56.,Activity showed multiple unexplained red flags inconsistent with expected customer behavior.
CASE0149,CUST10534,Unusual Volume Increase,2026-03-15,90,43,102,461401.88,5,4,Rapid Movement,46,High,Escalate for Additional Review,0,Customer 0535,Business,United States,Low,0,8344.23,Reviewed 102 transactions over a 90-day lookback. Observed rapid movement indicators and 5 high-risk transactions. Customer KYC risk is low with case risk score 46.,Reviewed activity was reasonably explained or insufficiently suspicious for SAR filing.
CASE0150,CUST10824,P2P / Funnel Activity,2026-01-23,30,12,88,87394.84,6,2,Structuring,54,Moderate,Close - No Suspicion,0,Customer 0825,Individual,Turkey,Low,0,5553.0,Reviewed 88 transactions over a 30-day lookback. Observed structuring indicators and 6 high-risk transactions. Customer KYC risk is low with case risk score 54.,Reviewed activity was reasonably explained or insufficiently suspicious for SAR filing.
CASE0151,CUST10531,P2P / Funnel Activity,2026-07-16,60,23,40,94791.33,4,2,Unusual Volume,56,Moderate,Escalate for Additional Review,0,Customer 0532,Individual,United States,Moderate,0,30777.75,Reviewed 40 transactions over a 60-day lookback. Observed unusual volume indicators and 4 high-risk transactions. Customer KYC risk is moderate with case risk score 56.,Reviewed activity was reasonably explained or insufficiently suspicious for SAR filing.
CASE0152,CUST10314,Business Activity Inconsistent with Profile,2026-05-04,60,26,119,70283.29,28,2,Activity Inconsistent with Profile,61,Moderate,Escalate for Additional Review,0,Customer 0315,Business,China,Low,0,2124.21,Reviewed 119 transactions over a 60-day lookback. Observed activity inconsistent with profile indicators and 28 high-risk transactions. Customer KYC risk is low with case risk score 61.,Reviewed activity was reasonably explained or insufficiently suspicious for SAR filing.
CASE0153,CUST10096,Structuring / Cash Activity,2026-03-19,30,16,45,850202.94,19,2,Unusual Volume,55,Moderate,Escalate for Additional Review,0,Customer 0097,Individual,Canada,Low,0,25901.08,Reviewed 45 transactions over a 30-day lookback. Observed unusual volume indicators and 19 high-risk transactions. Customer KYC risk is low with case risk score 55.,Reviewed activity was reasonably explained or insufficiently suspicious for SAR filing.
CASE0154,CUST10764,Business Activity Inconsistent with Profile,2026-07-14,60,40,42,59004.92,4,5,Unusual Volume,55,High,SAR Filed,1,Customer 0765,Individual,India,Low,0,2639.82,Reviewed 42 transactions over a 60-day lookback. Observed unusual volume indicators and 4 high-risk transactions. Customer KYC risk is low with case risk score 55.,Activity showed multiple unexplained red flags inconsistent with expected customer behavior.
CASE0155,CUST10023,Structuring / Cash Activity,2026-04-04,180,27,41,386986.14,6,6,Rapid Movement,45,Critical,Close - No Suspicion,0,Customer 0024,Business,United States,Low,0,11155.26,Reviewed 41 transactions over a 180-day lookback. Observed rapid movement indicators and 6 high-risk transactions. Customer KYC risk is low with case risk score 45.,Reviewed activity was reasonably explained or insufficiently suspicious for SAR filing.
CASE0156,CUST10284,Business Activity Inconsistent with Profile,2026-01-16,90,13,15,128247.55,2,1,Funnel Activity,51,Moderate,SAR Recommended,1,Customer 0285,Individual,United Kingdom,Low,1,14983.56,Reviewed 15 transactions over a 90-day lookback. Observed funnel activity indicators and 2 high-risk transactions. Customer KYC risk is low with case risk score 51.,Activity showed multiple unexplained red flags inconsistent with expected customer behavior.
CASE0157,CUST10806,High-Risk Wires,2026-02-07,60,6,108,27302.27,19,1,High-Risk Jurisdiction,75,High,Escalate for Additional Review,0,Customer 0807,Individual,United States,Moderate,0,31658.84,Reviewed 108 transactions over a 60-day lookback. Observed high-risk jurisdiction indicators and 19 high-risk transactions. Customer KYC risk is moderate with case risk score 75.,Reviewed activity was reasonably explained or insufficiently suspicious for SAR filing.
CASE0158,CUST10883,Structuring / Cash Activity,2026-05-22,30,25,87,64496.89,19,6,Structuring,67,Critical,Close - No Suspicion,0,Customer 0884,Individual,China,Low,0,19602.97,Reviewed 87 transactions over a 30-day lookback. Observed structuring indicators and 19 high-risk transactions. Customer KYC risk is low with case risk score 67.,Reviewed activity was reasonably explained or insufficiently suspicious for SAR filing.
CASE0159,CUST10107,Business Activity Inconsistent with Profile,2026-02-06,180,5,67,234098.3,0,1,Activity Inconsistent with Profile,79,High,SAR Recommended,1,Customer 0108,Individual,Mexico,Moderate,0,14880.29,Reviewed 67 transactions over a 180-day lookback. Observed activity inconsistent with profile indicators and 0 high-risk transactions. Customer KYC risk is moderate with case risk score 79.,Activity showed multiple unexplained red flags inconsistent with expected customer behavior.
CASE0160,CUST10899,Rapid Movement of Funds,2026-05-19,180,33,113,10340.28,29,2,High-Risk Jurisdiction,54,Moderate,Escalate for Additional Review,0,Customer 0900,Individual,Russia,High,0,27740.71,Reviewed 113 transactions over a 180-day lookback. Observed high-risk jurisdiction indicators and 29 high-risk transactions. Customer KYC risk is high with case risk score 54.,Reviewed activity was reasonably explained or insufficiently suspicious for SAR filing.
CASE0161,CUST10763,Unusual Volume Increase,2026-07-09,90,5,23,58674.46,3,0,Structuring,59,Moderate,Close - No Suspicion,0,Customer 0764,Individual,China,Low,0,3339.66,Reviewed 23 transactions over a 90-day lookback. Observed structuring indicators and 3 high-risk transactions. Customer KYC risk is low with case risk score 59.,Reviewed activity was reasonably explained or insufficiently suspicious for SAR filing.
CASE0162,CUST10466,Business Activity Inconsistent with Profile,2026-02-17,30,44,117,678500.54,27,1,Structuring,46,Low,SAR Recommended,1,Customer 0467,Individual,United States,High,0,39408.23,Reviewed 117 transactions over a 30-day lookback. Observed structuring indicators and 27 high-risk transactions. Customer KYC risk is high with case risk score 46.,Activity showed multiple unexplained red flags inconsistent with expected customer behavior.
CASE0163,CUST10462,Business Activity Inconsistent with Profile,2026-08-04,60,44,24,40084.66,5,2,Unusual Volume,60,Moderate,Escalate for Additional Review,0,Customer 0463,Individual,India,Low,0,99960.31,Reviewed 24 transactions over a 60-day lookback. Observed unusual volume indicators and 5 high-risk transactions. Customer KYC risk is low with case risk score 60.,Reviewed activity was reasonably explained or insufficiently suspicious for SAR filing.
CASE0164,CUST10286,P2P / Funnel Activity,2026-06-10,180,2,26,26890.77,4,2,Funnel Activity,76,High,SAR Recommended,1,Customer 0287,Individual,Russia,Moderate,0,4597.27,Reviewed 26 transactions over a 180-day lookback. Observed funnel activity indicators and 4 high-risk transactions. Customer KYC risk is moderate with case risk score 76.,Activity showed multiple unexplained red flags inconsistent with expected customer behavior.
CASE0165,CUST10725,High-Risk Wires,2026-07-24,90,34,50,79434.43,0,4,High-Risk Jurisdiction,56,High,Escalate for Additional Review,0,Customer 0726,Business,United States,Low,0,13194.38,Reviewed 50 transactions over a 90-day lookback. Observed high-risk jurisdiction indicators and 0 high-risk transactions. Customer KYC risk is low with case risk score 56.,Reviewed activity was reasonably explained or insufficiently suspicious for SAR filing.
CASE0166,CUST10772,Unusual Volume Increase,2026-03-04,90,29,69,180968.94,12,3,Unusual Volume,49,Low,Close - No Suspicion,0,Customer 0773,Individual,United States,Moderate,0,6744.78,Reviewed 69 transactions over a 90-day lookback. Observed unusual volume indicators and 12 high-risk transactions. Customer KYC risk is moderate with case risk score 49.,Reviewed activity was reasonably explained or insufficiently suspicious for SAR filing.
CASE0167,CUST10125,Business Activity Inconsistent with Profile,2026-06-25,90,10,19,12184.11,0,2,Rapid Movement,41,Low,Escalate for Additional Review,0,Customer 0126,Individual,United States,Low,0,21606.41,Reviewed 19 transactions over a 90-day lookback. Observed rapid movement indicators and 0 high-risk transactions. Customer KYC risk is low with case risk score 41.,Reviewed activity was reasonably explained or insufficiently suspicious for SAR filing.
CASE0168,CUST10750,Business Activity Inconsistent with Profile,2026-03-17,60,36,99,19720.46,21,3,Activity Inconsistent with Profile,50,Moderate,Escalate for Additional Review,0,Customer 0751,Individual,India,Moderate,0,12241.29,Reviewed 99 transactions over a 60-day lookback. Observed activity inconsistent with profile indicators and 21 high-risk transactions. Customer KYC risk is moderate with case risk score 50.,Reviewed activity was reasonably explained or insufficiently suspicious for SAR filing.
CASE0169,CUST10632,Business Activity Inconsistent with Profile,2026-07-04,90,9,23,30189.5,3,3,Activity Inconsistent with Profile,71,High,Close - No Suspicion,0,Customer 0633,Business,United Arab Emirates,High,0,9248.9,Reviewed 23 transactions over a 90-day lookback. Observed activity inconsistent with profile indicators and 3 high-risk transactions. Customer KYC risk is high with case risk score 71.,Reviewed activity was reasonably explained or insufficiently suspicious for SAR filing.
CASE0170,CUST10815,Unusual Volume Increase,2026-07-23,60,45,109,42237.61,9,4,Structuring,58,High,Escalate for Additional Review,0,Customer 0816,Individual,Nigeria,Low,0,2050.42,Reviewed 109 transactions over a 60-day lookback. Observed structuring indicators and 9 high-risk transactions. Customer KYC risk is low with case risk score 58.,Reviewed activity was reasonably explained or insufficiently suspicious for SAR filing.
CASE0171,CUST10776,Rapid Movement of Funds,2026-01-27,180,31,22,90452.43,3,1,High-Risk Jurisdiction,46,Low,Close - No Suspicion,0,Customer 0777,Individual,United Kingdom,Moderate,0,6587.72,Reviewed 22 transactions over a 180-day lookback. Observed high-risk jurisdiction indicators and 3 high-risk transactions. Customer KYC risk is moderate with case risk score 46.,Reviewed activity was reasonably explained or insufficiently suspicious for SAR filing.
CASE0172,CUST10243,Structuring / Cash Activity,2026-01-05,30,7,103,192105.02,0,4,Funnel Activity,41,High,Escalate for Additional Review,0,Customer 0244,Individual,United States,Moderate,0,7032.74,Reviewed 103 transactions over a 30-day lookback. Observed funnel activity indicators and 0 high-risk transactions. Customer KYC risk is moderate with case risk score 41.,Reviewed activity was reasonably explained or insufficiently suspicious for SAR filing.
CASE0173,CUST10040,Structuring / Cash Activity,2026-01-11,30,33,44,92726.02,4,1,Structuring,57,Moderate,Escalate for Additional Review,0,Customer 0041,Individual,Canada,Low,0,9975.13,Reviewed 44 transactions over a 30-day lookback. Observed structuring indicators and 4 high-risk transactions. Customer KYC risk is low with case risk score 57.,Reviewed activity was reasonably explained or insufficiently suspicious for SAR filing.
CASE0174,CUST10311,Structuring / Cash Activity,2026-04-09,60,26,18,9975.79,4,0,Activity Inconsistent with Profile,49,Low,Close - No Suspicion,0,Customer 0312,Individual,Turkey,Low,0,15104.5,Reviewed 18 transactions over a 60-day lookback. Observed activity inconsistent with profile indicators and 4 high-risk transactions. Customer KYC risk is low with case risk score 49.,Reviewed activity was reasonably explained or insufficiently suspicious for SAR filing.
CASE0175,CUST10391,Rapid Movement of Funds,2026-07-11,180,45,37,33561.19,6,2,Unusual Volume,79,High,Escalate for Additional Review,0,Customer 0392,Business,United States,Moderate,0,12330.07,Reviewed 37 transactions over a 180-day lookback. Observed unusual volume indicators and 6 high-risk transactions. Customer KYC risk is moderate with case risk score 79.,Reviewed activity was reasonably explained or insufficiently suspicious for SAR filing.
CASE0176,CUST10769,Rapid Movement of Funds,2026-07-07,90,29,37,20684.4,7,6,Activity Inconsistent with Profile,47,Critical,Escalate for Additional Review,0,Customer 0770,Individual,United States,Moderate,0,6452.82,Reviewed 37 transactions over a 90-day lookback. Observed activity inconsistent with profile indicators and 7 high-risk transactions. Customer KYC risk is moderate with case risk score 47.,Reviewed activity was reasonably explained or insufficiently suspicious for SAR filing.
CASE0177,CUST10840,Unusual Volume Increase,2026-01-17,60,16,99,12058.18,10,2,Unusual Volume,73,High,Close - No Suspicion,0,Customer 0841,Individual,United States,Low,0,24263.3,Reviewed 99 transactions over a 60-day lookback. Observed unusual volume indicators and 10 high-risk transactions. Customer KYC risk is low with case risk score 73.,Reviewed activity was reasonably explained or insufficiently suspicious for SAR filing.
CASE0178,CUST10554,Unusual Volume Increase,2026-08-15,30,1,29,16120.35,6,4,Unusual Volume,40,High,SAR Recommended,1,Customer 0555,Business,China,Moderate,0,1399.44,Reviewed 29 transactions over a 30-day lookback. Observed unusual volume indicators and 6 high-risk transactions. Customer KYC risk is moderate with case risk score 40.,Activity showed multiple unexplained red flags inconsistent with expected customer behavior.
CASE0179,CUST10695,High-Risk Wires,2026-03-19,90,18,58,9884.02,11,0,Rapid Movement,51,Moderate,SAR Filed,1,Customer 0696,Individual,United Arab Emirates,High,0,30850.42,Reviewed 58 transactions over a 90-day lookback. Observed rapid movement indicators and 11 high-risk transactions. Customer KYC risk is high with case risk score 51.,Activity showed multiple unexplained red flags inconsistent with expected customer behavior.
CASE0180,CUST10055,Structuring / Cash Activity,2026-02-15,60,24,64,74965.18,5,0,High-Risk Jurisdiction,73,High,Close - No Suspicion,0,Customer 0056,Individual,Canada,Moderate,0,2696.17,Reviewed 64 transactions over a 60-day lookback. Observed high-risk jurisdiction indicators and 5 high-risk transactions. Customer KYC risk is moderate with case risk score 73.,Reviewed activity was reasonably explained or insufficiently suspicious for SAR filing.
CASE0181,CUST10321,High-Risk Wires,2026-07-23,90,29,110,272552.25,25,4,Activity Inconsistent with Profile,65,High,SAR Filed,1,Customer 0322,Individual,United Kingdom,Low,0,14078.9,Reviewed 110 transactions over a 90-day lookback. Observed activity inconsistent with profile indicators and 25 high-risk transactions. Customer KYC risk is low with case risk score 65.,Activity showed multiple unexplained red flags inconsistent with expected customer behavior.
CASE0182,CUST10192,High-Risk Wires,2026-03-05,60,14,100,227408.66,13,3,Structuring,54,Moderate,Close - No Suspicion,0,Customer 0193,Individual,United States,Low,0,20255.59,Reviewed 100 transactions over a 60-day lookback. Observed structuring indicators and 13 high-risk transactions. Customer KYC risk is low with case risk score 54.,Reviewed activity was reasonably explained or insufficiently suspicious for SAR filing.
CASE0183,CUST10873,Business Activity Inconsistent with Profile,2026-07-20,90,23,85,20199.58,15,3,Rapid Movement,67,High,Close - No Suspicion,0,Customer 0874,Individual,India,Moderate,0,21775.77,Reviewed 85 transactions over a 90-day lookback. Observed rapid movement indicators and 15 high-risk transactions. Customer KYC risk is moderate with case risk score 67.,Reviewed activity was reasonably explained or insufficiently suspicious for SAR filing.
CASE0184,CUST10038,Business Activity Inconsistent with Profile,2026-04-14,60,28,34,95872.63,2,1,Rapid Movement,37,Low,Close - No Suspicion,0,Customer 0039,Individual,United States,Low,0,5250.05,Reviewed 34 transactions over a 60-day lookback. Observed rapid movement indicators and 2 high-risk transactions. Customer KYC risk is low with case risk score 37.,Reviewed activity was reasonably explained or insufficiently suspicious for SAR filing.
CASE0185,CUST10783,Rapid Movement of Funds,2026-06-11,90,34,82,24123.31,22,1,Funnel Activity,39,Low,Close - No Suspicion,0,Customer 0784,Individual,United Arab Emirates,Low,0,2594.51,Reviewed 82 transactions over a 90-day lookback. Observed funnel activity indicators and 22 high-risk transactions. Customer KYC risk is low with case risk score 39.,Reviewed activity was reasonably explained or insufficiently suspicious for SAR filing.
CASE0186,CUST10033,P2P / Funnel Activity,2026-07-27,30,7,112,39845.3,1,4,Activity Inconsistent with Profile,48,High,Close - No Suspicion,0,Customer 0034,Individual,Nigeria,Moderate,0,2359.02,Reviewed 112 transactions over a 30-day lookback. Observed activity inconsistent with profile indicators and 1 high-risk transactions. Customer KYC risk is moderate with case risk score 48.,Reviewed activity was reasonably explained or insufficiently suspicious for SAR filing.
CASE0187,CUST10039,Business Activity Inconsistent with Profile,2026-05-02,60,20,55,9433.6,2,1,Funnel Activity,48,Low,Escalate for Additional Review,0,Customer 0040,Business,United States,Moderate,0,4314.56,Reviewed 55 transactions over a 60-day lookback. Observed funnel activity indicators and 2 high-risk transactions. Customer KYC risk is moderate with case risk score 48.,Reviewed activity was reasonably explained or insufficiently suspicious for SAR filing.
CASE0188,CUST10894,Structuring / Cash Activity,2026-02-06,90,2,36,65708.85,3,2,High-Risk Jurisdiction,65,High,Close - No Suspicion,0,Customer 0895,Individual,China,Low,0,20501.97,Reviewed 36 transactions over a 90-day lookback. Observed high-risk jurisdiction indicators and 3 high-risk transactions. Customer KYC risk is low with case risk score 65.,Reviewed activity was reasonably explained or insufficiently suspicious for SAR filing.
CASE0189,CUST10708,High-Risk Wires,2026-07-13,60,4,89,129134.26,7,2,Funnel Activity,41,Low,Close - No Suspicion,0,Customer 0709,Business,United States,Moderate,0,11652.96,Reviewed 89 transactions over a 60-day lookback. Observed funnel activity indicators and 7 high-risk transactions. Customer KYC risk is moderate with case risk score 41.,Reviewed activity was reasonably explained or insufficiently suspicious for SAR filing.
CASE0190,CUST10680,Structuring / Cash Activity,2026-07-09,30,9,98,28426.32,18,4,Funnel Activity,40,High,SAR Filed,1,Customer 0681,Individual,Turkey,Moderate,0,19368.97,Reviewed 98 transactions over a 30-day lookback. Observed funnel activity indicators and 18 high-risk transactions. Customer KYC risk is moderate with case risk score 40.,Activity showed multiple unexplained red flags inconsistent with expected customer behavior.
CASE0191,CUST10226,P2P / Funnel Activity,2026-05-31,180,26,13,133364.64,0,3,Activity Inconsistent with Profile,56,Moderate,Close - No Suspicion,0,Customer 0227,Individual,Nigeria,Moderate,0,4684.66,Reviewed 13 transactions over a 180-day lookback. Observed activity inconsistent with profile indicators and 0 high-risk transactions. Customer KYC risk is moderate with case risk score 56.,Reviewed activity was reasonably explained or insufficiently suspicious for SAR filing.
CASE0192,CUST10280,Business Activity Inconsistent with Profile,2026-02-05,60,28,45,308726.22,7,3,Unusual Volume,74,High,SAR Recommended,1,Customer 0281,Individual,United Kingdom,Low,0,11555.76,Reviewed 45 transactions over a 60-day lookback. Observed unusual volume indicators and 7 high-risk transactions. Customer KYC risk is low with case risk score 74.,Activity showed multiple unexplained red flags inconsistent with expected customer behavior.
CASE0193,CUST10604,P2P / Funnel Activity,2026-07-17,90,29,99,41480.07,21,2,Activity Inconsistent with Profile,52,Moderate,SAR Filed,1,Customer 0605,Individual,United States,Low,0,24335.77,Reviewed 99 transactions over a 90-day lookback. Observed activity inconsistent with profile indicators and 21 high-risk transactions. Customer KYC risk is low with case risk score 52.,Activity showed multiple unexplained red flags inconsistent with expected customer behavior.
CASE0194,CUST10701,Unusual Volume Increase,2026-05-09,180,15,14,28072.02,1,1,Funnel Activity,62,Moderate,Escalate for Additional Review,0,Customer 0702,Individual,United States,Low,1,12039.7,Reviewed 14 transactions over a 180-day lookback. Observed funnel activity indicators and 1 high-risk transactions. Customer KYC risk is low with case risk score 62.,Reviewed activity was reasonably explained or insufficiently suspicious for SAR filing.
CASE0195,CUST10115,High-Risk Wires,2026-04-04,30,27,25,78180.82,4,2,Funnel Activity,84,Critical,Escalate for Additional Review,0,Customer 0116,Business,United States,High,0,23796.37,Reviewed 25 transactions over a 30-day lookback. Observed funnel activity indicators and 4 high-risk transactions. Customer KYC risk is high with case risk score 84.,Reviewed activity was reasonably explained or insufficiently suspicious for SAR filing.
CASE0196,CUST10567,Structuring / Cash Activity,2026-05-14,60,21,25,137205.42,6,3,High-Risk Jurisdiction,49,Low,SAR Filed,1,Customer 0568,Business,Nigeria,Low,0,5477.83,Reviewed 25 transactions over a 60-day lookback. Observed high-risk jurisdiction indicators and 6 high-risk transactions. Customer KYC risk is low with case risk score 49.,Activity showed multiple unexplained red flags inconsistent with expected customer behavior.
CASE0197,CUST10324,Business Activity Inconsistent with Profile,2026-08-04,90,30,72,211557.05,4,4,Funnel Activity,68,High,SAR Recommended,1,Customer 0325,Individual,United States,Low,0,1955.18,Reviewed 72 transactions over a 90-day lookback. Observed funnel activity indicators and 4 high-risk transactions. Customer KYC risk is low with case risk score 68.,Activity showed multiple unexplained red flags inconsistent with expected customer behavior.
CASE0198,CUST10693,Business Activity Inconsistent with Profile,2026-01-20,180,26,113,79087.92,11,2,Activity Inconsistent with Profile,59,Moderate,Close - No Suspicion,0,Customer 0694,Individual,Turkey,Moderate,0,7108.11,Reviewed 113 transactions over a 180-day lookback. Observed activity inconsistent with profile indicators and 11 high-risk transactions. Customer KYC risk is moderate with case risk score 59.,Reviewed activity was reasonably explained or insufficiently suspicious for SAR filing.
CASE0199,CUST10217,Business Activity Inconsistent with Profile,2026-05-25,90,17,112,653173.92,22,3,Unusual Volume,55,Moderate,Close - No Suspicion,0,Customer 0218,Individual,United States,Low,0,11670.57,Reviewed 112 transactions over a 90-day lookback. Observed unusual volume indicators and 22 high-risk transactions. Customer KYC risk is low with case risk score 55.,Reviewed activity was reasonably explained or insufficiently suspicious for SAR filing.
CASE0200,CUST10268,P2P / Funnel Activity,2026-01-24,90,36,53,162470.17,13,2,Structuring,39,Low,Close - No Suspicion,0,Customer 0269,Individual,Turkey,Low,0,29423.08,Reviewed 53 transactions over a 90-day lookback. Observed structuring indicators and 13 high-risk transactions. Customer KYC risk is low with case risk score 39.,Reviewed activity was reasonably explained or insufficiently suspicious for SAR filing.
CASE0201,CUST10448,P2P / Funnel Activity,2026-05-24,90,26,54,265202.98,6,2,Activity Inconsistent with Profile,66,High,Close - No Suspicion,0,Customer 0449,Individual,United States,Moderate,1,8059.88,Reviewed 54 transactions over a 90-day lookback. Observed activity inconsistent with profile indicators and 6 high-risk transactions. Customer KYC risk is moderate with case risk score 66.,Reviewed activity was reasonably explained or insufficiently suspicious for SAR filing.
CASE0202,CUST10660,Rapid Movement of Funds,2026-07-07,60,18,21,345559.52,1,3,Activity Inconsistent with Profile,50,Moderate,Close - No Suspicion,0,Customer 0661,Business,United States,Low,0,4669.97,Reviewed 21 transactions over a 60-day lookback. Observed activity inconsistent with profile indicators and 1 high-risk transactions. Customer KYC risk is low with case risk score 50.,Reviewed activity was reasonably explained or insufficiently suspicious for SAR filing.
CASE0203,CUST10517,Unusual Volume Increase,2026-02-08,90,30,24,154978.56,3,3,Activity Inconsistent with Profile,73,High,Escalate for Additional Review,0,Customer 0518,Individual,United States,Moderate,0,4760.89,Reviewed 24 transactions over a 90-day lookback. Observed activity inconsistent with profile indicators and 3 high-risk transactions. Customer KYC risk is moderate with case risk score 73.,Reviewed activity was reasonably explained or insufficiently suspicious for SAR filing.
CASE0204,CUST10504,Rapid Movement of Funds,2026-05-22,90,5,105,19701.69,10,5,Unusual Volume,36,High,Close - No Suspicion,0,Customer 0505,Individual,Mexico,Low,0,14671.59,Reviewed 105 transactions over a 90-day lookback. Observed unusual volume indicators and 10 high-risk transactions. Customer KYC risk is low with case risk score 36.,Reviewed activity was reasonably explained or insufficiently suspicious for SAR filing.
CASE0205,CUST10382,Rapid Movement of Funds,2026-03-21,90,33,77,13613.96,10,4,High-Risk Jurisdiction,54,High,Close - No Suspicion,0,Customer 0383,Individual,Nigeria,High,0,8142.08,Reviewed 77 transactions over a 90-day lookback. Observed high-risk jurisdiction indicators and 10 high-risk transactions. Customer KYC risk is high with case risk score 54.,Reviewed activity was reasonably explained or insufficiently suspicious for SAR filing.
CASE0206,CUST10475,P2P / Funnel Activity,2026-08-19,30,34,80,219868.23,14,1,Funnel Activity,92,Critical,SAR Recommended,1,Customer 0476,Individual,United Arab Emirates,High,1,1790.51,Reviewed 80 transactions over a 30-day lookback. Observed funnel activity indicators and 14 high-risk transactions. Customer KYC risk is high with case risk score 92.,Activity showed multiple unexplained red flags inconsistent with expected customer behavior.
CASE0207,CUST10308,High-Risk Wires,2026-03-01,180,37,56,93096.15,7,2,Funnel Activity,68,High,Close - No Suspicion,0,Customer 0309,Individual,United States,High,0,23177.88,Reviewed 56 transactions over a 180-day lookback. Observed funnel activity indicators and 7 high-risk transactions. Customer KYC risk is high with case risk score 68.,Reviewed activity was reasonably explained or insufficiently suspicious for SAR filing.
CASE0208,CUST10506,Business Activity Inconsistent with Profile,2026-03-05,60,42,8,4848.24,3,6,Unusual Volume,77,Critical,SAR Recommended,1,Customer 0507,Individual,Mexico,Moderate,0,6940.71,Reviewed 8 transactions over a 60-day lookback. Observed unusual volume indicators and 3 high-risk transactions. Customer KYC risk is moderate with case risk score 77.,Activity showed multiple unexplained red flags inconsistent with expected customer behavior.
CASE0209,CUST10686,Rapid Movement of Funds,2026-03-22,30,5,58,179015.66,3,3,Unusual Volume,72,High,Close - No Suspicion,0,Customer 0687,Individual,United States,Low,0,9247.63,Reviewed 58 transactions over a 30-day lookback. Observed unusual volume indicators and 3 high-risk transactions. Customer KYC risk is low with case risk score 72.,Reviewed activity was reasonably explained or insufficiently suspicious for SAR filing.
CASE0210,CUST10584,Unusual Volume Increase,2026-06-14,90,3,103,63457.44,24,4,Funnel Activity,67,High,SAR Recommended,1,Customer 0585,Individual,United States,Low,0,2209.98,Reviewed 103 transactions over a 90-day lookback. Observed funnel activity indicators and 24 high-risk transactions. Customer KYC risk is low with case risk score 67.,Activity showed multiple unexplained red flags inconsistent with expected customer behavior.
CASE0211,CUST10349,Unusual Volume Increase,2026-08-14,30,22,92,30728.93,11,2,Activity Inconsistent with Profile,57,Moderate,Escalate for Additional Review,0,Customer 0350,Individual,Mexico,Low,0,36928.05,Reviewed 92 transactions over a 30-day lookback. Observed activity inconsistent with profile indicators and 11 high-risk transactions. Customer KYC risk is low with case risk score 57.,Reviewed activity was reasonably explained or insufficiently suspicious for SAR filing.
CASE0212,CUST10525,Unusual Volume Increase,2026-06-28,90,43,42,97767.53,14,3,Funnel Activity,68,High,Escalate for Additional Review,0,Customer 0526,Individual,Mexico,Low,0,3061.86,Reviewed 42 transactions over a 90-day lookback. Observed funnel activity indicators and 14 high-risk transactions. Customer KYC risk is low with case risk score 68.,Reviewed activity was reasonably explained or insufficiently suspicious for SAR filing.
CASE0213,CUST10071,Business Activity Inconsistent with Profile,2026-09-04,180,21,115,12463.61,15,4,Rapid Movement,71,High,SAR Filed,1,Customer 0072,Individual,United States,High,0,4249.45,Reviewed 115 transactions over a 180-day lookback. Observed rapid movement indicators and 15 high-risk transactions. Customer KYC risk is high with case risk score 71.,Activity showed multiple unexplained red flags inconsistent with expected customer behavior.
CASE0214,CUST10552,Unusual Volume Increase,2026-02-07,90,3,101,76566.15,23,4,Funnel Activity,59,High,Close - No Suspicion,0,Customer 0553,Individual,United States,Low,0,15631.48,Reviewed 101 transactions over a 90-day lookback. Observed funnel activity indicators and 23 high-risk transactions. Customer KYC risk is low with case risk score 59.,Reviewed activity was reasonably explained or insufficiently suspicious for SAR filing.
CASE0215,CUST10257,Structuring / Cash Activity,2026-05-26,30,24,32,88029.65,2,2,Activity Inconsistent with Profile,50,Moderate,Close - No Suspicion,0,Customer 0258,Individual,United States,Moderate,0,15510.31,Reviewed 32 transactions over a 30-day lookback. Observed activity inconsistent with profile indicators and 2 high-risk transactions. Customer KYC risk is moderate with case risk score 50.,Reviewed activity was reasonably explained or insufficiently suspicious for SAR filing.
CASE0216,CUST10219,Business Activity Inconsistent with Profile,2026-03-18,90,44,70,22078.32,2,2,Funnel Activity,61,Moderate,SAR Recommended,1,Customer 0220,Individual,United States,Low,0,8911.58,Reviewed 70 transactions over a 90-day lookback. Observed funnel activity indicators and 2 high-risk transactions. Customer KYC risk is low with case risk score 61.,Activity showed multiple unexplained red flags inconsistent with expected customer behavior.
CASE0217,CUST10291,Rapid Movement of Funds,2026-09-06,90,42,119,6823.25,5,5,Rapid Movement,68,High,Escalate for Additional Review,0,Customer 0292,Individual,United States,Moderate,0,12471.88,Reviewed 119 transactions over a 90-day lookback. Observed rapid movement indicators and 5 high-risk transactions. Customer KYC risk is moderate with case risk score 68.,Reviewed activity was reasonably explained or insufficiently suspicious for SAR filing.
CASE0218,CUST10415,Unusual Volume Increase,2026-02-13,30,34,44,40071.67,8,2,Rapid Movement,62,Moderate,Close - No Suspicion,0,Customer 0416,Individual,United States,Low,0,8153.45,Reviewed 44 transactions over a 30-day lookback. Observed rapid movement indicators and 8 high-risk transactions. Customer KYC risk is low with case risk score 62.,Reviewed activity was reasonably explained or insufficiently suspicious for SAR filing.
CASE0219,CUST10338,Structuring / Cash Activity,2026-01-29,30,44,18,200744.2,6,0,High-Risk Jurisdiction,41,Low,Close - No Suspicion,0,Customer 0339,Individual,China,Low,0,19501.36,Reviewed 18 transactions over a 30-day lookback. Observed high-risk jurisdiction indicators and 6 high-risk transactions. Customer KYC risk is low with case risk score 41.,Reviewed activity was reasonably explained or insufficiently suspicious for SAR filing.
CASE0220,CUST10588,Structuring / Cash Activity,2026-01-29,60,19,87,73621.6,17,6,Activity Inconsistent with Profile,58,Critical,SAR Recommended,1,Customer 0589,Individual,United States,Moderate,0,55008.15,Reviewed 87 transactions over a 60-day lookback. Observed activity inconsistent with profile indicators and 17 high-risk transactions. Customer KYC risk is moderate with case risk score 58.,Activity showed multiple unexplained red flags inconsistent with expected customer behavior.
CASE0221,CUST10596,High-Risk Wires,2026-05-07,60,5,94,11367.56,9,3,High-Risk Jurisdiction,71,High,Escalate for Additional Review,0,Customer 0597,Individual,India,Low,0,7721.38,Reviewed 94 transactions over a 60-day lookback. Observed high-risk jurisdiction indicators and 9 high-risk transactions. Customer KYC risk is low with case risk score 71.,Reviewed activity was reasonably explained or insufficiently suspicious for SAR filing.
CASE0222,CUST10666,Structuring / Cash Activity,2026-04-07,30,12,53,22548.33,10,5,High-Risk Jurisdiction,59,High,Close - No Suspicion,0,Customer 0667,Individual,China,Moderate,0,1976.46,Reviewed 53 transactions over a 30-day lookback. Observed high-risk jurisdiction indicators and 10 high-risk transactions. Customer KYC risk is moderate with case risk score 59.,Reviewed activity was reasonably explained or insufficiently suspicious for SAR filing.
CASE0223,CUST10066,High-Risk Wires,2026-08-19,90,32,48,15111.43,7,2,High-Risk Jurisdiction,51,Moderate,Escalate for Additional Review,0,Customer 0067,Individual,Russia,Low,1,11174.18,Reviewed 48 transactions over a 90-day lookback. Observed high-risk jurisdiction indicators and 7 high-risk transactions. Customer KYC risk is low with case risk score 51.,Reviewed activity was reasonably explained or insufficiently suspicious for SAR filing.
CASE0224,CUST10673,High-Risk Wires,2026-04-28,60,29,30,34865.53,3,4,Funnel Activity,58,High,Escalate for Additional Review,0,Customer 0674,Individual,United States,Low,0,3772.06,Reviewed 30 transactions over a 60-day lookback. Observed funnel activity indicators and 3 high-risk transactions. Customer KYC risk is low with case risk score 58.,Reviewed activity was reasonably explained or insufficiently suspicious for SAR filing.
CASE0225,CUST10620,Rapid Movement of Funds,2026-06-26,90,2,96,39297.7,20,5,Rapid Movement,51,High,Escalate for Additional Review,0,Customer 0621,Individual,United Arab Emirates,Moderate,0,6561.81,Reviewed 96 transactions over a 90-day lookback. Observed rapid movement indicators and 20 high-risk transactions. Customer KYC risk is moderate with case risk score 51.,Reviewed activity was reasonably explained or insufficiently suspicious for SAR filing.
CASE0226,CUST10502,Business Activity Inconsistent with Profile,2026-05-05,30,8,44,18506.37,11,4,High-Risk Jurisdiction,40,High,Close - No Suspicion,0,Customer 0503,Individual,India,Low,0,4477.29,Reviewed 44 transactions over a 30-day lookback. Observed high-risk jurisdiction indicators and 11 high-risk transactions. Customer KYC risk is low with case risk score 40.,Reviewed activity was reasonably explained or insufficiently suspicious for SAR filing.
CASE0227,CUST10403,Unusual Volume Increase,2026-03-01,180,23,56,100162.91,13,2,Unusual Volume,46,Low,Close - No Suspicion,0,Customer 0404,Individual,Mexico,High,0,13419.53,Reviewed 56 transactions over a 180-day lookback. Observed unusual volume indicators and 13 high-risk transactions. Customer KYC risk is high with case risk score 46.,Reviewed activity was reasonably explained or insufficiently suspicious for SAR filing.
CASE0228,CUST10885,P2P / Funnel Activity,2026-05-27,90,42,70,480588.24,7,8,Funnel Activity,63,Critical,SAR Filed,1,Customer 0886,Individual,United States,High,0,99530.44,Reviewed 70 transactions over a 90-day lookback. Observed funnel activity indicators and 7 high-risk transactions. Customer KYC risk is high with case risk score 63.,Activity showed multiple unexplained red flags inconsistent with expected customer behavior.
CASE0229,CUST10745,P2P / Funnel Activity,2026-03-27,90,34,55,51285.88,5,2,Rapid Movement,55,Moderate,Close - No Suspicion,0,Customer 0746,Individual,Turkey,Low,0,11706.01,Reviewed 55 transactions over a 90-day lookback. Observed rapid movement indicators and 5 high-risk transactions. Customer KYC risk is low with case risk score 55.,Reviewed activity was reasonably explained or insufficiently suspicious for SAR filing.
CASE0230,CUST10768,Business Activity Inconsistent with Profile,2026-02-09,60,18,10,20304.91,1,3,Structuring,74,High,SAR Recommended,1,Customer 0769,Individual,United States,High,0,4345.57,Reviewed 10 transactions over a 60-day lookback. Observed structuring indicators and 1 high-risk transactions. Customer KYC risk is high with case risk score 74.,Activity showed multiple unexplained red flags inconsistent with expected customer behavior.
CASE0231,CUST10123,Business Activity Inconsistent with Profile,2026-08-26,60,41,79,62446.25,16,2,Unusual Volume,43,Low,Escalate for Additional Review,0,Customer 0124,Individual,United Kingdom,Low,0,6470.62,Reviewed 79 transactions over a 60-day lookback. Observed unusual volume indicators and 16 high-risk transactions. Customer KYC risk is low with case risk score 43.,Reviewed activity was reasonably explained or insufficiently suspicious for SAR filing.
CASE0232,CUST10213,High-Risk Wires,2026-02-11,60,34,23,43508.24,4,4,Activity Inconsistent with Profile,48,High,Close - No Suspicion,0,Customer 0214,Individual,United States,Moderate,0,16491.64,Reviewed 23 transactions over a 60-day lookback. Observed activity inconsistent with profile indicators and 4 high-risk transactions. Customer KYC risk is moderate with case risk score 48.,Reviewed activity was reasonably explained or insufficiently suspicious for SAR filing.
CASE0233,CUST10230,Business Activity Inconsistent with Profile,2026-05-23,90,42,39,32552.67,11,3,Structuring,64,Moderate,Close - No Suspicion,0,Customer 0231,Individual,United Kingdom,Low,1,3425.18,Reviewed 39 transactions over a 90-day lookback. Observed structuring indicators and 11 high-risk transactions. Customer KYC risk is low with case risk score 64.,Reviewed activity was reasonably explained or insufficiently suspicious for SAR filing.
CASE0234,CUST10781,Unusual Volume Increase,2026-04-30,180,43,11,22314.47,2,5,Rapid Movement,45,High,Close - No Suspicion,0,Customer 0782,Individual,United States,Moderate,0,27165.98,Reviewed 11 transactions over a 180-day lookback. Observed rapid movement indicators and 2 high-risk transactions. Customer KYC risk is moderate with case risk score 45.,Reviewed activity was reasonably explained or insufficiently suspicious for SAR filing.
CASE0235,CUST10726,Unusual Volume Increase,2026-05-12,90,36,99,35467.9,15,3,Unusual Volume,44,Low,Close - No Suspicion,0,Customer 0727,Individual,Turkey,Low,0,24054.2,Reviewed 99 transactions over a 90-day lookback. Observed unusual volume indicators and 15 high-risk transactions. Customer KYC risk is low with case risk score 44.,Reviewed activity was reasonably explained or insufficiently suspicious for SAR filing.
CASE0236,CUST10275,Business Activity Inconsistent with Profile,2026-02-22,180,33,15,82441.99,2,2,Rapid Movement,44,Low,SAR Filed,1,Customer 0276,Business,United States,Low,0,15050.19,Reviewed 15 transactions over a 180-day lookback. Observed rapid movement indicators and 2 high-risk transactions. Customer KYC risk is low with case risk score 44.,Activity showed multiple unexplained red flags inconsistent with expected customer behavior.
CASE0237,CUST10150,Structuring / Cash Activity,2026-02-27,90,29,66,341953.63,5,6,High-Risk Jurisdiction,69,Critical,Close - No Suspicion,0,Customer 0151,Business,China,Low,0,5768.93,Reviewed 66 transactions over a 90-day lookback. Observed high-risk jurisdiction indicators and 5 high-risk transactions. Customer KYC risk is low with case risk score 69.,Reviewed activity was reasonably explained or insufficiently suspicious for SAR filing.
CASE0238,CUST10247,Unusual Volume Increase,2026-05-22,30,35,15,25752.29,1,1,Funnel Activity,42,Low,SAR Filed,1,Customer 0248,Individual,United States,Low,0,5327.27,Reviewed 15 transactions over a 30-day lookback. Observed funnel activity indicators and 1 high-risk transactions. Customer KYC risk is low with case risk score 42.,Activity showed multiple unexplained red flags inconsistent with expected customer behavior.
CASE0239,CUST10260,High-Risk Wires,2026-02-17,30,45,40,112397.47,4,3,Activity Inconsistent with Profile,78,High,Escalate for Additional Review,0,Customer 0261,Business,Canada,High,0,46721.92,Reviewed 40 transactions over a 30-day lookback. Observed activity inconsistent with profile indicators and 4 high-risk transactions. Customer KYC risk is high with case risk score 78.,Reviewed activity was reasonably explained or insufficiently suspicious for SAR filing.
CASE0240,CUST10635,Unusual Volume Increase,2026-05-10,30,7,11,14208.95,2,2,Rapid Movement,61,Moderate,Close - No Suspicion,0,Customer 0636,Individual,Mexico,Low,0,5412.51,Reviewed 11 transactions over a 30-day lookback. Observed rapid movement indicators and 2 high-risk transactions. Customer KYC risk is low with case risk score 61.,Reviewed activity was reasonably explained or insufficiently suspicious for SAR filing.
